ATU Classification Type,AT Classification Type,Thompson Motif
,,
ATU 1 The theft of fish,AT 1 Fox steals fish by playing dead,K371.1. Trickster throws fish off the wagon.
,AT 1* Fox and rabbit steal a basket (now ATU 1),NA
ATU 2 Tail-Fisher,AT 2 How the Bear Lost His Tail,K1021 The tail fisher.
ATU 2A Torn-off Tails,AT 2A Caught by the Tail,K1021.1. Tail buried (hair tied)
ATU 2B Basket Tied to Wolf's Tail,AT 2B Trickster Drowns His Fishing Partner,K1021.2. Basket tied to wolf's tail and filled with stones.
ATU 3 Simulated Injury,AT 3 Sham Blood and Brains,K473. Sham blood and brains.
ATU 4 Sick Animal Carries Healthy One,AT 4 Getting a Ride by Pretending to be Injured,K1241. Trickster rides dupe horseback.
ATU 5 Biting the Tree Root,AT 5 Biting the Root,K543. Biting the foot.
ATU 6 Animal Captor Persuaded to Talk,AT 6 Open Your Mouth and Lose Your Meal,K561.1 Animal captor persuaded to talk and release victim from his mouth.
ATU 7 The three tree names,AT 7 Contest to Name Three Trees,N51 Wager: who can call three tree names first.
ATU 8 False Beauty Treatment,AT 8 Painting the Bear Red,"K1013.2 ""Painting"" on the haycock."
,AT 8A Curly Hair from Boiling Water (now ATU 8),K1013. False beauty-doctor.
ATU 9 The unjust partner,AT 9 The unjust partner,K1251.1 Holding up the roof.
,AT 9B Dividing the Harvest (now ATU 9),K171.2. Deceptive grain division: the corn and the chaff.
,AT 9C In cooking dinner the fox's porridge is light (now ATU 9),K471. The substituted porridge.
ATU 10*** The Fall Over the Edge,AT 10*** Over the edge,K891.5.1. Animals (giants) enticed over precipice.
ATU 15 Theft of Food by Playing Godfater,AT 15 Stealing the Partner's Butter,K372. Playing godfather.
ATU 20A Animals Caught In a Pit Eat One Another Up,AT 20 Eat the Smallest One First (now ATU 20A),K1024. Beginning with the smallest
,AT 20A The Animals in the Pit,K1024. Beginning with the smallest
ATU 20C The animals flee in fear of the end of the world,AT 20C The animals flee in fear of the end of the world,Z43.3. Nut hits cock in head: he thinks world is coming to an end.
ATU 21 Eating his own Entrails,AT 21 Eating his own Entrails,K1025. Eating his own entrails.
ATU 30 The Fox Tricks the Wolf into Falling into a Pit,AT 30 The Fox Leads the Wolf into a Pit,NA
ATU 31 Fox Climbs from the Pit on the Wolf's Back,AT 31 Escape from a Pit on Another's Back,K652. Fox climbs from pit on wolf's back.
ATU 32 The Wolf Descends into the Well in One Bucket and Rescues the Fox in the Other,"AT 32 One Bucket Down, One Bucket Up",K651. Wolf descends into well in one bucket and rescues fox in the other
ATU 33 The Fox Plays Dead and is Thrown out of the Pit and Escapes,AT 33 The Fox Plays Dead and Escapes from the Pit,K522. Escape by shamming death.
ATU 41 The Wolf Overeats in the Cellar,AT 33* Escape by Playing Dead (now ATU 41),K1022.1. Wolf overeats in the cellar (smokehouse).
ATU 41 The Wolf Overeats in the Cellar,AT 33** The Fox Plays Dead for a Boat Ride now ATU 41),K1022.1. Wolf overeats in the cellar (smokehouse).
"ATU 34 The Wolf Dives into the Water for
 Reflected Cheese",AT 34 Diving for the Moon,J1791.3. Diving for cheese.
ATU 34A Dog Drops His Meat for the Reflection,AT 34A The Meat in the Water,J1791.4. Dog drops his meat for the reflection.
ATU 36 The Fox Rapes the She-Bear,AT 36 The Hare Takes Advantage of Mrs. Fox,"K1384. Female overpowered when caught in tree
 cleft (hole in hedge)."
ATU 37 The fox as nursemaid for the Mother Bear,AT 37 The Nursemaid Eats the Children,K931. Sham nurse kills enemy's children.
ATU 37 The fox as nursemaid for the Mother Bear,AT 37* The Fox as Herdsman,K931. Sham nurse kills enemy's children.
ATU 38 Claw in Split Tree,AT 38 Claw in Split Tree,"K1111. Dupe puts hand (paws) into cleft of tree (wedge, vise)."
ATU 40A The Wolf and the Bell,AT 40 Bear Bells Itself by Eating a Belled Horse,K1114. Fox rings the bell.
ATU 41 The Wolf Overeats in the Cellar,AT 41 Overeating in the Pantry,K1022.1. Wolf overeats in the cellar (smokehouse).
ATU 41 The Wolf Overeats in the Cellar,AT 41* Overeating in a Hollow Tree (now ATU 41),K1022.1. Wolf overeats in the cellar (smokehouse).
"ATU 43 The Bear Builds a House of Wood; the Fox, of Ice",AT 43 A House of Wood and a House of Ice,J741.1. Bear builds house of wood; fox of ice.
ATU 44 The Oath on the Iron,AT 44 The Oath on a Trap,K1115. The oath on the iron.
ATU 47A The Fox Hangs Onto the Horse's Tail,AT 47A Catching a Horse by the Tail,K1022.2. Wolf tied to cow's horns.
ATU 47D Dog Wants to Imitate a Wolf,AT 47D The Dog Imitating a Wolf Wants to Slay a Horse,NA
ATU 47B Horse Kicks the Wolf in the Teeth,AT 47E The Message on the Horseshoe,"K566. Ass begs wolf to pull thorn out of foot before
 eating him: kicks wolf in mouth."
"ATU 48* Flatterer Rewarded, Honest One Punished",AT 48* Bear who went to the Monkey for the Gold Chain,J815.1. Liar rewarded by the apes.
ATU 49 The bear and the honey,"AT 49 The Fox, the Bear, and the Wasp's Nest",K1023. Getting honey from the wasp-nest.
ATU 50 Curing a Sick Lion,AT 50 Curing a Sick Lion,"K961. Flesh of certain animal alleged to be only cure
 for disease: animal to be killed."
ATU 50A Fox Sees all tracks going int Lion's Den but None Coming Out,AT 50A Tracks into the Lion's Den,"J644.1. Fox sees all tracks going into lion's den
 but none coming out."
ATU 50C Donkey Boasts of Having Kicked the Sick Lion,AT 50C Kicking the Dying Lion,W121.2.1. Ass insults dying lion.
ATU 51 The Lion's share,AT 51 The Lion's share,J811.1. The lion's share.
ATU 52 The Donkey without a Heart,AT 52 Brainless Ass,K402.3. The ass without a heart.
ATU 53 The Fox at Court,AT 53 Reynard the Fox at Court,"J864.2. Fox about to be hanged asks to be
 allowed to see geese."
ATU 55 The Animals Build a Road (Dig Well),AT 55 Keeping the Lazy Animal from the Well,"A2233.1. Animals refuse to help dig well
 (make road) and are punished."
ATU 56 The Fox Through Sleight Steals the Young Magpies,AT 56 The Jackal Steals a Baby Bird,"K1788. Fox threatens to catch bird, who feeds him her young as appeasement."
ATU 56A Fox Threatens to Cut Down Tree and Get Young Birds,AT 56A Fox Threatens to Cut Down Bird's Tree,"K1788. Fox threatens to catch bird, who feeds him her young as appeasement."
ATU 56B Fox as Schoolmaster,AT 56C Jackal as Schoolmaster (now ATU 56B),K1822.2. †K1822.2. Fox disguised as scholar
ATU 57 Raven with Cheese in his Mouth,AT 57 Singing Crow Loses Her Cheese,K334.1. The raven with cheese in his mouth.
ATU 59 Fox and the Sour Grapes,AT 59 The Fox and the Grapes,J871. The fox and the sour grapes.
ATU 60 The Fox and the Crane Invite Each Other,AT 60 The Fox and the Stork Exchange Invitations,J1565.1. Fox and crane invite each other.
ATU 61 The Fox Persuades the Cock to Crow with Closed Eyes,AT 61 The Cock that Closed an Eye on the Fox,K721. Cock persuaded to crow with closed eyes
ATU 20D* Pilgrimage of the Animals,AT 61A The Fox as Confessor,"K2027. Fox confesses to cock, then eats him"
"ATU 61B Cat, Rooster, and Fox","AT 61B The Cat, the Cock, and the Fox Live Together",K815.15. Cat lures young foxes from den with music.
"ATU 62 Peace Among the Animals
 – The Fox and the Rooster",AT 62 Universal Peace,J1421. Peace among the animals
ATU 63 The Fox Rids Himself of Fleas,AT 63 Fox with Fleas,K921. Fox rids himself of fleas.
ATU 2A Torn-off Tails,AT 64 Fox without a Tail (now ATU 2A),K1021.1. Tail buried (hair tied)
ATU 65 The She-Fox's Suitors,AT 65 Mrs. Fox's Suitors,N681.Husband (lover) arrives home just as wife (mistress) is to marry another.
"ATU 66A ""Hello House!""","AT 66A ""Hello House!""","K607.1. The cave call. (""Hello, house!"")"
ATU 66B Sham Dead (hidden) Animal Betrays Self,AT 66B Dead Trickster Shows Signs of Life,K607.3. Sham-dead man deceived into making gesture.
ATU 67 Fox in the Swollen River,AT 67 Drowning Fox Pretends to be swimming,J873. Fox in swollen river claims to be swimming to distant town.
ATU 67** The Fox Caught by Butcher,"AT 67** The Fox, the Man, and the Fire",K634.1. Escape by throwing captor's clothes on the fire.
ATU 68 The Jackal Trapped in the Animal Hide,AT 68 Eating an Animal from the Inside,"K1022.1.1. Jackal eating into elephant's dead body
 becomes a prisoner when it dries up"
,,K565.2. Jackal entrapped in elephant's carcass tells passing God to show his magic power by making it rain.
ATU 68A The Jug as Trap,AT 68A Trapped in a Jug,J2131.5.7. Fox trying to drown jug.
ATU 68* Fox Jeers at the Fox Trap,AT 68* Fox Jeers at the Trap,J655.2. Fox jeers at fox-trap
ATU 70 More Cowardly Than the Hare,AT 70 More Cowardly Than the Hare,J881.1. More timid than the hare.
ATU 71 Contest of Frost and the Hare,AT 71 Contest of Frost and the Hare,H1541.1. Contest in enduring cold: frost and the hare
ATU 72 The Rabbit Rides Fox A-Courting,AT 72 The Rabbit Rides Fox A-Courting,K1241. Trickster rides dupe horseback
ATU 72* Hare Emancipates Her Children,AT 72* The Hare Instructs His Sones,J61. Hare instructs his sons to use their eyes to advantage.
ATU 73 Blinding the Guard,AT 73 Blinding the Guard,K621. Escape by blinding the guard.
ATU 75 The Help of the Weak,AT 75 Mouse Rescues the Lion,B371.1. Lion spared mouse: mouse grateful.
ATU 76 The Wolf and the Crane,AT 76 The Wolf and the Crane,W154.3. Crane pulls bone from wolf's throat: wolf refuses payment.
ATU 77 The Stag Admires Himself in a Spring,AT 77 Stag is Captured by His Antlers,L461. Stag scorns his legs but is proud of his horns
ATU 78 Animal Tied to Another for Safety,AT 78 Tied Together In Life and Death,K713.1.2. Animal allows himself to be tied to another for safety.
ATU 78A Tied Up Becase of a Storm,AT 78A Tied Up Against a Storm,"K713.1.1. Animal allows himself to be tied so as
 to avoid being carried off by storm."
"ATU 85 The Mouse, the Bird, and the Sausage","AT 85 Mouse, Bird, and the Sausage","J512.7. Mouse, bird, and sausage keep house together"
ATU 91 The Heart of a Monkey as Medicine,AT 91 Monkey's Heart,K544. Escape by alleged possession of external soul.
ATU 92 The Lion Dives for His Own Reflection,AT 92 Lion in the Water,"K1715.1. Weak animal shows strong his own
 reflection and frightens him."
ATU 93 The Master Taken Seriously,AT 93 When a Threat is to be taken Seriously,J1031. Grain will be cut when farmer attends to it himself.
ATU 100 The Wolf is Caught Because of His Singing,"AT 100 Wolf, Guest of the Dog, Sings",J581.1. Wolf as dog's guest sings.
ATU 101 The Old Dog as Rescuer the Child (Sheep),AT 101 Old Dog Rescues the Child,K231.1.3. The dog refuses to help the wolf.
ATU 102 The Dog as Wolf's Shoemaker,AT 102 Fox Makes Clothes for the Wolf,K254.1. Dog as wolf's shoemaker eats up the materials
ATU 103 War between Wild Animals and Domestic Animals,ATU 103 War between Wild Animals and Domestic Animals,B262. War between domestic and wild animals.
ATU 103A Cat as She-Fox's Husband,AT 103A The Cat and the Fox Get Married,B281.9.1. The cas vixen's husband.
ATU 103A* Cat Claims to be King and Receives Food from Other Animals,AT 103A* Cat as the King of Beasts,NA
ATU 103 War between Wild Animals and Domestic Animals,AT 104 War Between the Village Animals and the Forest Animals (now ATU 103),B262. War between domestic and wild animals.
ATU 105 Cat's Only Trick,AT 105 Cat's Only Trick,J1662. The cat's only trick.
ATU 105* Hedgehogs Only trick,AT 105* Hedgehogs Only trick,K522. Escape by shamming death.
ATU 106 Animal's Conversation,AT 106 Talking Like an Animal,NA
ATU 110 Belling the Cat,AT 110 Belling the Cat,J671.1. Belling the cat.
ATU 111 The Cat and the Mouse Converse,AT 111 Cat and Mouse Converse,K561.1.1. Cfails to be beguiled into releasing mouse.
ATU 111A Wolf Unjustly Accuses Lamb and Eats Him,AT 111A Wolf and the Lamb,U31. Wolf unjustly accuses lamb and eats him.
ATU 111A* Drunkard's Promise,AT 111A* Drunkard's Promise,NA
ATU 112 Country Mouse Visits the Town Mouse,AT 112 Town Mouse and the Country Mouse,J211.2. Town mouse and country mouse.
ATU 113A Pan is Dead,AT 113A King O' the Cats,"B342. Cleaves house when report is made
 of death of one of his companions."
ATU 113B Cat as Sham Holy Man,AT 113B Cat as a Holy Man,K815.13. Cmakes truce with mice.
ATU 119B* Horse's Defense Against Wolves,"AT 119B* United We Stand, Divided We Fall",J1022. Fight of lions and bulls.
ATU 120 The First to See the Sunrise,AT 120 Wager to See the Sunrise First,K52. Contest in seeing sunrise first.
ATU 121 Wolves Climb on Top of One Another,AT 121 Ladder of Wolves,J2133.6. Wolves climb on top of one another to tree: lowest runs away and all fall.
ATU 122 Animal Loses His Prey Because his Victim Can Escape by False Plea,AT 122 Trickster Escapes,K550. Escape by false plea.
ATU 122A Wolf Seeks Breakfast,AT 122A Don't Eat an Unbaptized Pig!,K551.8. Wolf kept door until children have been christened
ATU 122B Rat Persuades Cat to Wash Face Before Eating,AT 122B Rat Persuades Cat to Wash Face Before Eating,K562. Rat persuades cat to wash face before eating: escapes.
ATU 122C Sheep Persuades the Wolf to Sing,"AT 122C Music Before Dinner, But No Dinner",K561.2. Sheep persuade the wolf to sing
ATU 122D Caught Animal Promises Captor Better Prey,AT122D I'll Bring You Better Game,"K553.1. ""Let me catch you better game."
ATU 123E Wait for the Fat Goat,AT 122E Wait for the Bigger Goat,K553.2. Wait for the fatter goat.
"ATU 122F ""Wait till I am Fat Enough""",AT 122F Eat Me When I'm Fatter,"K553. ""Wait till I get fat."""
"ATU 122G ""Wash Me"" (Soak Me) before Eating",AT 122G Soaking Off the Turtle's Shell,"K553.5. ""Soak me in the pond so thI will be juicy."
ATU 123 Wolf and the Kids,AT 123 Wolf and the Kids,K1832. Disguise by changing voice.
,,F913. Victims rescued from swallower's belly
,,Q426. Wolf cut open and filled with stones as punishment.
ATU 123B Wolf in Sheep's Clothing Gains Admission to the Fold,AT 123B Wolf in Sheep's Clothing,K828.1.Fox in sheepskin gains admission to fold and kills sheep.
ATU 124 Blowing the House In,"AT 124 Blowing the House In
(3 Pigs)",Z81. Blowing the house in.
ATU 125 The Wolf Flees from the Wolf-head,AT 125 Frightening Wolves with a Wolf's Head,K1715.3. The wolf flees from the wolf-head.
ATU 126 Sheep Chases the Wolf,AT 126 Goat Frightens a Lion,K1715. Weak animal (man) makes large one (ogre) believe that he has eaten many of the large one's companions.
ATU 130 Animals in New Quarters (Bremen Town Musicians),AT 130 Outcast Animals Find a New Home,B296. Animals go a-journeying.
,,K335. Thief frightens owner from goods.
,,K1161. Animals hidden in various parts of a house attack owner with their characteristic powers and kill him when he enters.
ATU 130A Animals Build Themselves a House,AT 130A Outcast Animals Build a New Home,NA
ATU 131 Tiger as False Friend to the Cow,AT 131 Tiger as False Friend to the Cow,J427. Association of cow and tiger: tiger eats cow as soon as she is hungry.
ATU 132 Goat Admires his Horns in the Water,AT 132 Goat Admires his Horns in the Water,K1775. Bluff: insult repeated as harmless remark.
ATU 136 Wolf Surprises Pig in Apple Tree,AT 136 Wolf Surprises Pig in Apple Tree,"K1043. Dupe induced to eat sharp (stinging, bitter) fruit."
ATU 137 The Filthy Hog and the Clean Fish,137 The Filthy Hog and the Clean Fish,NA
ATU 150 The Bird's Three Precepts,AT 150 Captured Bird Buys Freedom with Advice,K604. The three teachings of the bird (fox).
,,"J21.14. ""Never try to reach the unattainable"""
,,"J21.13. ""Never believe what is beyond belief"""
,,"J21.12. ""Rue not a thing that is past"""
ATU 151 Man Teaches Wild Animal to Play Fiddle,AT 151 Music Lessons for Wild Animals,K1111.0.1. Dupe wishing to learn to play fiddle has finger caught in cleft of tree.
ATU 152 Plowman and the Animals,AT 152 Man Paints the Bear,"K1013.3. ""Painting"" with a red hot iron."
ATU 153 The Gelding of the Bear and the Fetching of Salve,AT 153 The Gelding of the Bear and the Fetching of Salve,K1012.1. Making the dupe strong -- by castration.
ATU 154 Fox and His Members,AT 154 Sackful of Dogs,"J2351.1. Fox holds conversation with his members, attracts attention, and is caught."
ATU 155 Ungrateful Snake Returned to Captivity,AT 155 Tiger is Tricked Back into Captivity,J1172.3. Ungrateful animal returned to captivity.
ATU 156 Androcles and the Lion,AT 156 Androcles and the Lion,B381. Thorn removed from lion's paw (Androcles and the Lion)
ATU 156A Faith of the Lion,AT 156A Faithful Lion,B301.8. Faithful lion follows man who saved him.
ATU 157 Animals Learn to Fear Men,AT 157 Learning to Fear Man,J17. Animal learns through experience to fear men.
ATU 157A Lion Searches for Man,AT 157A Lion in Search of the Man,J22.1. Precept of the lion to his sons: beware of man.
ATU 159A Animals Warm Selves at Charcoal Burner's Fire,AT 159A Animals and the Charcoal Burner,NA
ATU 159B Enmity of Lion and Man,AT 159B Why the Lion Hates the Man,W185.6. Insult worse than wound.
ATU 160 Grateful Animals ; Ungrateful M1an,AT 160 Grateful Animals and Ungrateful Man Are Rescued from Pit,W154.8. Grateful animals; ungrateful man
ATU 161 Farmer Betrays Fox by Pointing,AT 161 Betrayed by the Pointing Finger,K2315. Peasant betrays fox by pointing.
ATU 161A* Bear with the Wooden Leg,AT 161A* Bear with the Wooden Paw,NA
ATU 162 Master Looks More Closely Than the Farmhand,AT 162 Master Sees the Hidden Stag,J1032. Stag found by master when overlooked by servants.
ATU 163 The Singing Wolf,AT 163 Singing Wolf,Z33.4.2. The singing wolf.
ATU 170 The fox eats his fellow-lodger,AT 170 Fox eats Fellow-lodger,K443.7. Fox eats his fellow-lodger: accuses another and demands damages.
,AT 171 Three Bears (proposed by Ashlimann),NA
ATU 173 Human and Animal Life Spans are Readjusted,"AT 173 Men, Animals and the Span of Life",A1321. Men and animals readjust span of life
ATU 175 The Tarbaby and the Rabbit,AT 175 Tarbaby and the Rabbit,K741. Capture by tarbaby.
ATU 178 The Faithful Animal Rashly Killed,AT 178 Killing the Animal That Has Saved Your Life,NA
ATU 178A Innocent Dog,AT 178A Llewellyn and His Dog Gellert,B331.2. Llewellyn and his dog.
ATU 179 What the bear whispered in his ear,AT 179 What the Bear Whispered,J1488. What the bear whispered in his ear.
ATU 200 The Dogs Certificate,AT 200 Why Dogs Dislike Cats,A2281.1. Cat loses dog's certificate: enmity between cats and dogs.
ATU 200A Dog Loses a Certificate,AT 200A Dog with the Letter Under His Tail,A2275.5.5. Dog loses his patent right; seeks it: why dogs look at one another under the tail.
ATU 200B Why Dogs Sniff One Another,AT 200B Dog with Pepper Under his Tail,A2232.8. Dog's embassy to Zeus chased forth; dogs seek ambassador: why dogs sniff each other under leg.
ATU 200C* Enmity between Hare and Dog,AT 200C* Why Dogs Chase Hares.,A2494.4.4. Enmity between dog and rabbit.
ATU 201 The Lean Dog Prefers Liberty to Abundant Food and a Chain,AT 201 Dog and the Wolf,L451.3. Wolf prefers liberty and hunger to dog's servitude and plenty.
ATU 202 Two Stubborn Goats,AT 202 Two Stubborn Goats,W167.1. Two stubborn goats meet each other on a bridge.
ATU 204 Animals in Peril at Sea,"204 Sheep, duck and cock in peril at sea",J1711.1. Animals helpless in sea-voyage together
ATU 206 Straw Threshed a second Time,206 Straw Threshed a second Time,J2362. Talkative animals incense master.
ATU 207 Rebellion of the Work Animals,207 Rebellion of the Work Animals,K1633. Cock's advice proves disastrous to himself
ATU 207 Donkey Induces Overworked Ox to Feign Sickness,AT 207A Ass Persuades the Ox to Play Sick,NA
ATU 207B Hard-hearted Horse and Donkey,AT 207B Hard-Hearted Horse and the Ass,J2413.1. Ass tries to caress his master like the dog
ATU 207C Animals Ring Bell and Demand Justice,AT 207C Bell of Justice,B271.3. Animals ring bell and demand justice.
"ATU 210 Rooster, Hen, Duck, Pin, and Needle on a Journey",AT 210 Traveling Animals and the Wicked Man,K1161. Animals hidden in various parts of a house attack owner with their characteristic powers and kill him when he enters.
ATU 211 Two Donkeys and their Loads,AT 211 Ass with His Load of Salt and Sponges,J1612. The lazy ass repaid in kind.
ATU 212 The Lying Goat,AT 212 Goat that Lied,K1151. The lying goat.
ATU 214 Donkey Tries to Caress his Master,AT 214 Ass that Behaved Like a Lap Dog,J2413.1. Ass tries to caress his master like the dog
ATU 214A Singing Donkey and Dancing Camel,AT 214A Singing Ass and Dancing Camel,J2133.1. Camel with ass on his back dances.
ATU 214B Donkey in the Lion's Skin,AT 214B Ass in a Lion's Skin,J951.1. Ass in lion's skin unmasked when he raises his voice.
ATU 221 The Election of King of Brids,AT 221 Wren Becomes King of the Birds,B236.1. Election of king of birds.
ATU 222 War between Birds (Insects) and Quadrupeds,AT 222 War Between Birds and Beasts,B261. War of birds and quadrupeds.
ATU 222A Bat in the War Between Birds and Quadrupeds,AT 222A Bat in the War Between Birds and Beasts,B261.1. Bat in war of birds and quadrupeds
ATU 225 Crane Teaches the Fox to Fly,AT 225 Ground Animal Learns to Fly,K1041. Borrowed feathers.
ATU 225A Tortoise Lets Itself be Carried by Birds,AT 225A Tortoise Flies to a New Home,J2357. Tortoise speaks and loses his hold on the stick.
ATU 227 Geese ask for Respite for Prayer,AT 227 Geese's Eternal Prayer,K551.1. Respite from death granted until prayer is finished.
ATU 228 A Little Bird Tries to be Bigger,AT 228 Cricket in the Elephants Ear,L315.1. Bird flies into large animal's ear and kills him.
ATU 231 The Heron and the Fish,"AT 231 The Crane, The Fish, and The Crab",J657.3. Crane persuades fish to let him change him from one lake into another: he eats fish
ATU 232D* Crow Drops Pebbles into a Water Jug,AT 232D* Crow and the Pitcher,J101. Crow drops pebbles into water jug so as to be able to drink.
ATU 233B Birds Fly Off with the Net,AT 233 Birds in a Net,K581.4.1. Birds caught in net fly away with it.
ATU 233C The Swallow and the Hemp-Seeds,AT 233C Birds and the Hemp Seeds,J621.1. The swallow and the hemp-seeds.
ATU 234 The Nightingale and the Blindworm,AT 234 Nightengale Borrows the Blindworm's Eye,A2241.5. Nightingale borrows blindworm's eye
ATU 234A* Birds Brew Beer,AT 234A* Bird Brews Beer,
ATU 235 The Jay Borrows the Cuckoo's Skin,AT 235 Bird's Beauty Contest,A2241. Animal characteristics: borrowing and not returning.
ATU 236 Magpie Teaches the Dove to Build a Nest,AT 236 Magpie Teaches Nest Building,A2271.1. Thrush teaches dove to build nest.
ATU 236* Misc Tales with Imitation of Bird Sounds,AT 236* Imitating Bird Sounds,A1952. Creation of hoopoe.
ATU 237 The Talking Parrot,AT 237 Parrot is Punished for Telling the Truth,J2211.2. Why the sow was muddy.
ATU 242 The Crow's Oath,AT 242 Crow Captures Frog with Kind Word,K815. Victim lured by kind words approaches trickster and is killed.
ATU 244 Raven in Borrowed Feathers,AT 244 Borrowed Feathers,J951.2. Jay in peacock's (pigeon's) skin unmasked.
ATU 244A* Crane and the Heron,AT 244A* Crane and Heron Woo Each Other,
ATU 244C* Raven Drowns His Young Who Promise to Aid Him When He Becomes Old,AT 244C* Raven Kills Young Who Promise Too Much,J267.1. Raven drowns his young who promise to aid him when he becomes old.
ATU 247 Each Mother Likes Her Own Children Best,AT 247 Each Bird's Child is the Prettiest,T681. Each likes his own children best.
ATU 248 The Dog and the Sparrow,"AT 248 Man, Dog, and Bird",N261. Train of troubles from sparrow's vengeance.
ATU 250A Flounder's Crooked Mouth,AT 250A Flounder's Crooked Mouth,A2231.1.2. Discourteous answer: flounder's crooked mouth.
ATU 253 The Fish in the Net,AT 253 Little Fish Escapes Through the Net,L331. Little fishes escape from the net.
ATU 275 The Race between Two Animals,AT 275 Race Between the Fox and Lobster,K11. Race won by deception.
ATU 275A Race Between Tortoise and Hare,AT 275A Race Between Tortoise and Hare,K11.3. Hare and tortoise race: sleeping hare
ATU 275C Race Between Hare and Hedgehog,AT 275A* Race Between Hedgehog and Hare (ATU 275C),K11.1. Race won by deception: relative helpers.
ATU 276 Crab Walks Backwards: Learned from his Parents,AT 276 Crab that Walked Sideways,J1063.1. Mother crab blames her children for not walking straight.
ATU 277 King of the Frogs,AT 277 Frogs and Their Two Kings,J643.1. Frogs demand a live king.
ATU 277A Frog Tries in Vain to be as Big as an Ox,AT 277A Frog that wanted to be as large as an ox,J955.1. Frog tries in vain to be as big as ox
ATU 278 Frog and Mouse Tied Together,AT 278 Rat and Frog Tie Hands Together to Cross Marsh,J681.1. Rat and frog tie paws together to cross marsh
ATU 278A Frog Persists in Living in Puddle on Road,278A Frog Persists Living in a Puddle on Road,J652.1. Frog persists in living in puddle on road.
ATU 278A* Frogs Decide Not to Jump in Well,AT 278A* Frogs Decide Not to Jump in Well,J752.1. Frogs decide not to jump into the well.
ATU 279* Snake Trying to Surround Crab Refuses to Straighten Himself,AT 279* Snake Embraces Crab,J1053. Snake disregards warnings to improve his manners: eaten by crab.
ATU 280 The Ant Carries a Load as Large as Himself,AT 280 The Ant Carries a Load as Large as Himself,A2251.1. Ant carries load as heavy as himself.
ATU 280A Ant and the Cricket,AT 280A Ant and the Grasshopper,J711.1. Ant and lazy cricket (grasshopper).
ATU 283 Spider and the Fly,AT 283 Spider Invites Fly to Rest on her Curtain,"K815.2. Spider invites wasp (fly) to rest on her ""white curtain"""
ATU 285 The child and the snake,AT 285 Child and the Snake,B391.1. Child feeds snake from its milk-bottle.
ATU 285B* Snake Stays in the Man's Stomach,AT 285B* Woman who Swallowed a Snake,B784.2.1.1. Snake (frog) in human body enticed out by milk (water).
ATU 285A Man and the Wounded Snake,AT 285D Man and Snake Become Enemies (now 285A),J15. Serpent (bird) having injured man refuses reconciliation.
ATU 285E Snake Tries to Bite on a File,AT 285E Snake Tries to Bite on a File,J552.3. Serpent (weasel) tries to bite a file.
"ATU 289 Bat, Diver, and Thornbush Shipwrecked","AT 289 Bat, Bramble, and Coot are Shipwrecked","A2275.5.3. Bat, diver, and thornbush shipwrecked."
ATU 291 Deceptive Tug-of-war,AT 291 Deceptive Tug-of-War,K22. Deceptive tug-of-war.
ATU 292 Ass Tries to Get a Cricket's Voice,AT 292 Locusts Teach Ass to Sing,J512.8. Ass tries to get a cricket's voice.
ATU 293 Debate of the Belly and the Members,AT 293 Body Parts Debate,J461.1. The belly and the members.
ATU 294 The Months and the Seasons,AT 294 Months and Seasons,NA
"ATU 295 The Bean (Mouse), the Straw and the Coal","AT 295 Straw, Coal, and Bean","F1025.1. Bean, straw, and coal go journeying."
ATU 296 Clay Pot and Brass Pot in River,AT 296 Clay Pot and Brass Pot in River,J425.1. Earthen and brazen pots in river.
ATU 298 Contest of Wind and Sun,AT 298 Contest Between Wind and Sun,L351. Contest of wind and sun.
ATU 298C* Reeds Bend before Wind (Flood),"AT 298C* Reed bends, bur Tree Uprooted by Wind",J832. Reeds bend before wind (flood).
ATU 299 Mountain Gives Birth to a Mouse,AT 299 Mountain Gives Birth to a Mouse,U114. Mountain in labor brings forth a mouse.
ATU 300 The Dragon-Slayer,AT 300 The Dragon-Slayer,B312.2.2. Helpful animals obtained by exchange.
,,B11.2.3.1.2.3.1. Seven-headed dragon.
,,B11.10.10. Sacrifice of human being to dragon.
,,T68.1.1. Princess offered as prize to rescuer.
,,D1975. Dragon-fighter's magic sleep.
,,D1978.2.2. Waking from magic sleep by letting tear fall on sleeper.
,,B11.11.11. Fight with dragon.
,,H105.1.1. Dragon-tongue proof.
,,K1932. Impostors claim reward (prize) earned by hero
,,H151.2.2. Attention drawn by helpful animal's theft of food from wedding table; recognition follows.
,,H83. Rescue tokens.
ATU 301 Three Stolen Princesses,AT 301 Rescuing Three Underground Princesses,H1385.1.1. Quest for stolen princess.
,,F102.1.1. Hero shoots monster (or animal) and follows it into lower world.
,,B631. Human offspring from marriage to animal.
,,F601. Extraordinary companions.
,,F451.5.2.5.2. Malevolent dwarf.
,,F92. Pit entrance to lower world.
,,F96. Rope to lower world.
,,R111.2.1.2.1. Princess(es) rescued from lower world.
,,K1931.2.2. Impostors abandon hero in lower world.
,,K1933. Impostor forces oath of secrecy.
,,B322.1.1. Hero feeds own flesh to helpful animal.
,,H80. Identification by tokens.
,,Q262. Impostor punished.
,,L161. Lowly hero marries princess.
ATU 301 Three Stolen Princesses,AT 301A Quest for Vanished Princesses (now ATU 301),R111.2.1.2.1. Princess(es) rescued from lower world.
ATU 301 Three Stolen Princesses,AT 301B Strong Man and his Companion Rescue Princesses (now ATU 301),R111.2.1.2.1. Princess(es) rescued from lower world.
ATU 301D* Princess's Ring,AT 301D* Dragons Ravish Princesses,T68.1.1. Princess offered as prize to rescuer.
,,B11.11.11. Fight with dragon.
,,H94. Identification by ring.
ATU 302 Ogre's (Devil's) Heart in the Egg,AT 302 The Giant Whose Heart Was In an Egg,E710. External soul.
,,B393. Animals grateful for shelter.
,,B500. Magic power from animals.
,,D1834. Magic strength from helpful animal.
,,R11.1.1. Princess (maiden) abducted by monster (ogre).
,,D152.2.2. Transformation: man to eagle.
,,D182.2.2. Transformation: man to ant.
,,K975.2.2. Secret of external soul learned by deception.
,,B571.1.1. Animals help man overcome monster with external soul.
ATU 302B Life Dependent on a Sword,AT 302B Hero Whose Life in His Sword,E711.10.10. Soul in sword.
,,T11.2.2. Love through sight of picture.
ATU 303 The Twins or Blood-Brothers,AT 303 The Blood Brothers,T511.5.1.5.1. Conception from eating fish.
,,T589.7.1.7.1. Simultaneous birth of (domestic) animal and child.
,,E761. Life token.
,,R111.1.3.1.3. Rescue of princess (maiden) from dragon.
,,D231. Transformation: man to stone.
,,K1311.1.1. Husband's twin brother mistaken by woman for her husband.
,,T351. Sword of chastity
,,N342.3.3. Jealous and overhasty man kills his rescuing twin brother. *
,,B512. Medicine shown by animal.
ATU 303A Brothers Seek Sisters as Wives,AT 303A Seven Brides for Seven Brothers,T69.1.1. 100 brothers seek 100 sisters as wives.
,,D231. Transformation: man to stone
,,E715.1.1. Separable soul in bird.
,,R155.1.1. Youngest brother rescues his elder brothers.
ATU 304 Dangerous Night-Watch,AT 304 The Huntsman,F661.1.1. Skillful marksman shoots meat from giant's hands.
,,K912. Robbers' (giants') heads cut off one by one as they enter house.
,,N711.2.2. Hero finds maiden in (magic) castle.
,,H81.1.1.1.1. Hero takes token from sleeping princess.
,,H81. Clandestine lover recognized by tokens.
ATU 305 Dragon's Heart-Blood as Remedy,AT 305 Dragon's Heart-Blood as Remedy,D1500.1.7.3.3.1.7.3.3. Dragon's heart-blood as remedy.
ATU 306 The Danced-out Shoes,AT 306 Shoes That Were Danced to Pieces,H508.2.2. Bride offered to man who can find answer to question.
,,D1980. Magic invisibility.
,,K625.1.1. Escape of girl foiled by hero's refusal to take narcotic.
,,D2131. Magic underground journey.
,,F1015.1.1.1.1. The danced-out shoes
,,H80. Identification by tokens.
,,L161. Lowly hero marries princess.
ATU 307 The Princess in the Coffin,AT 307 The Vampire Princess,C758.1.1. Monster born because of hasty (inconsiderate) wish of parents.
,,E251. Vampire.
,,N825.2.2. Old man helper.
,,D791.1.7.1.7. Disenchantment at cock crow.
ATU 310 Maiden in the Tower,AT 310 Rapunzel,G279.2.2. Theft from witch.
,,S221.1.1. Bankrupt father sells his daughters in marriage to animals.
,,G204. Girl in service of witch.
,,R41.2.2. Captivity in tower.
,,F848.1.1. Girl's long hair as ladder into tower.
,,F555. Remarkable hair.
,,N455. Overheard (human) conversation.
,,D642.7.7. Transformation to elude pursuers.
ATU 311 Rescue by the Sister,AT 311 Heroine Rescues Herself and her Sisters,R11.1.1. Princess (maiden) abducted by monster (ogre).
,,C611. Forbidden chamber
,,C913. Bloody key as sign of disobedience
,,R157.1.1. Youngest sister rescues elder.
,,G561. Ogre tricked into carrying his prisoners home in bag on his own back.
,,K525. Escape by use of substituted object.
ATU 312 Maiden-Killer,AT 312 Bluebeard,C611. Forbidden chamber.
,,C920. Death for breaking tabu.
,,K555. Executioner kept busy or interested until rescue comes.
,,G551.1.1. Rescue of sister from ogre by brother.
ATU 312D Rescue by the Brother,AT 312D Hero Rescues His Brother and Sister,T511.3.3. Conception from eating vegetable.
,,F611.1.1. Strong man's birth
ATU 313 The Magic Flight,AT 313 Girl Helps the Hero Flee,H335.0.1.0.1. Bride helps suitor perform his tasks.
,,D1611. Magic object answers for fugitive.
,,D671. Transformation flight.
,,D672. Obstacle flight.
,,D2003. Forgotten fiancée.
,,D2006.1.1. Forgotten fiancée reawakens husband's memory.
,,D2006.1.4.1.4. Forgotten fiancée buys place in husband's bed and reawakens his memory.
ATU 314 Goldener,AT 314 The Golden-Haired Boy and His Magic Horse,B316. Abused and pampered horses.
,,C912. Hair turns to gold as punishment in forbidden chamber.
,,K1816.1.1. Gardener disguise
,,"C495.1.1. All questions to be answered, ""I don't know"""
,,H75.4.4. Recognition by golden hair.
,,T91.6.4.6.4. Princess falls in love with lowly boy
,,T55.1.1. Princess declares her love for lowly hero.
,,L113.1.0.1.1.0.1. Heroine endures hardships with menial husband.
,,H56. Recognition by wound.
ATU 315 The Faithless Sister,AT 315 The Treacherous Sister,F615. Strong man evades death.
,,K2212.0.2.0.2. Treacherous sister as mistress of robber (giant) plots against brother.
,,R111.1.1. Princess (maiden) rescued from captor.
,,L161. Lowly hero marries princess.
ATU 315A The Cannibal Sister,AT 315A Cannibal Sister,G346. Devastating monster.
,,"R251. Flight on a tree, which ogre tries to cut down."
,,B524.1.1.1.1. Dogs kill attacking cannibal (dragon).
ATU 316 The Nix of the Mill-Pond,AT 316 The Nixie in the Pond,"F420.1.2.1.2. Water-spirit as woman (water-nymph, water-nix)."
,,S240. Children unwittingly promised (sold)
,,F420.5.2.2.5.2.2. Water-spirits kidnap mortals and keep them under water.
,,R152. Wife rescues husband.
ATU 317 The Tree That Grows uo tp the Sky,AT 317 The Princess and the Sky-tree,F54.1.1. Tree stretches to sky.
,,B11.11.11. Fight with dragon.
ATU 318 The Faithless Wife,AT 318 The Faithless Wife,K2111. Potiphar's wife.
ATU 321 Eyes Recovered from Witch,AT 321 Won Back the Eyes from the Witch,D2161.3.1.1.3.1.1. Eyes torn out magically replaced.
ATU 325 The Magician and his Pupil,AT 325 The Magician and his Pupil,D1711.0.1.0.1. Magician's apprentice
,,H161. Recognition of transformed person among identical companions.
,,L142.2.2. Pupil surpasses magician.
ATU 325* Sorcerer's Apprentice,AT 325* Sorcerer's Apprentice and the Demon,D1711.0.1.0.1. Magician's apprentice
ATU 326 The Youth Who Wanted to Learn What Fear Is,AT 326 The Youth Who Set Out to Learn Fear,H1376.2.2. Quest: learning what fear is.
,,H1441. Fearless hero frightened by being awakened with cold water.
ATU 326A* Soul Released from Torment,AT 326A* Releasing a Soul from Torment,H1411. Fear test: staying in haunted house.
ATU 326B* The Youth and the Corpse,AT 326B* Robbers Frightened by a Corpse,K335.1.10.1.10. Robbers frightened by pretended cannibalism.
ATU 327 The Children and the Ogre,AT 327 The Children and the Ogre,
ATU 327A Hansel and Gretel,AT 327A Hansel and Gretel,S321. Destitute parents abandon children
,,"R135. Abandoned children (wife, etc.) find way back by clue (bread-crumb, grain, pebble, etc.)."
,,R135.1.1. Crumb (grain) trail eaten by birds.
,,G412.1.1. Ogre's gingerbread house lures child.
,,G82. Cannibal fattens victim.
,,G82.1.1.1.1. Captive sticks out bone instead of finger when cannibal tries to test his fatness.
,,G512.3.2.3.2. Ogre burned in his own oven.
ATU 327B The Brothers and the Ogre,AT 327B Small Boy Defeats the Ogre,K1611. Substituted caps cause ogre to kill his own children.
ATU 327C The Devil (Witch) Carries the Hero Home in a Sack,AT 327C Witch Carries the Boy Home in a Sack,G526. Ogre deceived by feigned ignorance of hero
,,G61. Relative's flesh eaten unwittingly.
ATU 327F Witch and the Fisher Boy,AT 327F Witch and the Fisher Boy,K1832. Disguise by changing voice.
,,G512.3.2.1.3.2.1. Ogre's wife (daughter) burned in his own oven.
ATU 327G Brothers at the Witch's House,AT 327G Boy Kills the Ogre's Daughter,G512.3.2.1.3.2.1. Ogre's wife (daughter) burned in his own oven.
,,K335.1.2.1.1.2.1. Corpse thrown among robbers frightens them from treasure.
ATU 328 Boy Steals the Ogre's Treasure,AT 328 Boy Steals the Ogre's Treasures,H1151. Theft as a task
,,H1172. Task: bringing an ogre to court.
,,H1172. Task: bringing an ogre to court.
ATU 328A Jack and the Beanstalk,AT 328A Jack and the Beanstalk,F54.2.2. Plant grows to sky.
,,G84. Fee-fi-fo-fum.
,,B103.2.1.2.1. Treasure-laying bird.
,,D1601.18.18. Self-playing musical instruments.
"ATU 328A* Three Brothers Steal Back Sun, Moon, and Stars","AT 328A* Three Brothers Restore Sun, Moon, and Stars",
ATU 329 Hiding from the Princess,AT 329 Hiding from the Princess,H321. Suitor test: hiding from princess
,,D641. Transformation to reach difficult place.
ATU 330 The Smith and the Devil,AT 330 The Smith Outwits the Devil,M211. Man sells soul to devil.
,,Q115. Reward: any boon that may be asked.
,,J2071. Three foolish wishes.
,,Z111.2.2.2.2. Death (demons) glued to chair
,,K213. Devil pounded in knapsack until he releases man.
,,Q565. Man admitted to neither heaven nor hell
,,"K2371.1.3.1.3. Heaven entered by trick: ""wishing sack"" thrown in."
ATU 330 The Smith and the Devil,AT 330* Heaven Entered by a Trick (now ATU 330),"K2371.1.3.1.3. Heaven entered by trick: ""wishing sack"" thrown in."
ATU 330 The Smith and the Devil,AT 330A Smith's Three Wishes (now ATU 330),J2071. Three foolish wishes.
ATU 330 The Smith and the Devil,AT 330B Devil in the Sack (now ATU 330),K213. Devil pounded in knapsack until he releases man.
ATU 330 The Smith and the Devil,AT 330C Winning Cards (now ATU 330),N221. Man granted power of winning at cards
ATU 330 The Smith and the Devil,AT 330D Misery Stuck on Earth (now ATU 330),D1413.1.3.1.3. Fig tree from which one cannot descend
ATU 331 The Spirit in the Bottle,AT 331 The Demon in the Bottle,R181. Demon enclosed in bottle released.
,,K717. Deception into bottle (vessel).
ATU 332 Godfather Death,AT 332 Godfather Death,J486. Death preferred above God and Justice.
,,D1825.3.1.3.1. Magic power of seeing Death at head or foot of bed and thus forecasting progress of sickness
,,K557. Death cheated by moving bed.
ATU 333 Little Red Riding Hood,AT 333 Little Red Riding Hood,"J21.5.5. ""Do not leave the highway"""
,,"Z18.1.1. What makes your ears so big? -- To hear the better, my child, etc"
,,"K2011. Wolf poses as ""grandmother"" and kills child"
,,F913. Victims rescued from swallower's belly.
,,Q426. Wolf cut open and filled with stones as punishment.
ATU 333 Little Red Riding Hood,AT 333A Wolf and the Greedy Girl (now ATU 333),K1044. Dupe induced to eat filth (dung).
ATU 334 Household of the Witch,AT 334 At the Witch's House,G11.3.3. Cannibal witch
ATU 335 Death' Messengers,AT 335 Death' Messengers,J1051. Death's three messengers.
ATU 360 Bargain of the Three Brothers and the Devil,AT 360 The Three Apprentices and the Devil,"C495.2.2. ""We three"" -- ""For gold"" -- ""That is right""."
,,K217. Devil gets another soul instead of one bargained for.
ATU 361 Bear-skin,AT 361 The Man Who Did not Wash for Seven Years,M211. Man sells soul to devil.
,,C721. Tabu: bathing.
,,C723.1.1. Tabu: combing hair during certain time.
,,L54.1.1. Youngest daughter agrees to marry a monster; later the sisters are jealous
ATU 363 The Corpse-Eater,AT 363 The Vampire Suitor,G20. Ghouls. Persons eat corpses.
ATU 365 Dead Bridegroom Carries off His Bride,AT 365 Dead Bridegroom Claims His Bride,E215. The Dead Rider (Lenore).
ATU 366 The Man from the Gallows,AT 366 The Corpse Claims it Property,E235.4.4. Return from dead to punish theft of part of corpse.
ATU 400 Man on a Quest for His Lost Wife,AT 400 The Quest for a Lost Bride,H1385.3. Quest for vanished wife (mistress).
,,N681. Husband (lover) arrives home just as wife (mistress) is to marry another.
,,D361.1. Swan Maiden
,,D721.2. Disenchantment by hiding skin (covering)
,,D361.1.1. Swan Maiden finds her hidden wings and resumes her form.
,,D758.1. Disenchantment by three nights' silence under punishment.
,AT 400* Swan Maiden (now ATU 400),B652.1. Marriage to swan-maiden.
,AT 401 The Girl Transformed into an Animal (now ATU 400),
,AT 401A Enchanted Princess in Her Castle (now ATU 400),
ATU 402 The Animal Bride,AT 402 The Animal Bride,H1210.1. Quest assigned by father.
,,H1242. Youngest brother alone succeeds on quest.
,,H1301.1. Quest for the most beautiful bride.
,,D711. Disenchantment by decapitation.
ATU 402A* Princess Transformed into a Toad,AT 402A* Serpent Princess,D735. Disenchantment by kiss.
ATU 403 The Black and the White Bride,AT 403 The Black and the White Bride,S31. Cruel stepmother.
,,"H1023.3. Task: bringing berries (fruit, roses) in winter."
,,D1860. Magic beautification.
,,D1454.2. Treasure falls from mouth.
,,D1870. Magic hideousness
,,M431.2. Curse: toads from mouth.
,,S432. Cast-off wife thrown into water.
,,K1911. The false bride (substituted bride)
,,D161.2. Transformation: man to goose.
,,Q261. Treachery punished.
ATU 405 Jorinde and Joringel,AT 405 Jorinde and Joringel,D683.2. Transformation by witch (sorceress).
,,D771. Disenchantment by use of magic object.
ATU 407 The Girl as a Flower,AT 407 The Girl as a Flower,D212. Transformation: man (woman) to flower.
,,D711.4. Disenchantment from flower by breaking stalk.
,,T100. Marriage.
ATU 407 The Girl as a Flower,AT 407A Myrtle Child (now ATU 407),
ATU 407 The Girl as a Flower,AT 407B Woman who Married Death (now ATU 407),
ATU 408 The Three Oranges,AT 408 The Love of Three Oranges,S375. Old woman's maledictions inform abandoned hero of his parentage and future.
,,D721.5. Disenchantment from fruit (flower) by opening it.
,,J1791. Reflection in water thought to be the original of the thing reflected.
,,K1911.2.2. True bride pushed into water by false.
,,D610. Repeated transformation.
,,K1911.3. Reinstatement of true bride.
ATU 409 The Girl as Wolf,AT 409 The Girl as Wolf,D113.1. Transformation: man to wolf.
,,D721. Disenchantment by removing skin (or covering)
,,Q261. Treachery punished
ATU 409A The Girl as Goat,AT 409A The Chicken Bride,T554. Woman gives birth to animal.
ATU 410 Sleeping Beauty,AT 410 Sleeping Beauty,B211.7.1. Speaking frog.
,,F361.1.1. Fairy takes revenge for not being invited to feast.
,,G269.4. Curse by disappointed witch.
,,M341.2.13. Prophecy: death through spindle wound.
,,M370. Vain attempts to escape fulfillment of prophecy.
,,D1364.17. Spindle causes magic sleep.
,,D1967.1. Person in magic sleep surrounded by protecting hedge
,,N711.2. Hero finds maiden in (magic) castle.
,,D1978.5. Waking from magic sleep by kiss.
ATU 412 Maiden with a Separable Soul in a Necklace,AT 412 Girl Whose Soul was in her Necklace,E711.4. Soul in necklace.
,,
ATU 413 Stolen Clothing,AT 413 Marriage by Stealing Clothing,Z211. Dreadnaughts - do something warned against
,,K1335. Seduction (or wooing) by stealing clothes of bathing girl (swan maiden).
,,C311. Tabu: seeing the supernatural.
,,"E121.5. Resuscitation by holy man (priest, etc.)."
ATU 425A The Animal as Bridegroom,AT 425A Animal Bridegroom,L221. Modest request: present from the journey
,,"S241. Child unwittingly promised: ""first thing you meet."""
,,C757.1. Tabu: destroying animal skin of enchanted person too soon.
,,C32.1. Tabu: looking at supernatural husband.
,,C32.1. Tabu: looking at supernatural husband.
,,H1385.4. Quest for vanished husband.
,,"H1232. Directions on quest given by sun, moon, wind, and stars."
,,Q482.1. Princess serves as menial.
,,D2006.1.4. Forgotten fiancée buys place in husband's bed and reawakens his memory.
ATU 425C Beauty and the Beast,AT 425C Beauty and the Beast,L221. Modest request: present from the journey.
,,C761.2. Tabu: staying too long at home.
,,D735.1. Beauty and the beast. disenchantment by kiss
ATU 425D The Vanished Husband,AT 425D Wife finds her Lost Husband by Keeping an Inn,C932. Loss of wife (husband) for breaking tabu.
,,"H11.1.1. Recognition at inn (hospital, etc.) where all must tell their life histories."
ATU 425D The Vanished Husband,AT 425F The Thieving Bird (now ATU 425D),D150. Transformation: man to bird.
,,D753. Disenchantment by accomplishment of tasks
ATU 425A The Animal as Bridegroom,AT 425G Servant Takes the Sleeping Heroines Place (now ATU 425A),
ATU 425B Son of the Witch,AT 425J Heroine Serves in Hell for her Bridegroom (now ATU 425B),Cupid and Psyche
ATU 425E Enchanted Husband Sings Lullaby,AT 425L Husband with a Lock in his Navel (now ATU 425E),C611. †C611. Forbidden chamber.
ATU 425B Son of the Witch,AT 425N Bird Husband (now ATU 425B),NA
"ATU 426 Two Girls, the Bear, and the Dwarf ( Snow White and Rose Red)","AT 426 Two Girls, the Bear, and the Dwarf",F451.5.2.1. Ungrateful dwarf.
,,D763. Disenchantment by destroying enchanter.
ATU 430 Donkey,AT 430 Donkey Bridegroom,T554. Woman gives birth to animal.
,,641.4. Marriage to person in ass form.
,,D721.3. Disenchantment by destroying skin (covering).
ATU 431 The House in the Forest,AT 431 The House in the Forest,D1890. Magic aging.
,,Q2. Kind and unkind.
,,L54. Compassionate youngest daughter.
,,L162. Lowly heroine marries prince (king).
ATU 432 The Prince as a Bird,AT 432 The Prince as a Bird,L221. Modest request: present from the journey
,,D641.1. Lover as bird visits mistress.
,,K2212.1. Treacherous stepsisters.
,,S181. Wounding by trapping with sharp knives (glass).
,,K1837. Disguise of woman in man's clothes.
,,H1385.5. Quest for vanished lover.
,,N452. Secret remedy overheard in conversation of animals (witches).
,,N452. Secret remedy overheard in conversation of animals (witches).
ATU 433B King Lindorm,AT 433A Serpent Carries his Bride to His Castle (now ATU 433B),T554.7. Woman gives birth to a snake.
433B King Lindorm,AT 433B King Lindorm,D766. Disenchantment by liquid.
,,Transformation: man to bird
ATU 434 Stolen Jewelry,AT 434 Stolen Mirror,T24.1. Love-sickness.
,,H1385.5. Quest for vanished lover.
,,H1233.1. Old person as helper on quest.
,,D700. Person disenchanted.
ATU 440 The Frog King or Iron Henry,AT 440 The Frog King,C41.2. Tabu: letting ball fall into water.
,,B211.7.1. Speaking frog.
,,S215.1. Girl promises herself to animal suitor.
,,D789. Other means of disenchantment.
,,F875. Iron bands around heart to keep it from breaking.
ATU 441 Hans My Hedgehog,AT 441 Hans My Hedgehog,C758.1. Monster born because of hasty (inconsiderate) wish of parents.
,,T554. Woman gives birth to animal.
,,S226. Child promised to devil for directions out of woods when father is lost.
,,B641.5. Marriage to person in hedgehog form.
,,D721.3. Disenchantment by destroying skin (covering).
ATU 442 The Old Woman in the Forest,AT 442 The Old Woman in the Forest,D1076. Magic ring.
,,D431.2. Transformation: tree to person.
,,L162. Lowly heroine marries prince (king).
ATU 444* Enchanted Prince Disenchanted,AT 444D* Cat Husband (now ATU 444*),NA
ATU 444* Enchanted Prince Disenchanted,AT 444* Enchanted Princes,D100. Transformation: man to animal.
,,D700. Person disenchanted.
ATU 449 Sidi Numan,AT 449 The Queen's Dog,D141. Transformation: man to dog
,,D700. Person disenchanted.
,,D132.1. Transformation: man to ass. (woman)
ATU 450 Little Brother and Little Sister,"AT 450 Little Brother, Little Sister",S31. Cruel stepmother.
,,D555. Transformation by drinking.
,,D114.1.1. Transformation: man to deer.
,,P253.2. Sister faithful to transformed brother.
,,N711.1. King (prince) finds maiden in woods (tree) and marries her.
,,K1911.1.2. False bride takes true bride's place when child is born.
,,D150. Transformation: man to bird.
,,D688. Transformed mother suckles child.
,,H13. Recognition by overheard conversation (usually with animals or objects).
451 The Maiden who Seeks Her Brothers,AT 451 The Brothers who were Turned into Birds,"P253.0.5. One sister and six (seven, eleven, twelve) brothers."
,,P253.2. Sister faithful to transformed brother.
,,D161.1. Transformation: man to swan
,,D758. Disenchantment by maintaining silence
,,D753.1. Disenchantment by sewing shirts for enchanted brothers.
,,K2116.1.1. Innocent woman accused of killing her new-born children.
ATU 460A Journey to God (Fortune),AT 461A Man Journeys to God Seeking Advice (now ATU 460A),"J1262.5. †J1262.5. Parishioner hears preacher say that alms are returned ""100 to 1""."
,,H1291. †H1291. Questions asked on way to other world.
,,H1292. †H1292. Answers found in other world to questions propounded on the way.
ATU 460B Journey in Search of Fortune,AT 460B Journey in Search of Luck,H1281. †H1281. Quest to Fortune to seek fortune.
,,N127.0.1. †N127.0.1. Different kinds of luck attending persons born on the several days of the week.
ATU 461 Three Hairs from the Devil's Beard,AT 461 Three Hairs from the Devil,H1273.2. †H1273.2. Quest for three hairs from devil's beard.
,,H1291. †H1291. Questions asked on way to other world.
,,G530.1. †G530.1. Help from ogre's wife (mistress).
,,Q521.5. †Q521.5. Penance: ferryman setting people over a stream until relieved by another.
,,A1111. †A1111. Impounded water.
,,P413.1.1. †P413.1.1. Ferryman puts oar into king's hand and he must remain ferryman.
ATU 460A Journey to God,AT 461A Man Journeys to God Seeking Advice (now ATU 460A),
ATU 462 The Outcast Queens and the Ogress Queen,AT 462 The Outcast Queens and the Ogress Queen,G405. †G405. Man on hunt falls into ogre's (witch's) power.
,,G264. †G264. La Belle Dame Sans Merci.
,,S435. †S435. Cast-off wife abandoned in pit.
,,S438. †S438. Abandoned queen blinded.
,,L71. †L71. Only the youngest of group of imprisoned women refuses to eat her newborn child.
,,K511. †K511. Uriah letter changed. Falsified order of execution
ATU 465 Man Persecuted because of his Beautiful Wife,AT 465 King Tries to Steal Poor Man's Wife,B642. †B642. Marriage to person in bird form
,,D721.3. †D721.3. Disenchantment by destroying skin (covering).
,,H911. †H911. Tasks assigned at suggestion of jealous rivals.
,,H931. †H931. Tasks assigned in order to get rid of hero
,,H1335. †H1335. Quest for the living harp.
,,H1090. †H1090. Tasks requiring miraculous speed.
,,"H1023.3. †H1023.3. Task: bringing berries (fruit, roses) in winter."
,,H1233.2.1. †H1233.2.1. Quest accomplished with aid of wife.
,,H931. †H931. Tasks assigned in order to get rid of hero
ATU 465 Man Persecuted because of his Beautiful Wife,AT 465A Quest for the Unknown (now ATU 465),
ATU 465 Man Persecuted because of his Beautiful Wife,AT 465B Quest for the Living Harp (now ATU 465),
ATU 465 Man Persecuted because of his Beautiful Wife,AT 465C Journey to the Other World (now ATU 465),
ATU 317 The Tree That Grows uo tp the Sky,AT 468 Princess in the Tree that Reached the Sky (now ATU 317),F54.1. †F54.1. Tree stretches to sky
ATU 317 The Tree That Grows uo tp the Sky,AT 468 Princess in the Tree that Reached the Sky (now ATU 317),B11.11. †B11.11. Fight with dragon.
ATU 470 Friends in Life and Death,AT 470 Friends in Life and Death,M253. †M253. Friends in life and death.
,,E238. †E238. Dinner with the dead.
,,F171.2. †F171.2. Broad and narrow road in otherworld.
,,F171.1. †F171.1. Fat and lean kine in otherworld.
,,D2011. †D2011. Years thought days
ATU 470A The Offended Skull,AT 470A Skeleton Invited to Dinner,E238. †E238. Dinner with the dead
,,C13. †C13. The offended skull (statue) (Festin de Pierre).
ATU 470B Land Where No One Dies,AT 470* Returning from the Land of the Immortals (now ATU 470B),F116. †F116. Journey to the Land of the Immortals.
ATU 471 The Bridge to the Otherworld,AT 471 The Bridge to the Other World,H1385.6. †H1385.6. Quest for lost sister
,,H1251. †H1251. Quest to other world for samples of magic animals' food.
,,E481.2.1. †E481.2.1. Bridge to land of dead.
,,F171. †F171. Extraordinary sights in otherworld.
,,F171.3. †F171.3. People and things that strike one another in otherworld.
,,F171.5. †F171.5. Animals in otherworld pass in and out of church and become human beings
,,"F171.0.1. †F171.0.1. Enigmatic happenings in otherworld, which are later explained."
,,R155.1. †R155.1. Youngest brother rescues his elder brothers
ATU 471A Monk and the Bird,AT 471A Bird Turns Centuries into Minutes,D2011.1. †D2011.1. Years seem moments while man listens to song of bird.
ATU 475 The Man as Heater of Hell's Kettle,AT 475 Heating Hell's Kitchen,M210. †M210. Bargain with devil.
,,C721.1. †C721.1. Tabu: bathing during certain time.
,,C325. †C325. Tabu: looking into the pots in hell.
,,D475.1. †D475.1. Transformation: objects to gold
,,D861.1. †D861.1. Magic object stolen by host (at inn.)
,,D885. †D885. Magic object recovered with devil's help
ATU 476* In the Frog's House,AT 476* Midwife or Godmother for the Elves,
ATU 476** Midwife in the Underworld,AT 476** Midwife in the Underworld,B81.6. †B81.6. Mermaid has human midwife.
,,F372.1. †F372.1. Fairies take human midwife to attend fairy woman.
,,D475.1. †D475.1. Transformation: objects to gold.
ATU 480 The Kind and the Unkind Girls,AT 480 The Kind and the Unkind Girls,Q2. †Q2. Kind and unkind
,,S31. †S31. Cruel stepmother.
,,H934.3. †H934.3. Tasks assigned by stepmother.
,,N791. †N791. Adventures from pursuing object carried off by river.
,,H935. †H935. Witch assigns tasks
,,Q41.2. †Q41.2. Reward for cleansing loathsome person.
,,L211. †L211. Modest choice: three caskets type.
,,Q41. †Q41. Politeness rewarded.
,,D1860. †D1860. Magic beautification.
ATU 500 Name of the Supernatural Helper,AT 500 Guessing the Helper's Name (Rumpelstiltskin),H914. †H914. Tasks assigned because of mother's foolish boasting
,,H1021.8. †H1021.8. Task: spinning gold.
,,D2183. †D2183. Magic spinning
,,H521. †H521. Test: guessing unknown propounder's name
,,S222.1. †S222.1. Woman promises her unborn child to appease offended witch.
,,N475. †N475. Secret name overheard by eavesdropper.
,,C432.1. †C432.1. Guessing name of supernatural creature gives power over him
ATU 501 The Three Old Spinning Women,AT 501 Three Old Spinning Women,H914. †H914. Tasks assigned because of mother's foolish boasting
,,H1092. †H1092. Task: spinning impossible amount in one night.
,,G201.1. †G201.1. Three witches (hags) deformed from much spinning.
,,G244. †G244. Witch spins.
ATU 502 The Wild Man,AT 502 The Wild Man as Helper,G671. †G671. Wild man released from captivity aids hero.
,,R222. †R222. Unknown knight.
ATU 503 Gifts of the Little People,AT 503 Hunchbacks and the Elves,F331.1. †F331.1. Mortal wins fairies' gratitude by joining in their dance.
,,F331.3. †F331.3. Mortal wins fairies' gratitude by joining in their song and completing it by adding the names of the days of the week.
,,F344.1. †F344.1. Fairies remove hunchback's hump (or replace it).
,AT 504 Changeling (new Ashlimann category,
ATU 505 Grateful dead,AT 505 Grateful dead,503 Hunchback and the Elves
,,E341. †E341. The grateful dead.
,,M241. †M241. Bargain: to divide all winnings.
,,H972. †H972. Tasks accomplished with help of grateful dead.
,,M241.1. †M241.1. Dividing the winnings: half of the bride demanded.
ATU 505 Grateful dead,AT 506 The Grateful Dead Helps save the Princess (now ATU 505),
ATU 507 The Monster's Bride,AT 507A Grateful Dead Helps Rescue the Ogre's Bride (now ATU 507),H322.1. †H322.1. Suitor test: finding object hidden by princess
,,H972. †H972. Tasks accomplished with help of grateful dead.
,,T172.2.1. †T172.2.1. Grateful dead man kills princess's monster husband.
,,T172.0.1. †T172.0.1. All husbands have perished on bridal night.
ATU 505 Grateful dead,AT 508 The Bride Won in a Tournement (now ATU 505),
ATU 510A Cinderella,AT 510A Cinderella,S31. †S31. Cruel stepmother.
,,L55. †L55. Stepdaughter heroine
,,B450. †B450. Helpful birds
,,D1050.1. †D1050.1. Clothes produced by magic
,,N815. †N815. Fairy as helper.
,,N711.6. †N711.6. Prince sees heroine at ball and is enamored.
,,C761.3. †C761.3. Tabu: staying too long at ball.
,,F823.2. †F823.2. Glass shoes
,,H36.1. †H36.1. Slipper test.
,,K1911.3.3.1. †K1911.3.3.1. False bride's mutilated feet.
ATU 510B Peau d'Asne,AT 510B King Tries to Marry His Daughter,M255. †M255. Deathbed promise concerning the second wife.
,,T411.1. †T411.1. Lecherous father
,,T311.1. †T311.1. Flight of maiden (bridegroom) to escape marriage.
,,"K521.1. †K521.1. Escape by dressing in animal (bird, human) skin."
,,N711.6. †N711.6. Prince sees heroine at ball and is enamored.
,,"R255. †R255. Formula for girl fleeing: behind me night, etc."
,,H151.5. †H151.5. Attention attracted by hints dropped by heroine as menial: recognition follows.
,,H94.2. †H94.2. Identification by ring baked in bread.
"ATU 511 One-Eye, Two-Eyes, and Three-Eyes","AT 511 One-Eye, Two-Eyes, and Three-Eyes",S31. †S31. Cruel stepmother.
,,B535.0.1. †B535.0.1. Cow as nurse cares for children.
,,F512.1. †F512.1. Person with one eye.
,,F512.2.1.1. †F512.2.1.1. Three-eyed person.
,,D830.1. †D830.1. Attempt to learn about magic object by spying.
,,B100.1. †B100.1. Treasure found in slain helpful animal.
,,D1470.2.1. †D1470.2.1. Provisions received from magic tree.
,,H31.12. †H31.12. Only one man is able to pluck fruits from tree.
,,L162. †L162. Lowly heroine marries prince (king).
"ATU 511 One-Eye, Two-Eyes, and Three-Eyes",AT 511A Little Ox (now ATU 511),
ATU 513A Six Go Through the Whole World,AT 513A Six Go Through the World,F601. †F601. Extraordinary companions.
,,F681.1. †F681.1. Marvelous runner keeps leg tied up.
,,F632. †F632. Mighty eater
,,F641. †F641. Person of remarkable hearing.
,,F621. †F621. Strong man: tree-puller.
,,F661.5.3. †F661.5.3. Skillful marksman shoots left eye of fly at two miles.
,,D2144.1.2. †D2144.1.2. Man with power to make everything freeze.
,,H331.5.1. †H331.5.1. Race with princess for her hand.
,,H1142. †H1142. Task: drinking enormous amount.
,,H1511. †H1511. Heat test.
,,H1127. †H1127. Task: carrying off huge quantity of money.
ATU 513B Land and Water Ship,AT 513B Land and Water Ship,H331. †H331. Suitor contests: bride offered as prize.
,,D1533.1.1. †D1533.1.1. Magic land and water ship.
,,N825.2. †N825.2. Old man helper.
,,F601. †F601. Extraordinary companions.
,,F601.2. †F601.2. Extraordinary companions help hero in suitor tests.
,,L161. †L161. Lowly hero marries princess.
ATU 531 The Clever Horse,AT 513C Hunter's Son (now ATU 531),NA
ATU 514 The Shift of Sex,AT 514 Girl Turns Into Man,K1837. †K1837. Disguise of woman in man's clothes
,,D11. †D11. Transformation woman to man.
ATU 514** Young Woman Disguised as Man is Wooed by Queen,AT 514** Young Woman Disguised as Man is Wooed by Queen,K1837. †K1837. Disguise of woman in man's clothes
,,K1825.1. †K1825.1. Disguise as doctor.
,,K2111. †K2111. Potiphar's wife.
,,F954. †F954. Dumb person brought to speak.
,,L162. †L162. Lowly heroine marries prince (king).
ATU 516 Faithful John,AT 516 Faithful John,T11.3. †T11.3. Love through dream.
,,P361. †P361. Faithful servant.
,,K1332. †K1332. Seduction by taking aboard ship to inspect wares.
,,B211.3. †B211.3. Speaking bird.
,,N451. †N451. Secrets overheard from animal (demon) conversation.
,,H1515. †H1515. Poisoned food test.
,,T172.2. †T172.2. Bridal chamber invaded by magic dragon (serpent).
,,N342.1. †N342.1. Faithful servant guarding master's wife from danger falsely condemned for betraying his master.
,,C423.4. †C423.4. Tabu: uttering secrets heard from spirits.
,,C961.2. †C961.2. Transformation to stone for breaking tabu.
,,D766.2. †D766.2. Disenchantment by application of blood.
,,S268. †S268. Child sacrificed to provide blood for cure of friend.
ATU 516C Amicus and Amelius,AT 516C Saint James of Galacia,S268. †S268. Child sacrificed to provide blood for cure of friend.
ATU 517 The Boy and the Bird-language,AT 517 The Boy Who Understood Birds,B215.1. †B215.1. Bird language.
,,B143.1. †B143.1. Bird gives warning.
,,M312. †M312. Prophecy of future greatness for youth.
,,M373. †M373. Expulsion to avoid fulfillment of prophecy.
,,N682. †N682. Prophecy of future greatness fulfilled when hero returns home unknown.
ATU 518 Men Fight over Magic Objects,AT 518 Quarreling Giants Lose their Magic Objects,D1361.12. †D1361.12. Magic cloak of invisibility
,,D832. †D832. Magic objects acquired by acting as umpire for fighting heirs.
,,D1521.1. †D1521.1. Seven-league boots.
,,D1520.19. †D1520.19. Magic transportation by carpet.
,,D832. †D832. Magic objects acquired by acting as umpire for fighting heirs.
ATU 519 The Strong Woman as Bride (Brunhilde),"AT 519 Brunhilde, the Strong Bride",T58. †T58. Wooing the strong and beautiful bride.
,,H345.1. †H345.1. Suitor test: lifting strong princess's giant weapon.
,,H345.2. †H345.2. Suitor test: riding strong princess's horse.
,,H345. †H345. Suitor test: overcoming princess in strength.
,,T173.1. †T173.1. Strong bride tries to stifle husband in bed.
,,K1844.1. †K1844.1. Husband has his strong servant substitute in bed with strong wife.
,,Q451.2. †Q451.2. Laming as punishment.
,,D1500.1.18. †D1500.1.18. Magic healing water.
,,R169.4. †R169.4. Hero rescued by servant.
ATU 530 Princess on the Glass Mountain,AT 530 Princess on the Glass Mountain,H1471. †H1471. Watch for devastating monster
,,B315. †B315. Animal helpful after being conquered.
,,B401. †B401. Helpful horse
,,H331.1.1. †H331.1.1. Suitor contest: riding up glass mountain.
,,H80. †H80. Identification by tokens.
ATU 531 The Clever Horse,AT 531 Ferdinand the Faithful and Ferdinand the Unfaithful,H1381.2.2.1. †H1381.2.2.1. Son seeks unknown father.
,,B211.1.3. †B211.1.3. Speaking horse.
,,B401. †B401. Helpful horse.
,,B341. †B341. Helpful animal's injunctions disobeyed.
,,K1934. †K1934. Impostor forces hero (heroine) to change places with him (her).
,,B350. †B350. Grateful animals.
,,H1213.1. †H1213.1. Quest for princess caused by sight of one of her hairs dropped by a bird (or floating on river)
,,H911. †H911. Tasks assigned at suggestion of jealous rivals
,,E15.1. †E15.1. Resuscitation by boiling.
,,J2411.1. †J2411.1. Imitation of magic rejuvenation unsuccessful.
,,B313. †B313. Helpful animal an enchanted person.
ATU 532* Magic Ox,AT 532* God's Godson,B411.2. †B411.2. Helpful ox.
ATU 533 Speaking Horsehead,AT 533 Goosegirl,K2252. †K2252. Treacherous maidservant.
,,K1911.1.1. †K1911.1.1. False bride takes true bride's place on the way to the wedding.
,,K1934. †K1934. Impostor forces hero (heroine) to change places with him (her).
,,K1933. †K1933. Impostor forces oath of secrecy.
,,K1816.5. †K1816.5. Disguise as goose-girl (turkey-girl).
,,B335. †B335. Helpful animal killed by hero's enemy.
,,B133.3. †B133.3. Speaking horse-head.
,,H13.2.7. †H13.2.7. Recognition by overheard conversation with stove.
ATU 404 Blinded Bride,AT 533* Snake Helper (now ATU 404),D1454.2. †D1454.2. Treasure falls from mouth.
,,S31. †S31. Cruel stepmother.
,,S165. †S165. Mutilation: putting out eyes.
,,K1911.1.1. †K1911.1.1. False bride takes true bride's place on the way to the wedding.
,,E781.2. †E781.2. Eyes bought back and replaced.
,,H35. †H35. Recognition by unique manner of performing an act.
ATU 545A The Cat Castle,AT 545A The Cat Castle,N411.1.1. †N411.1.1. Cat as sole inheritance.
,,B211.1.8. †B211.1.8. Speaking cat.
,,B422. †B422. Helpful cat
,,F771.4.1. †F771.4.1. Castle inhabited by ogres.
,,"G510. †G510. Ogre killed, maimed, or captured."
,,D711. †D711. Disenchantment by decapitation.
ATU 545B Puss In Boots,AT 545B Puss-In-Boots,B211.1.8. †B211.1.8. Speaking cat.
,,B580. †B580. Animal helps men to wealth and greatness.
,,B582.1.1. †B582.1.1. Animal wins wife for his master (Puss in Boots).
,,K1917.3. †K1917.3. Penniless wooer: helpful animal reports master wealthy and thus wins girl for him
,,K1952.1.1. †K1952.1.1. Poor boy said by helpful animal to be dispossessed prince (wealthy man) who has lost clothes while swimming (in shipwreck).
,,F771.4.1. †F771.4.1. Castle inhabited by ogres
,,D711. †D711. Disenchantment by decapitation.
ATU 545D* Pea King,AT 545D* Bean King,
ATU 546 The Clever Parrot,AT 546 Parrot Helpd Hero Win Princess,B469.9. †B469.9. Helpful parrot.
"ATU 550 Bird, Horse, and Princess",AT 550 Quest for the Golden Bird,H1331.1. †H1331.1. Quest for marvelous bird.
,,L13. †L13. Compassionate youngest son
,,B313. †B313. Helpful animal an enchanted person.
,,B560. †B560. Animals advise men.
,,B184.1. †B184.1. Magic horse
,,N711.3. †N711.3. Hero finds maiden in (magic) garden.
,,B435.1. †B435.1. Helpful fox.
,,H1242. †H1242. Youngest brother alone succeeds on quest.
,,W154.12.3. †W154.12.3. Ungrateful brothers plot against rescuer.
,,K1932. †K1932. Impostors claim reward (prize) earned by hero.
,,L161. †L161. Lowly hero marries princess.
ATU 551 The Water of Life,AT 551 Quest for the Water of Life,H1321.1. †H1321.1. Quest for Water of Life (water which will resuscitate).
,,H1210.1. †H1210.1. Quest assigned by father
,,N825.2. †N825.2. Old man helper.
,,H1242. †H1242. Youngest brother alone succeeds on quest.
,,N711.3. †N711.3. Hero finds maiden in (magic) garden.
,,T475.2. †T475.2. Hero lies by princess in magic sleep and begets child
,,H81.1. †H81.1. Hero lies by sleeping girl and leaves identification token with her.
,,K2211. †K2211. Treacherous brother.
,,W154.12.3. †W154.12.3. Ungrateful brothers plot against rescuer.
,,K1932. †K1932. Impostors claim reward (prize) earned by hero
,,H1381.2.1. †H1381.2.1. Woman seeks unknown father of her child.
,,H80. †H80. Identification by tokens.
,,L161. †L161. Lowly hero marries princess.
ATU 552 Girls Who Married Animals,AT 552 Girls Who Married Animals,S221.1. †S221.1. Bankrupt father sells his daughters in marriage to animals.
,,B640. †B640. Marriage to person in animal form.
,,D621.1. †D621.1. Animal by day; man by night.
,,B501. †B501. Animal gives part of body as talisman for summoning its aid.
ATU 554 The Grateful Animals,AT 553 The Bird Helper (now ATU 554),NA
,,B582.2. †B582.2. Animals help hero win princess.
,,B571. †B571. Animals perform tasks for man.
,,H982. †H982. Animals help man perform task.
"ATU 555 The Fisherman and his Wife,","AT 555 The Fisherman and his Wife,","B170. †B170. Magic birds, fish, reptiles, etc."
,,B375.1. †B375.1. Fish returned to water: grateful.
,,D1761.0.1. †D1761.0.1. Wishes granted without limit.
,,C773.1. †C773.1. Tabu: making unreasonable requests.
,,J514. †J514. One should not be too greedy.
,,Q338. †Q338. Immoderate request punished.
ATU 559 Dungbeetle,AT 559 Making the Princess Laugh,T68. †T68. Princess offered as prize.
,,F591. †F591. Person who never laughs
,,H341. †H341. Suitor test: making princess laugh.
,,H982. †H982. Animals help man perform task.
,,B571. †B571. Animals perform tasks for man
,,B582.2. †B582.2. Animals help hero win princess.
,,T171. †T171. Bridegroom driven from bridal chamber by magic.
,,L161. †L161. Lowly hero marries princess.
ATU 560 The Magic Ring,AT 560 The Magic Ring,B360. †B360. Animals grateful for rescue from peril of death.
,,D810. †D810. Magic object a gift.
,,D812. †D812. Magic object received from supernatural being.
,,D1470.1.15. †D1470.1.15. Magic wishing-ring.
,,D1662.1. †D1662.1. Magic ring works by being stroked.
,,D1131.1. †D1131.1. Castle produced by magic.
,,D861.5. †D861.5. Magic object stolen by hero's wife.
,,D2136.2. †D2136.2. Castle magically transported.
,,D882.1.1. †D882.1.1. Stolen magic object stolen back by helpful cat and dog
ATU 561 Aladdin,AT 561 Aladdinn and His Magic Lamp,D1470.1.15. †D1470.1.15. Magic wishing-ring.
,,D840. †D840. Magic object found.
,,D1470.1.16. †D1470.1.16. Magic wishing-lamp
,,D1421.1.5. †D1421.1.5. Magic lamp summons genie.
,,D1662.2. †D1662.2. Magic lamp works by being stroked.
,,D1131.1. †D1131.1. Castle produced by magic.
,,D860. †D860. Loss of magic object.
,,D2136.2. †D2136.2. Castle magically transported
,,D881. †D881. Magic object recovered by using second magic object.
ATU 562 The Spirit in the Blue Light,AT 562 The Spirit in the Blue Light,D845. †D845. Magic object found in underground room.
,,D1470.1. †D1470.1. Magic wishing-object.
,,D1421.1.4. †D1421.1.4. Magic light summons genie.
,,N813. †N813. Helpful genie (spirit).
,,D1426. †D1426. Magic object draws woman to man.
,,D1391. †D1391. Magic object saves person from execution.
"ATU 563 Table, Donkey, and Stick","AT 563 Table, Ass, and Stick",D1472.1.7. †D1472.1.7. Magic table supplies food and drink.
,,J2355.1. †J2355.1. Fool loses magic objects by talking about them.
,,D861.1. †D861.1. Magic object stolen by host (at inn.)
,,B103.1.1. †B103.1.1. Gold-producing ass.
,,D1401.2. †D1401.2. Magic sack furnishes mannikin who cudgels owner's enemies.
,,D881.2. †D881.2. Recovery of magic object by use of magic cudgel.
ATU 564 Magic Providing Purse,"AT 564 Magic Purse or ""Out of the Sack""",D1193. †D1193. Magic bag (sack).
,,D1030.1. †D1030.1. Food supplied by magic
,,D861. †D861. Magic object stolen.
,,D1401.1. †D1401.1. Magic club (stick) beats person.
ATU 565 The Magic Mill,AT 565 The Magic Mill,D1601.21.1. †D1601.21.1. Self-grinding salt-mill.
,,D1472.1.9. †D1472.1.9. Magic pot supplies food and drink.
,,D1651. †D1651. Magic object obeys master alone.
,,D861. †D861. Magic object stolen.
,,C916.3. †C916.3. Magic porridge-pot keeps cooking.
,,A1115.2. †A1115.2. Why the sea is salt: magic salt mill.
ATU 566 Three Magic Objects and the Wonderful Fruits,AT 566 Fruit that Grows Horns (Fortunatus),D812. †D812. Magic object received from supernatural being.
,,D1451. †D1451. Inexhaustible purse furnishes money.
,,D1520.11. †D1520.11. Magic transportation by cap (hat).
,,D1475.1. †D1475.1. Magic soldier-producing horn.
,,D861.6. †D861.6. Magic object stolen in card game.
,,D992.1. †D992.1. Magic horns (grow on person's forehead).
,,D895. †D895. Magic object returned in payment for removal of magic horns.
ATU 567 The Magic Bird- Heart,AT 567 The Magic Bird Heart,B113.1. †B113.1. Treasure-producing bird-heart.
,,D1561.1.1. †D1561.1.1. Magic bird-heart (when eaten) brings man to kingship
,,M312.3. †M312.3. Eater of magic bird-heart will become rich (or king).
,,D861.5. †D861.5. Magic object stolen by hero's wife.
,,D965. †D965. Magic plant.
,,D132.1. †D132.1. Transformation: man to ass.
ATU 567A Magic Bird-Heart and Separated Brothers,AT 567A Magic Bird Heart and Twin Brothers,S322.4. †S322.4. Evil stepmother casts boy forth.
,,K512. †K512. Compassionate executioner
,,D1561.1.1. †D1561.1.1. Magic bird-heart (when eaten) brings man to kingship
,,M312.3. †M312.3. Eater of magic bird-heart will become rich (or king).
,,N311. †N311. Separation of persons caused by looking for water.
,,N683. †N683. Stranger accidentally chosen king.
,,S264.1. †S264.1. Man thrown overboard to placate storm.
"ATU 569 The Knapsack, the Hat, and the Horn","AT 569 The Knapsack, the Hat, and the Horn",D1470. †D1470. Magic object as provider.
,,D1472.1.22. †D1472.1.22. Magic bag (sack) supplies food.
,,D1475.4. †D1475.4. Magic soldier-producing hat.
,,D831. †D831. Magic object acquired by trick exchange.
,,D1222. †D1222. Magic horn (musical).
,,D861. †D861. Magic object stolen.
,,D831. †D831. Magic object acquired by trick exchange.
ATU 570 Rabbit-Herd,AT 570 Rabbit-Herd,T68. †T68. Princess offered as prize.
,,H1112. †H1112. Task: herding rabbits.
,,D1441.1.2. †D1441.1.2. Magic pipe calls animals together.
,,K1288. †K1288. King induced to kiss horse's rump: trickster then threatens to tell.
,,H1045. †H1045. Task: filling a sack full of lies (truths).
,,K1271.1.1. †K1271.1.1. The bag of lies: threat to tell of queen's adultery.
ATU 570* Rat-Catcher (Pied Piper),AT 570* Rat-Catcher,D1224. †D1224. Magic pipe (musical).
,,D1427.1. †D1427.1. Magic pipe compels one to follow
,,D1441.1.2. †D1441.1.2. Magic pipe calls animals together.
"ATU 571 ""All Stick Together""",AT 571 All Stick Together,F591. †F591. Person who never laughs.
,,H341. †H341. Suitor test: making princess laugh.
,,H1194. †H1194. Task: making person laugh
,,D817. †D817. Magic object received from grateful person.
,,K422. †K422. Thief rendered helpless by magic.
,,D1413. †D1413. Magic object holds person fast.
,,D2171.3.1. †D2171.3.1. Magic adhesion to goose.
,,D2171.5. †D2171.5. Persons magically stick together.
,,H341.1. †H341.1. Princess brought to laughter by people sticking together.
ATU 571B Lover Exposed,AT 571B Himphamp,H1010. †H1010. Impossible tasks
,,D812.3. †D812.3. Magic object received from devil.
,,D1413.8. †D1413.8. Chamber-pot to which one sticks.
ATU 576 Magic Knife,AT 576 Magic Knife,D838. †D838. Magic object acquired by stealing
,,D1083. †D1083. Magic knife.
,,D1400.1.4.3. †D1400.1.4.3. Magic knife conquers enemy.
ATU 577 The King's Tasks,AT 577 The King's Tasks,H335. †H335. Tasks assigned suitors.
,,D1601.14. †D1601.14. Self-chopping axe.
,,D1601.15. †D1601.15. Automatic shovel.
,,D1601.18.2. †D1601.18.2. Self-playing violin.
,,D1581. †D1581. Tasks performed by use of magic object.
,,H971.1. †H971.1. Tasks performed with help of old woman
ATU 580 Beloved of Women,AT 580 Beloved of Women,D1900. †D1900. Love induced by magic.
,,D856. †D856. Magic object acquired by gaining love of owner.
,,D1472.1.7. †D1472.1.7. Magic table supplies food and drink.
,,D1473. †D1473. Magic object furnishes clothes.
,,T45. †T45. Lover buys admission to woman's room.
ATU 566 Three Magic Objects and Wonderful Fruits,AT 580* Money without End (now ATU 566),D1451. †D1451. Inexhaustible purse furnishes money.
ATU 303 The Twins or Blood-Brothers,AT 581 Twin Brother and Thier Magic Objects (now ATU 303),D1081. †D1081. Magic sword.
"ATU 585 Spindle, Shuttle, and Needle","AT 585 Spindle, Shuttle, and Needle",H1311.2. †H1311.2. Quest for bride richest and poorest.
,,D1425.1. †D1425.1. Magic spindle brings back prince for heroine.
,,D1484.1. †D1484.1. Magic shuttle makes road.
,,D1337.1.7. †D1337.1.7. Magic needle transforms a room from plainness to beauty.
ATU 590 Faithless Mother,AT 590 Magic Belt,D1840. †D1840. Magic invulnerability.
,,D1335.4. †D1335.4. Magic belt gives strength
,,S12.1. †S12.1. Treacherous mother marries ogre and plots against son.
,,H931. †H931. Tasks assigned in order to get rid of hero.
,,H1212. †H1212. Quest assigned because of feigned illness.
,,H1333.3.1.1. †H1333.3.1.1. Quest for magic apple
,,H1361. †H1361. Quest for lion's milk.
,,F615. †F615. Strong man evades death.
,,B431.2. †B431.2. Helpful lion.
,,K975. †K975. Secret of strength treacherously discovered.
,,D861. †D861. Magic object stolen
,,B512. †B512. Medicine shown by animal.
,,D880. †D880. Recovery of magic object.
ATU 592 The Dance Among Thorns,AT 592 Dancing in Thorns,S322.4. †S322.4. Evil stepmother casts boy forth.
,,Q42.1. †Q42.1. Spendthrift knight.
,,D1761.0.2. †D1761.0.2. Limited number of wishes granted.
,,D1653.1.7. †D1653.1.7. Infallible gun.
,,D1415.2.5. †D1415.2.5. Magic fiddle causes dancing.
,,N55. †N55. Shooting contest on wager.
,,K551.3.1. †K551.3.1. Respite from death while one plays the fiddle
ATU 593 Fiddevav,AT 593 Blowing Up the Fire,N825.3. †N825.3. Old woman helper.
,,D1413. †D1413. Magic object holds person fast.
,,D1413.17. †D1413.17. Magic adhesive stone.
,,D2172.1. †D2172.1. Magic repetition.
ATU 610 The Healing Fruit,AT 610 Fruit to Cure the Princess,T68.1. †T68.1. Princess offered as prize to rescuer.
,,H346. †H346. Princess given to man who can heal her.
,,Q2. †Q2. Kind and unkind.
,,L13. †L13. Compassionate youngest son.
,,L10. †L10. Victorious youngest son.
,,N825.3. †N825.3. Old woman helper.
,,D1500.1.5. †D1500.1.5. Magic healing fruit.
,,H1010. †H1010. Impossible tasks
,,D1533.1.1. †D1533.1.1. Magic land and water ship.
,,H1112. †H1112. Task: herding rabbits.
,,H1331.1.2.1. †H1331.1.2.1. Quest for remarkable bird feathers.
,,L161. †L161. Lowly hero marries princess
ATU 612 The Three Snake-Leaves,AT 612 The Three Snake-Leaves,M254. †M254. Promise to be buried with wife if she dies first.
,,B512. †B512. Medicine shown by animal.
,,B491.1. †B491.1. Helpful serpent.
,,D1500.1.4. †D1500.1.4. Magic healing plant.
,,E165. †E165. Resuscitation of wife by husband giving up half his remaining life.
,,K2213.5. †K2213.5. The faithless resuscitated wife
,,K2213.2. †K2213.2. Faithless wife and paramour throw hero overboard.
,,S142. †S142. Person thrown into the water and abandoned.
,,P361. †P361. Faithful servant.
,,E105. †E105. Resuscitation by herbs (leaves).
ATU 613 The Two Travelers,AT 613 The Two Travelers: Truth and Falsehood,N61. †N61. Wager that falsehood is better than truth.
,,K451.1. †K451.1. Unjust umpire decides a religious dispute
,,N92. †N92. Wager to win or lose according to whether jackal howls or ass brays before game is finished.
,,N2.3.3. †N2.3.3. Eyes wagered.
,,M225. †M225. Eyes exchanged for food.
,,F1045. †F1045. Night spent in tree.
,,N451.1. †N451.1. Secrets of animals (demons) accidentally overheard from tree (bridge) hiding place.
,,D1505.5. †D1505.5. Magic water restores sight.
,,D2064.1. †D2064.1. Magic sickness because girl has thrown away her consecrated wafer.
,,F933.2. †F933.2. Dry spring restored by removal of certain stone.
,,H346. †H346. Princess given to man who can heal her.
,,"N471. †N471. Foolish attempt of second man to overhear secrets (from animals, demons etc.)."
ATU 621 Louse-Skin,AT 621 The Louse-Skin (now ATU 857),B873.1. †B873.1. Giant louse.
,,F983.2. †F983.2. Louse fattened.
,,H551. †H551. Princess offered to man who can out-riddle her.
,,H522.1. †H522.1. Test: guessing origin of certain skin.
,,H573.3. †H573.3. Riddle solved by listening to propounder talk in his sleep.
ATU 650A Strong John,AT 650A Young Giant,B631. †B631. Human offspring from marriage to animal.
,,F611.1.1. †F611.1.1. Strong man son of bear who has stolen his mother.
,,F611.2.1. †F611.2.1. Strong hero suckled by animal.
,,F611.3.1. †F611.3.1. Strong hero practices uprooting trees.
,,F612.1. †F612.1. Strong hero sent from home because of enormous appetite.
,,K1411. †K1411. Plowing the field: horse and harness destroyed.
,,K1421. †K1421. Clearing land: axe broken
,,H931. †H931. Tasks assigned in order to get rid of hero.
,,F615.2.3. †F615.2.3. Strong man sent for wild horses: brings them back.
,,F615.3.1. †F615.3.1. Strong hero attacked with millstone puts it on as collar.
,,F615.1. †F615.1. Strong man sent to devil's mill: drives devils to master's house.
,,F615. †F615. Strong man evades death.
ATU 650C Youth Who Bathed in Blood of a Dragon,AT 650C Siegfried Slays the Dragon,D1846.4. †D1846.4. Invulnerability through bathing in dragon's blood.
ATU 652 The Prince Whose Wishes Always Come True,AT 652 The Boy Whose Wishes Always Come True,N811. †N811. Supernatural godfather.
,,D1761.0.1. †D1761.0.1. Wishes granted without limit.
,,K2250. †K2250. Treacherous servants and workmen.
,,K2155.1. †K2155.1. Blood smeared on innocent person brings accusation of murder.
,,Q455.1. †Q455.1. Walling up as punishment for murder of children.
,,R131.8.5. †R131.8.5. Forester rescues abandoned child.
,,N856.1. †N856.1. Forester as foster father.
,,T52.1. †T52.1. Prince buys twig (flower) (enchanted girl) from her mother.
,,D141. †D141. Transformation: man to dog.
,,D212.1. †D212.1. Transformation: man (woman) to carnation.
,,D630. †D630. Transformation and disenchantment at will.
ATU 653 The Four Skillful Brothers,AT 653 The Skillful Brothers,P251.6.2. †P251.6.2. Four brothers
,,F660.1. †F660.1. Brothers acquire extraordinary skill.
,,R166. †R166. Brothers having extraordinary skill rescue princess.
,,R111.1.3. †R111.1.3. Rescue of princess (maiden) from dragon.
,,F662.2. †F662.2. Skillful tailor sews together scattered planks in capsizing boat.
,,H621.2. †H621.2. Girl rescued by skillful companions: to whom does she belong?
,,R111.7. †R111.7. Joint rescuers quarrel over rescued princess.
ATU 653A Rarest Thing in the World,AT 653A Rarest Gift,T68.1. †T68.1. Princess offered as prize to rescuer.
,,D1323.15. †D1323.15. Magic clairvoyant telescope
,,D1520.19. †D1520.19. Magic transportation by carpet.
,,D1500.1.5.1. †D1500.1.5.1. Magic healing apple.
,,R111.7. †R111.7. Joint rescuers quarrel over rescued princess.
ATU 654 The Three Agile Brothers,AT 654 Which Brother hss the Best Skill?,F660.1. †F660.1. Brothers acquire extraordinary skill.
,,F660.1. †F660.1. Brothers acquire extraordinary skill.
,,F663.1. †F663.1. Skillful smith shoes running horse.
,,F665.1. †F665.1. Skillful barber shaves running hare.
,,F667.1. †F667.1. Skillful fencer keeps sword dry in rain.
ATU 655 The Wise Brothers,AT 655 Three Cleverr Brothers,J1661.1.1. †J1661.1.1. Deduction: the one-eyed camel.
,,F647.5.1. †F647.5.1. Marvelous sensitiveness: meat is dog's flesh.
,,F647.1. †F647.1. Marvelous sensitiveness: meat (wine) tastes of corpse.
,,J1661.1.2. †J1661.1.2. Deduction: the king is a bastard.
ATU 660 The Three Doctors,AT 660 The Three Doctors,H504. †H504. Test of skill in handiwork.
,,F668.1. †F668.1. Skillful surgeon removes and replaces vital organs.
,,E781.3. †E781.3. Eyes borrowed by animal.
,,E782.1.1. †E782.1.1. Substituted hand.
,,E787. †E787. Stomach borrowed by animal.
,,E780.2. †E780.2. Animal bodily members transferred to person or other animal retains animal powers and habits.
ATU 665 The Man Who Flew like a Bird and Swam Like a Fish,"AT 665 The Man Who Could Fly Like a Bird, Swim Like a Fish, and Run Like a Rabbit",D630. †D630. Transformation and disenchantment at will.
,,D150. †D150. Transformation: man to bird
,,D170. †D170. Transformation: man to fish.
,,D117.2. †D117.2. Transformation: man to hare (rabbit).
,,Q42.1. †Q42.1. Spendthrift knight.
,,D1081. †D1081. Magic sword.
,,D1470.1.15. †D1470.1.15. Magic wishing-ring.
,,D641. †D641. Transformation to reach difficult place.
,,K1931.3. †K1931.3. Impostors kill hero
,,B515. †B515. Resuscitation by animals.
,,N681. †N681. Husband (lover) arrives home just as wife (mistress) is to marry another.
,,H78.2. †H78.2. Identification by feather taken from hero when he was transformed to bird.
ATU 666* Hero and Leander,,T83. †T83. Hero and Leander.
ATU 670 Man Who Understands Animal Languages,AT 670 Animals Teach Man How to Handle is Wife,B350. †B350. Grateful animals.
,,B491.1. †B491.1. Helpful serpent.
,,B216. †B216. Knowledge of animal languages
,,C425. †C425. Tabu: revealing knowledge of animal languages.
,,N456. †N456. Enigmatical smile (laugh) reveals secret knowledge.
,,T253.1. †T253.1. Nagging wife drives husband to prepare for suicide.
,,N451. †N451. Secrets overheard from animal (demon) conversation.
,,T252.2. †T252.2. Cock shows browbeaten husband how to rule his wife.
ATU 671 The Three Languages,AT 671 Boy who Learned the Languages of Animals,B215.2. †B215.2. Dog language.
,,B215.1. †B215.1. Bird language.
,,B215.4. †B215.4. Frog language.
,,K512.2. †K512.2. Compassionate executioner: substituted heart.
,,H171.2. †H171.2. Bird indicates election of king (pope).
ATU 672 Serpent's Crown,AT 672 Gift of the King of Snakes,D1011.3.1. †D1011.3.1. Magic serpent's crown
,,B244.1. †B244.1. King of serpents (snakes).
,,B165.1.2. †B165.1.2. Animal languages from stolen serpent's crown.
,,B112. †B112. Treasure-producing serpent's crown.
,,B765.2. †B765.2. Snake lays aside his crown to bathe
,,E714.2. †E714.2. Serpent's life in its gold crown.
,,B765.6. †B765.6. Snake eats milk and bread with child.
,,B112. †B112. Treasure-producing serpent's crown
ATU 672 Serpent's Crown,AT 672B Toad's Crown (now ATU 672),ccccc
AT 673 The White Snake's Flesh,AT 673 The White Snake's Meat,B217.1.1. †B217.1.1. Animal languages learned from eating serpent.
,,N451. †N451. Secrets overheard from animal (demon) conversation.
ATU 675 The Lazy Boy,AT 675 The Simpleton Whose Wishes Always Came True,L114.1. †L114.1. Lazy hero.
,,B375.1. †B375.1. Fish returned to water: grateful.
,,D1761.0.1. †D1761.0.1. Wishes granted without limit.
,,D1601. †D1601. Object labors automatically.
,,D1523.1. †D1523.1. Self-propelling wagon
,,T513. †T513. Conception from wish.
,,H486. †H486. Test of paternity
,,H481.1. †H481.1. Infant indicates his unknown father by handing him an apple.
,,S141. †S141. Exposure in boat.
,,D1131.1. †D1131.1. Castle produced by magic.
,,L175. †L175. Lowly successful hero invites king and humbles him.
ATU 954 The Forty Thieves,AT 676 Open Sesame! (now ATU 954),D1552.2. †D1552.2. Mountain opens to magic formula (Open Sesame).
,,N455.3. †N455.3. Secret formula for opening treasure mountain overheard from robbers (Open Sesame).
,,N512. †N512. Treasure in underground chamber (cavern).
,,F721.4. †F721.4. Underground treasure chambers.
,,N478. †N478. Secret wealth betrayed by money left in borrowed money-scales.
,,"N471. †N471. Foolish attempt of second man to overhear secrets (from animals, demons etc.)"
,,K312. †K312. Thieves hidden in oil casks.
ATU 681 The Relativity of Time,AT 681 The Sultan's Bath Shows him a New Life,D2012.1. †D2012.1. King in the bath; years of experience in a moment
ATU 700 Thumbling,AT 700 Tom Thumb,F535.1. †F535.1. Thumbling.
,,F535.1.1.1. †F535.1.1.1. Thumbling drives wagon by sitting in horse's ear.
,,F535.1.1.9. †F535.1.1.9. Thumbling sold as freak
,,F535.1.1.11. †F535.1.1.11. Thumbling as accomplice to robbers.
,,F911.3.1. †F911.3.1. Thumbling swallowed by animals.
,,F535.1.1.8. †F535.1.1.8. Thumbling imprisoned in a sausage
,,F911.3.1. †F911.3.1. Thumbling swallowed by animals.
,,F913. †F913. Victims rescued from swallower's belly.
ATU 701 The Giant's Toy,AT 701 The Giant's Toy,F531.5.3. †F531.5.3. Giant's toy.
ATU 704 The Princess and the Pea,AT 704 The Princess and the Pea,H41.1. †H41.1. Princess on the pea
ATU 705A Born from Fruit (Fish),AT 705 Miraculous Birth ( now ATU 705A),T578. †T578. Pregnant man.
,,T511.5.1. †T511.5.1. Conception from eating fish.
,,T541.16. †T541.16. Birth from knee.
,,R13.3. †R13.3. Person carried off by bird.
,,N711. †N711. King (prince) accidentally finds maiden and marries her.
,,S410. †S410. Persecuted wife.
,,T412. †T412. Mother-son incest.
ATU 706 The Maiden Without Hands,AT 706 The Girl Without Hands,Q451.1. †Q451.1. Hands cut off as punishment.
,,S322.1.2. †S322.1.2. Father casts daughter forth when she will not marry him.
,,N711. †N711. King (prince) accidentally finds maiden and marries her.
,,K2117. †K2117. Calumniated wife: substituted letter (falsified message).
,,S451. †S451. Outcast wife at last united with husband and children.
ATU 706B The Chaste Nun,AT 706B The Girl Who Gave her Hands to her Brother,"T327.1. †T327.1. Maiden sends to her lecherous lover (brother) her eyes (hands, breasts) which he has admired."
ATU 707 The Three Golden Children,"AT 707 Dancing Water, Singing Apple, and Speaking Bird",N201. †N201. Wish for exalted husband realized.
,,H71.2. †H71.2. Gold (silver) hairs as sign of royalty.
,,H71.3. †H71.3. Pearls from hair as sign of royalty.
,,H71.1. †H71.1. Star on forehead as sign of royalty.
,,L162. †L162. Lowly heroine marries prince (king).
,,K2115. †K2115. Animal-birth slander.
,,K2110.1. †K2110.1. Calumniated wife.
,,S301. †S301. Children abandoned (exposed).
,,R131.2. †R131.2. Miller rescues abandoned child.
,,H1381.2.2.1. †H1381.2.2.1. Son seeks unknown father.
ATU 708 The Wonder Child,AT 708 The Wonder-Child,S441. †S441. Cast-off wife and child abandoned in forest.
,,D1717.1. †D1717.1. Magic power of monster child.
,,D741. †D741. Disenchantment of monster when prince promises to marry the monster's mother.
ATU 709 Snow White,AT 709 Snow White,"Z65.1. †Z65.1. Red as blood, white as snow"
,,D1323.1. †D1323.1. Magic clairvoyant mirror.
,,D1311.2. †D1311.2. Mirror answers questions.
,,L55. †L55. Stepdaughter heroine.
,,M312.4. †M312.4. Prophecy: superb beauty for girl.
,,S322.2. †S322.2. Jealous mother casts daughter forth.
,,K512.2. †K512.2. Compassionate executioner: substituted heart.
,,N831.1. †N831.1. Mysterious housekeeper.
,,F451.5.1.2. †F451.5.1.2. Dwarfs adopt girl as sister.
,,D1364.9. †D1364.9. Comb causes magic sleep
,,D1364.16. †D1364.16. Hairpin causes magic sleep.
,,D1364.4.1. †D1364.4.1. Apple causes magic sleep.
,,S111.4. †S111.4. Murder with poisoned apple.
,,S111.2. †S111.2. Murder with poisoned lace
,,F852.1. †F852.1. Glass coffin.
,,E21.1. †E21.1. Resuscitation by removal of poisoned apple.
,,Q414.4. †Q414.4. Punishment: dancing to death in red-hot shoes.
ATU 710 Our Lady's Child,AT 710 Our Lady's Child,S211. †S211. Child sold (promised) to devil (ogre).
,,S240. †S240. Children unwittingly promised (sold).
,,V271. †V271. Virgin Mary as foster mother.
,,C611. †C611. Forbidden chamber.
,,C911. †C911. Golden finger as sign of opening forbidden chamber
,,C912. †C912. Hair turns to gold as punishment in forbidden chamber.
,,J213. †J213. Choice: loss of beauty or speech.
,,Q451.3. †Q451.3. Loss of speech as punishment.
,,C944. †C944. Dumbness as punishment for breaking tabu.
,,N711.1. †N711.1. King (prince) finds maiden in woods (tree) and marries her.
,,G261. †G261. Witch steals children.
,,K2116.1.1. †K2116.1.1. Innocent woman accused of killing her new-born children.
,,D2025.1. †D2025.1. Speech magically recovered on execution stake.
,,H215. †H215. Magic manifestation at execution proves innocence.
ATU 711 The Beautiful and Ugly Twin Sisters,AT 711 The Beautiful and Ugly Twin,T548.2. †T548.2. Magic rites for obtaining a child.
,,C152. †C152. Tabus during pregnancy.
,,T551.3. †T551.3. Child born with animal head
,,L145.1. †L145.1. Ugly sister helps pretty one.
,,D732. †D732. Loathly Lady
,,D1860. †D1860. Magic beautification
ATU 712 Crescentia,AT 712 The Slandered Wife,K2110.1. †K2110.1. Calumniated wife.
,,K2112. †K2112. Woman slandered as adulteress (prostitute).
,,K2116.1.1.1. †K2116.1.1.1. Innocent woman accused of eating her new-born children.
,,H151.8. †H151.8. Husband attracted by wife's power of healing: recognition follows
,,S451. †S451. Outcast wife at last united with husband and children
ATU 715 Demi-cock,AT 715 Half-Chick,B171.1. †B171.1. Demi-coq
,,B435.1. †B435.1. Helpful fox.
,,F601.7. †F601.7. Animals as extraordinary companions.
,,D915.2. †D915.2. River contained under cock's wings.
,,D1382.8. †D1382.8. Magic stream quenches fire.
,,K481. †K481. Demi-coq by means of his magic animals and magic water collects money.
ATU 720 The Juniper Tree,"AT 720 My Mother Killed Me, My Father Ate Me",S121. †S121. Murder by slamming down chest-lid.
,,G61. †G61. Relative's flesh eaten unwittingly.
,,E607.1. †E607.1. Bones of dead collected and buried.
,,Q412. †Q412. Punishment: millstone dropped on guilty person.
,,E610.1.1. †E610.1.1. Reincarnation: boy to bird to boy.
ATU 725 Prophecy of Future Sovereignty,AT 725 The Boy Who Wouldn't Tell His Dreams,M312.0.1. †M312.0.1. Dream of future greatness.
,,D1812.3.3. †D1812.3.3. Future revealed in dream.
,,L425. †L425. Dream (prophecy) of future greatness causes banishment (imprisonment).
,,H551. †H551. Princess offered to man who can out-riddle her.
ATU 726 The Three Old Men,AT 726 The Oldest Man,F571.2. †F571.2. Sending to the older.
ATU 729 The Merman's Golden Axe,"AT 729 The Ax, Lost in the River",Q3.1. †Q3.1. Woodsman and the gold axe.
ATU 735 The Rich Man's and the Poors Man's Fortune,,N181. †N181. Fortunes of the rich man and of the poor man
ATU 735A Bad Luck Imprisoned,"AT 735A Bad Luck, Imprisoned and Released",N112. †N112. Bad luck personified.
,,N112.1. †N112.1. Bad luck put into a sack
ATU 736A Ring of Polycrates,AT 736A The Ring in the Fish,N211.1. †N211.1. Lost ring found in fish.
ATU 737 Who Will be her Future Husband,AT 737 Conjuring Up One's Future Husband,D1825.1. †D1825.1. Second sight.
ATU 745A The Predestined Treasure,AT 745A Wealth Finds Its Predestined Owner,N212. †N212. Money cannot be kept from where it is destined to go.
ATU 750A The Three Wishes,AT 750A Good Wishes and Foolish Wishes,K1811. Gods (saints) in disguise visit mortals.
,,D1761.0.2. Limited number of wishes granted.
,,Q1.1. Gods (saints) in disguise reward hospitality and punish inhospitality
,,J2071. Three foolish wishes.
,,J2073. Same wishes used wisely and foolishly.
,,J2072.3. Short-sighted wish: all he pulls on will follow.
,,D2172.2. Magic gift: power to continue all day what one starts
ATU 750B Hospitality Rewarded,AT 750B Hospitality Rewarded,K1811. Gods (saints) in disguise visit mortals.
,,Q1. Hospitality rewarded -- opposite punished.
,,Q141. Reward: man's cows magically multiply
ATU 750D God (St. Peter) and the Three Brothers,AT 750D Three Brothers and their Gifts from Heaven,K1811.1. Gods (spirits) disguised as beggars.
ATU 750H* The Notary Enters Heaven,AT 750H* A Cardplayer Enters Heaven,N221. Man granted power of winning at cards.
,,E756.2. Soul won from devil in card game.
ATU 751A The Farmwife is Changed into a Woodpecker,AT 751A The Greedy Woman Turned into a Bird,K1811. Gods (saints) in disguise visit mortals.
,,D1652.1.2. Cake magically increases.
,,Q292.1. Inhospitality to saint (god) punished.
,,D153.1. Transformation: man to woodpecker.
ATU 751C* Wealth Leads to Pride,AT 751C* Wealth Leads to Pride,K1811.1. Gods (spirits) disguised as beggars.
,,Q292.1. Inhospitality to saint (god) punished.
ATU 752A Christ and St. Peter in the Barn,AT 752A Threshing with Fire,K1811. Gods (saints) in disguise visit mortals.
,,J2411. Foolish imitation of miracle (magic).
ATU 753 Christ and the Smith,AT 753 Christ and the Smith,K1811. Gods (saints) in disguise visit mortals.
,,F663.0.1. Skillful smith calls self master of all masters
,,E782.4. Horse's leg cut off and replaced.
,,E121.2. Resuscitation by Christ.
,,D1886. Rejuvenation by burning.
,,J2411.1. Imitation of magic rejuvenation unsuccessful.
,,A1861.2. Creation of monkeys: old woman thrown into fire.
ATU 754 Lucky Poverty,AT 754 Money Bring Misfortune,J1085.1. The happy friar becomes unhappier as he receives ever more and more money.
ATU 756A Self-Righteous Hermit,AT 756A Self-Righteous Hermit,Q553.2. Punishment: angel ceases to appear to self-righteous hermit.
,,L435.1. Self-righteous hermit must do penance
,,Q521.1. Doing penance till green leaves grow on a dry branch.
,,F971.1. Dry rod blossoms.
ATU 756B Robber Madej,AT 756B Recovering the Devil's Contract,S211. Child sold (promised) to devil (ogre).
,,F81.2. Journey to hell to recover devil's contract.
,,N843. Hermit as helper.
,,H1235. Succession of helpers on quest.
,,H1273.1. Quest to devil in hell for return of contract.
,,F771.1.9. House of skulls
,,Q561. Punishments being prepared in hell.
,,J172. Account of punishments prepared in hell brings about repentance
,,Q520.2. Robber does penance.
,,Q521.1.1. Penance: crawling on knees and watering a dry staff until it blooms.
,,Q172.3. Man admitted to heaven as reward for penance
ATU 756C Two Sinners,AT 756C The Greater Sinner,Q520.1. Murderer does penance.
,,Q211.1. Parricide punished.
,,Q222.1. Punishment for desecration of host.
,,V29.1. Search for confessor.
,,Q521.1.2. Penance: carrying water in mouth from a distance and watering dry staff until it blooms.
,,Q521.2. Penance: carrying bag of stones (one for each murder) on the back until it falls off.
,,Q521.4. Penance: pasturing black sheep until they become white.
,,Q523.5. Penance: planting garden and offering free hospitality to all.
,,Q545. Murderer's penance complete when he kills a greater murderer and prevents a crime.
ATU 758 The various children of Eve,AT 758 Eve's Unequal Children,A1650.1. The various children of Eve.
ATU 759 Angel and the Hermit,AT 759 Divine Acts Vindicated,J225.0.1. Angel and hermit.
,,C411.1. Tabu: asking for reason of an unusual action.
,,C491. Tabu: expressing astonishment at marvel.
,,J225.4. Angel (Jesus) kills man.
,,J225.5. Angel kills man because he loves his child too much.
,,J225.3. Angel takes cup from old man.
,,"J225.0.2. God punishes many men because of one sinner, like a man who kills hive of bees for stinging of one."
,,U21.3. Man complains of injustice of gods' wrecking ship because of one man's sin
ATU 760 The Unquiet Grave,AT 760 The Unquiet Grave,E411.1. Murderer cannot rest in grave.
,,Q211.3. Uxoricide punished.
,,E411.0.2. Unquiet dead sinner taken to priest for absolution.
ATU 762 Woman with 365 children,AT 762 Woman with 365 children,T587.1. Birth of twins an indication of unfaithfulness in wife.
,,T586.1. Many children at a birth.
,,L435.2.1. Woman with three hundred sixty-five children.
ATU 763 Treasure Finders Who Murder One Another,AT 763 Treasure Finders Murder One Another,K1685. The treasure-finders who murder one another.
ATU 766 The Seven Sleepers,AT 766 The Magic Sleep,D1960.1. Seven sleepers.
ATU 767 Food for the Crucifix,AT 767 Food for the Crucifix,Q172.1. Child taken to heaven: offers food to crucifix
ATU 768 St Christopher and the Christ child,AT 768 St Christopher Carries the Christ child,Q25. Reward for carrying Christ across a stream.
ATU 769 The Child's Grave,AT 769 A Child Returns from the Dead,E324. Dead child's friendly return to parents
,,E361. Return from the dead to stop weeping.
ATU 770A* Guardian Angel,AT 770A* Guardian Angel,V238. Guardian angel.
ATU 777 The wandering Jew,AT 777 The wandering Jew,Q502.1. The Wandering Jew.
ATU 777* The Flying Dutchman,AT 777* The Flying Dutchman,E511. The Flying Dutchman
,,E511.1.1. Flying Dutchman sails because of cruelty.
,,E511.1.2. Flying Dutchman sails because of pact with Devil.
,,E511.1.3. Flying Dutchman sails because he defied the storm.
ATU 780 The Singing Bone,AT 780 The Singing Bone,E632.Reincarnation as musical instrument.
,,D1610.34.Speaking musical instrument.
,,N271.Murder will out.
ATU 781 Princess Who Murdered Her Child,AT 781 Bird Reports the Murder of a Child,B131.1.Bird reveals murder.
,,B215.Animal languages.
,,N271.4.Murder discovered through knowledge of bird languages.
,,Q211.4.Murder of children punished.
ATU 782 Midas and the Donkey's Ears,AT 782 Emperor Who Had Goat's Ears,F511.2.2.Person with ass's (horse's) ears.
,,N465.Secret physical peculiarity discovered by barber
,,D1316.5.Magic speaking reed (tree) betrays secret.
ATU 785 Lamb's Heart,AT 785 Who Ate the Lamb's Heart?,K1811.Gods (saints) in disguise visit mortals.
,,K402.The lamb without a heart
,,J1141.1.1.Largest part of a prize to go to the guilty man
ATU 791 Christ and St. Peter in Night-Lodgings,AT 791 St. Peter and Jesus Trade Places in Bed,K1132.Peter receives the blows twice.
ATU 800 The Tailor in Heaven,AT 800 The Tailor in Heaven,A661.0.1.2.Saint Peter as porter of heaven. *
,,P441.1.Tailor occupies God's throne for a day.
,,F1037.1.Footstool thrown from heaven.
,,L435.3.Self-righteous tailor in heaven expelled.
ATU 801 Master Pfriem,AT 801 The Fault-finder in Heaven,A661.0.1.2.Saint Peter as porter of heaven.
,,F13.Man admitted into heaven but must not find fault.
,,F171.6.3.Trying to get a beam through a door crosswise in otherworld.
,,H1023.2.Task: carrying water in a sieve.
,,F171.6.4.People in otherworld with horses both before and behind wagon.
,,Q312.1.Punishment for finding fault with God's works in heaven.
ATU 802 The Farmer in Heaven,AT 802 The Peasant and the Rich Man in Heaven,E758.Rejoicing at arrival of rich man in heaven.
ATU 804 St. Peter's Mother Falls from Heaven,AT 804 St.Peter's Mother,A661.0.1.2.Saint Peter as porter of heaven
,,F51.1.3.Stalk as sky-rope.
,,Q291.1.St. Peter's mother dropped from heaven because of hardheartedness
ATU 805 Joseph and Mary Threatens to Leave Heaven,AT 805 Joseph and Mary Threatens to Leave Heaven...,V254.6.Joseph and Mary threaten to leave heaven when the man who has always prayed to them is refused admittance
ATU 810 The Snares of the Evil One,AT 810 The devil loses a soul that was promised him,S211.Child sold (promised) to devil (ogre).
,,K218.1.Devil cheated by having priest draw a sacred circle about the intended victim.
,,D1381.11.Magic circle protects from devil.
,,G303.16.19.15.Devil cannot enter magic circle made to keep him out.
ATU 810A* The Priest and the Devil,AT 810A* Devil Builds a Church in One Night,S211.Child sold (promised) to devil (ogre).
,,G303.9.1.6.Devil as builder of churches.
,,G303.16.19.4.Devil (Satan) flees when cock is made to crow.
ATU 812 The Devil's Riddle,AT 812 The Devil's Riddle,M211.Man sells soul to devil.
,,H523.Test: guessing nature of devil's possessions.
,,H671.Riddle: what is sweeter than honey?
,,H672.Riddle: what is softer than swan down?
,,H673.Riddle: what is harder than stone?
ATU 813 Careless Word Summons the Devil,AT 813 Careless Word Summons the Devil,C12.Devil invoked: appears unexpectedly.
ATU 815 The Devil Who Skins a Corpse,AT 815 Keeping Watch at a Rich Man's Grave,D1381.11.Magic circle protects from devil.
,,K218.1.Devil cheated by having priest draw a sacred circle about the intended victim.
ATU 815* Shoemaker Who Made Shoes for the Devil,AT 815* Craftsman Refuses the Devil's Money,K210.Devil cheated of his promised soul.
,,"C12.2.Oath: ""May the devil take me if."""
,,G303.22.11.Devil as advocate of falsely condemned men.
,,Q45.2.Hospitality to devil repaid.
ATU 821B Chiickens from Boiled Eggs,AT 821B Chickens from Boiled Eggs,J1191.2.Suit for chickens produced from boiled eggs
ATU 825 The Devil in Noah's Ark,AT 825 The Devil in Noah's Ark,A1015.Flood caused by gods or other superior beings.
,,A1021.Deluge: escape in boat (ark).
,,K2213.4.2.Noah's secret betrayed by his wife
,,G303.14.1.1.Devil destroys Adam's work by night.
,,A2145.2.Snake preserved in ark: to stop hole with tail.
,,A2031.2.Flies on the ark.
,,A2214.3.Unicorn thrown from ark and drowned: hence no longer exists
,,A2232.4.Griffin disdains to go on ark; drowned: hence extinct.
,,F531.5.9.The giant on the ark.
,,C12.5.1.Noah's curse admits devil to ark.
,,A1853.1.Creation of mouse by devil in ark.
,,A2001.Insects from body of slain monster
ATU 826 List of Sins on Cowhide,AT 826 Devil writes a lsit in Church,G303.24.1.3.Devil writes down names of men on a hide in church
"ATU 830B ""My Crops will Thrive Here Without God's Blessing""",AT 830C If God Wills (now ATU 830B),C454.Tabu: boasting that one has no need of gods' help.
ATU 831 The Clergyman in Disguise as the Devil,AT 831 The Priest in the Goatskin,Q551.2.Punishment: animal skin grows on man's back.
ATU 832 The Disappointed Fisher,AT 832 A Fish for Each Child,Q553.5.Punishment: small catch of fish for child-murderers.
ATU 834 Poor Brother's Treasure,AT 834 Poor Brother's Treasure,N531.Treasure discovered through dream.
,,N182.Snake turns to gold in answer to dream.
,,D1454.Parts of human body furnish treasure.
ATU 836F* Miser and the Eye Ointment,AT 836F* Miser and the Eye Ointment,D1323.5.Magic salve gives clairvoyance
,,D1331.3.1.Salve causes magic sight and blindness.
ATU 837 The Beggar's Bread,AT 837 Wicked Landlord Poisons Own Son,N332.1.Man accidentally fed bread which his father has poisoned.
ATU 838 Son on the Gallow's,AT 838 Thief Reproaches His Mother,Q586.Son on gallows bites his mother's (father's) nose off: punishment for neglect in youth.
ATU 839 One Vice Carries Other With It,AT 839 The Greatest Sin,J485.Three sins of the hermit.
"ATU 841 One Beggar Trusts God, the Other the King","AT 841 One Beggar Praises God, One Praises the King",N351.Money (treasure) unwittingly given away.
ATU 844 The Luck-bringing Shirt,AT 844 Happy Man's Shirt,N135.3.The luck-bringing shirt.
ATU 845 The Old Man and Death,AT 845 The Old Man and Death,C11.The Old Man and Death.
ATU 846 Devil Always Blamed,AT 846 Devil Is Blamed; God is Praised,K1811.Gods (saints) in disguise visit mortals.
,,N111.4.1.Man thanks earth for saving his life; had he fallen into well he would have blamed Fortune.
ATU 800 The Tailor in Heaven,AT 800 The Tailor in Heaven,A661.0.1.2.Saint Peter as porter of heaven. *
,,P441.1.Tailor occupies God's throne for a day.
,,F1037.1.Footstool thrown from heaven.
,,L435.3.Self-righteous tailor in heaven expelled.
ATU 801 Master Pfriem,AT 801 The Fault-finder in Heaven,A661.0.1.2.Saint Peter as porter of heaven.
,,F13.Man admitted into heaven but must not find fault.
,,F171.6.3.Trying to get a beam through a door crosswise in otherworld.
,,H1023.2.Task: carrying water in a sieve.
,,F171.6.4.People in otherworld with horses both before and behind wagon.
,,Q312.1.Punishment for finding fault with God's works in heaven.
ATU 802 The Farmer in Heaven,AT 802 The Peasant and the Rich Man in Heaven,E758.Rejoicing at arrival of rich man in heaven.
ATU 804 St. Peter's Mother Falls from Heaven,AT 804 St.Peter's Mother,A661.0.1.2.Saint Peter as porter of heaven
,,F51.1.3.Stalk as sky-rope.
,,Q291.1.St. Peter's mother dropped from heaven because of hardheartedness
ATU 805 Joseph and Mary Threatens to Leave Heaven,AT 805 Joseph and Mary Threatens to Leave Heaven...,V254.6.Joseph and Mary threaten to leave heaven when the man who has always prayed to them is refused admittance
ATU 810 The Snares of the Evil One,AT 810 The devil loses a soul that was promised him,S211.Child sold (promised) to devil (ogre).
ATU 810 The Snares of the Evil One,AT 810 The devil loses a soul that was promised him,S211.Child sold (promised) to devil (ogre).
,,K218.1.Devil cheated by having priest draw a sacred circle about the intended victim.
,,D1381.11.Magic circle protects from devil.
,,G303.16.19.15.Devil cannot enter magic circle made to keep him out.
ATU 810A* The Priest and the Devil,AT 810A* Devil Builds a Church in One Night,S211.Child sold (promised) to devil (ogre).
,,G303.9.1.6.Devil as builder of churches.
,,G303.16.19.4.Devil (Satan) flees when cock is made to crow.
ATU 812 The Devil's Riddle,AT 812 The Devil's Riddle,M211.Man sells soul to devil.
,,H523.Test: guessing nature of devil's possessions.
,,H671.Riddle: what is sweeter than honey?
,,H672.Riddle: what is softer than swan down?
,,H673.Riddle: what is harder than stone?
ATU 813 Careless Word Summons the Devil,AT 813 Careless Word Summons the Devil,C12.Devil invoked: appears unexpectedly.
ATU 815 The Devil Who Skins a Corpse,AT 815 Keeping Watch at a Rich Man's Grave,D1381.11.Magic circle protects from devil.
,,K218.1.Devil cheated by having priest draw a sacred circle about the intended victim.
ATU 815* Shoemaker Who Made Shoes for the Devil,AT 815* Craftsman Refuses the Devil's Money,K210.Devil cheated of his promised soul.
,,"C12.2.Oath: ""May the devil take me if."""
,,G303.22.11.Devil as advocate of falsely condemned men.
,,Q45.2.Hospitality to devil repaid.
ATU 821B Chiickens from Boiled Eggs,AT 821B Chickens from Boiled Eggs,J1191.2.Suit for chickens produced from boiled eggs
ATU 825 The Devil in Noah's Ark,AT 825 The Devil in Noah's Ark,A1015.Flood caused by gods or other superior beings.
,,A1021.Deluge: escape in boat (ark).
,,K2213.4.2.Noah's secret betrayed by his wife
,,G303.14.1.1.Devil destroys Adam's work by night.
,,A2145.2.Snake preserved in ark: to stop hole with tail.
,,A2031.2.Flies on the ark.
,,A2214.3.Unicorn thrown from ark and drowned: hence no longer exists
,,A2232.4.Griffin disdains to go on ark; drowned: hence extinct.
,,F531.5.9.The giant on the ark.
,,C12.5.1.Noah's curse admits devil to ark.
,,A1853.1.Creation of mouse by devil in ark.
,,A2001.Insects from body of slain monster
ATU 826 List of Sins on Cowhide,AT 826 Devil writes a lsit in Church,G303.24.1.3.Devil writes down names of men on a hide in church
ATU 831 The Clergyman in Disguise as the Devil,AT 831 The Priest in the Goatskin,Q551.2.Punishment: animal skin grows on man's back.
ATU 832 The Disappointed Fisher,AT 832 A Fish for Each Child,Q553.5.Punishment: small catch of fish for child-murderers.
ATU 834 Poor Brother's Treasure,AT 834 Poor Brother's Treasure,N531.Treasure discovered through dream.
,,N182.Snake turns to gold in answer to dream.
,,D1454.Parts of human body furnish treasure.
ATU 836F* Miser and the Eye Ointment,AT 836F* Miser and the Eye Ointment,D1323.5.Magic salve gives clairvoyance
,,D1331.3.1.Salve causes magic sight and blindness.
ATU 837 The Beggar's Bread,AT 837 Wicked Landlord Poisons Own Son,N332.1.Man accidentally fed bread which his father has poisoned.
ATU 838 Son on the Gallow's,AT 838 Thief Reproaches His Mother,Q586.Son on gallows bites his mother's (father's) nose off: punishment for neglect in youth.
ATU 839 One Vice Carries Other With It,AT 839 The Greatest Sin,J485.Three sins of the hermit.
"ATU 841 One Beggar Trusts God, the Other the King","AT 841 One Beggar Praises God, One Praises the King",N351.Money (treasure) unwittingly given away.
ATU 844 The Luck-bringing Shirt,AT 844 Happy Man's Shirt,N135.3.The luck-bringing shirt.
ATU 845 The Old Man and Death,AT 845 The Old Man and Death,C11.The Old Man and Death.
ATU 846 Devil Always Blamed,AT 846 Devil Is Blamed; God is Praised,K1811.Gods (saints) in disguise visit mortals.
,,N111.4.1.Man thanks earth for saving his life; had he fallen into well he would have blamed Fortune.
ATU 850 The Birthmarks of the Princess,AT 850 The Princess's Birthmarks,H51.1. Recognition by birthmark.
,,H525. Test: guessing princess's birthmarks
,,K1358. Girl shows herself naked in return for youth's dancing hogs.
,,K443.6. Trickster exacts promise of marriage as price of silence after having seen a princess naked.
,,H315. Suitor test: to whom the princess turns.
ATU 851 The Princess Who Cannot Solve the Riddle,AT 851 Winning the Princess with a Riddle,H342. Suitor test: outwitting princess.
,,H551. Princess offered to man who can out-riddle her.
,,H565. Riddle propounded from chance experience.
,,H81.2. Clandestine visit of princess to hero betrayed by token.
,,H117. Identification by cut garment.
,,H792. Riddle of the unborn.
,,H802. Riddle: one killed none and yet killed twelve.
,,"H762. Riddle: what is the creature that is of all countries, that is loved by all the world, and that has no equal?"
,,H734. Riddle: what is the mother who devours her children when they grow up?
,,"H721.1. Riddle: tree with twelve branches, each with thirty leaves, black and white."
ATU 852 Lying Contest,"AT 852 Forcing the Princess to say ""That is a lie!""","H342.1. Suitor test: forcing princess to say, ""That is a lie."
,,X1237. Lie: remarkable ox or steer.
,,F54.2. Plant grows to sky.
,,X1547.2. Lie: river of honey.
,,X1757. Rope of sand (chaff).
,,X1036.1. Lie: the great stable: distance to stall.
,,X1201. Lie: the great animal.
,,X1423.1. Lie: the great cabbage
,,"X1726.2. Man cuts off own head, picks it up and replaces it."
,,X1739.2. Lie: man makes drinking water from his own skull.
,,K1271.1. Threat to tell of amorous intrigue used as blackmail.
ATU 853 Hero Catches Princess with Her Own Words,AT 853 Catching the Princess with Her Own Words,H507.1. Princess offered to man who can defeat her in repartee.
,,H507.1.0.1. Princess defeated in repartee by means of objects accidentally picked up
"ATU 853A ""No""","AT 853A Princess Always Answers ""No!""","K1331. ""No!"""
ATU 854 The Golden Ram,AT 854 Money Does Everything,H322. Suitor test: finding princess
,,K1341.1. Entrance to woman's room in golden ram
ATU 859 The Penniless Bridegroom Pretends to Wealth,AT 859 The Penniless Suitor,K1917. Penniless bridegroom pretends to wealth.
,,K1917.1. Penniless wooer: patch of land.
,,K1917.2. Penniless wooer: money in hand.
,,K1917.4. Penniless wooer.
ATU 870 The Princess Confined in the Mound,AT 870 The Entombed Princess,"R45. Captivity in mound (cave, hollow hill)."
,,R211. Escape from prison.
,,K1816.0.2. Girl in menial disguise at lover's court.
,,K1831. Service under a false name.
,,K1843.1. Bride has maid sleep in husband's bed to conceal pregnancy.
,,H13.1. Recognition by overheard conversation with animal.
,,H13.2. Recognition by overheard conversation with objects.
,,H151.5. Attention attracted by hints dropped by heroine as menial: recognition follows.
,,H15.1. Identity tested by demanding that person say again what he said on former occasion.
,,H92. Identification by necklace.
,,K1911.3. Reinstatement of true bride.
ATU 870A The Goosegirl,AT 870A The Goosegirl,T55. Girl as wooer.
,,K1843.1. Bride has maid sleep in husband's bed to conceal pregnancy.
,,H90. Identification by ornaments
,,H411.1. Magic stone as chastity test.
ATU 871 Princess and Ogress,AT 871 Princess and Ogress,C611. Forbidden chamber
,,T11.2. Love through sight of picture.
,,D567. Transformation by sunlight.
,,G11.3. Cannibal witch.
,,F93.0.2.1. Well entrance to lower world
,,C325. Tabu: looking into the pots in hell.
,,N681.1. Wife finds lost husband just as he is to marry another
ATU 873 The King Discovers his Unknown Son,AT 873 The King Discovers his Unknown Son,T645. Paramour leaves token with girl to give their son.
,,H1381.2.2.1.1. Boy twitted with illegitimacy seeks unknown father.
,,N731. Unexpected meeting of father and son.
,,H80. Identification by tokens.
,,L162. Lowly heroine marries prince (king).
ATU 875 The Clever Farmgirl,AT 875 The Clever Peasant girl,J1111.4. Clever peasant daughter.
,,H561.1.2. Found mortar taken to king reveals peasant girl's wisdom.
,,H561.1. Clever peasant girl asked riddles by king.
,,H583.7. King: Where shall I tie my horse? Maiden: Between summer and winter.
,,H641.1. What is most beautiful? The spring.
,,H631.3. What is strongest? Earth.
,,H632. Riddle: what is the swiftest?
,,H633. Riddle: what is sweetest?
,,H636. Riddle: what is the richest?
,,H1053. Task: coming neither on horse nor on foot (riding nor walking).
,,H1054. Task: coming neither naked nor clad.
,,H1023.1. Task: hatching boiled eggs.
,,L162. Lowly heroine marries prince (king).
,,J1191.1. Reductio ad absurdum: the decision about the colt.
,,J1545.4. The exiled wife's dearest possession.
ATU 875A Girl's Riddling Answer Betrays a Thief,AT 875A Revealing a Thief with Riddles,H582.1.1. The full moon and the thirtieth of the month.
ATU 875B Clever Girl and the King,AT 875B Task and Countertask,H1010. Impossible tasks.
,,H951. Countertasks.
,,J2121. Drying snow on the stove.
,,H1021.9. Task: sewing a shirt of stone.
,,H1024.1. Task: milking a bull.
,,H1024.1.1.1. Task: making a bull bear a calf.
,,J1536.2. Absurdity of trying to convert king to Hinduism -- like making cow of donkey or black dog into white.
,,H1023.25.1. Task: bringing well to king; countertask: sending his own well to accompany it.
ATU 875D Clever Young Woman at the End of the Journey,AT 875D Is the Fish Male or Female,H586. Riddling remarks of traveling companion interpreted by girl (man) at end of journey
,,D1318.2.1. Laughing fish reveals unjust judgment.
,,H561.1.1.1. Clever daughter construes enigmatic sayings.
ATU 875B* Storytelling Saves a Wife from Death (Sheherazade),AT 875B* Storytelling Saves a Wife from Death (Sheherazade),J1185.1. Scheherazade: story with indefinite sequels told to stave off execution.
ATU 877 The Old Woman who was Skinned,AT 877 The Old Woman who was Skinned,D1880. Magic rejuvenation.
ATU 879 The Basil Maiden,AT 879 The Sugar Puppet,H702. Riddle: how many stars in the heavens?
,,H705.3. How many leaves are on the tree? Counterquestion: how many stars in the sky?
,,K1837. Disguise of woman in man's clothes.
,,K525.1. Substituted object left in bed while intended victim escapes.
ATU 880 The Man Boasts of his Wife,AT 880 The Man Boasts of his Wife,K1837. Disguise of woman in man's clothes
,,R152.1. Disguised wife helps husband escape from prison
ATU 881 Oft-proved Fidility,AT 881 Slandered Wife Proves Her Innocence,K2112. Woman slandered as adulteress (prostitute).
,,T320.1. Oft-proved fidelity
,,K1837. Disguise of woman in man's clothes
,,H21. Recognition through picture.
,,
ATU 882 The wager on the wife's chastity (Cymbeline),AT 882 The wager on the wife's fidelity,N15. Chastity wager.
,,K1342. Entrance into woman's (man's) room by hiding in chest
,,H94. Identification by ring
,,K2112.1. False tokens of woman's unfaithfulness.
,,K1837. Disguise of woman in man's clothes.
ATU 883A Innocent Slandered Maiden,AT 883A Slandered Maiden,T320.1. Oft-proved fidelity.
,,K2110.1. Calumniated wife
,,K2112. Woman slandered as adulteress (prostitute).
,,S322.1.3. Father condemns daughter to death because he believes her unchaste.
,,K512.2. Compassionate executioner: substituted heart.
,,L162. Lowly heroine marries prince (king).
,,K2250.1. Treacherous servant
,,T320. Escape from undesired lover.
ATU 884 The forgotten fiancee: Service as a Menial,AT 884 The forgotten fiancee,K1837. Disguise of woman in man's clothes.
,,H1578.1. Test of sex of girl masking as man.
,,T84. Lovers treacherously separated.
,,T165.4. Bride and groom separated on wedding night.
,,N681.1. Wife finds lost husband just as he is to marry another.
,,K1816.0.2. Girl in menial disguise at lover's court.
,,D2003. Forgotten fiancée
ATU 887 Griselda,AT 887 Griselda,H461. Test of wife's patience.
ATU 888 The Faithful Wife,AT 888 Wife Rescues Her Husband from Slavery,R61. Person sold into slavery.
,,H431.1. Shirt as chastity index.
,,T320.1. Oft-proved fidelity.
,,K1837. Disguise of woman in man's clothes.
,,R152.1. Disguised wife helps husband escape from prison.
ATU 888A Wife Who Would Not be Beaten,AT 888A Clever Wife Saves Her Husbands Fortune,M134. Prince vows to marry no woman unless he can beat her daily
,,K1837. Disguise of woman in man's clothes.
,,J1545.6. Wife by cleverness wins back fortune overbearing husband has foolishly lost and humbles him.
,,H80. Identification by tokens.
ATU 889 Wager on the Faithfulness of the Servant,AT 889 The Truthful Servant,N25. Wager on truthfulness of servant.
,,J751.1. Truth the best policy.
ATU 890 The Pound of Flesh,AT 890 The Pound of Flesh,T52.3. Bride purchased for her weight in gold.
,,J1161.2. Pound of flesh.
,,K443.2. Clever wife gets money from those who attempt to seduce her.
,,K1825.2. Woman masks as lawyer (judge) and frees her husband.
ATU 891 The Man Who Deserts his Wife,"AT 891 Wife, in Disguise, Seduces her own Husband",H1187. Task left by departing husband for virgin wife to accomplish: have a son whose real mother she is and whose real father he is.
,,K1814. Woman in disguise wooed by her faithless husband.
ATU 891A Crystal Palace,AT 891A The Girl in the Tower,M372. Confinement in tower to avoid fulfillment of prophecy.
,,R41.2. Captivity in tower
,,"T381. Imprisoned virgin to prevent knowledge of men (marriage, impregnation)."
,,K1837. Disguise of woman in man's clothes.
ATU 891B The King's Glove,AT 891B The King's Glove,na
ATU 892 The children of the king,AT 892 The Slandered Fiancee,K2112.1. False tokens of woman's unfaithfulness.
,,Q261. Treachery punished
ATU 893 The Unreliable Friends.,AT 893 A Test of Friendship,H1558.1. Test of friendship: the half-friend.
,,R169.6. Youth saved from death sentence by father's friend
ATU 894 Ghoulish Schoolmaster and the Stone of Pity,AT 894 Ghoulish Schoolmaster,G11.9. Ogre schoolmaster.
,,K2155.1. Blood smeared on innocent person brings accusation of murder.
,,H13.2.2. Recognition by overheard conversation with stone.
ATU 897 Orphan Girl and Her Cruel Sister-in-Law,AT 897 Cruel Sister-in-Law,H934.2. Sisters-in-law impose tasks.
,,H1023.19. Task: bringing bundle of faggots without rope to tie them.
,,B579.5. Serpent acts as a rope to collect wood for man.
,,H1361.1. Quest for tiger's milk.
,,H1023.2. Task: carrying water in a sieve.
,,H1023.2.1.2. Task: carrying water in leaky vessel; frog sits in hole.
,,H1091.2. Task: sorting grains; performed by helpful birds.
ATU 898 The Daughter of the Sun,AT 898 The Daughter of the Sun,"T381. Imprisoned virgin to prevent knowledge of men (marriage, impregnation)."
,,T521. Conception from sunlight.
,,S313. Child of supernatural birth exposed.
,,R131.11.3. Prince rescues abandoned child.
ATU 899 Alcestis,AT 899 Wife Sacrifices Herself for Husband,M341.1.1. Prophecy: death on wedding day.
,,T211.1. Wife dies so that husband's death may be postponed.
ATU 900 King Thrushbeard,AT 900 King Thrushbeard,H311. Inspection test for suitors.
,,T76. Princess calls her suitors ugly names.
,,T62. Princess to marry first man who asks for her.
,,K1816.0.3. Menial disguise of princess's lover.
,,K1817.1. Disguise as beggar (pauper).
,,T72.2.1. Prince marries scornful girl and punishes her.
,,T45. Lover buys admission to woman's room.
,,"K1361. Beggar buys right to sleep before the girl's door, at foot of bed, in the bed."
,,L113.1.0.1. Heroine endures hardships with menial husband.
,,L431. Arrogant mistress repaid in kind by her lover.
,,H461. Test of wife's patience.
,,H465. Test of wife's endurance
,,Q483. Princess must sell goods on market as punishment.
,,H181. Recognition by unmasking.
ATU 901 Taming of the Shrew,AT 901 Taming of the Shrew,L50. Victorious youngest daughter.
,,T251.2. Taming the shrew.
,,H386. Bride test: obedience.
,,N12. Wager on the most obedient wife.
ATU 902* The Lazy Woman is Cured,AT 902* Curing the Lazy Woman,Q495.1. Lazy wife taken naked in bundle of straw to a wedding.
,,Q495. Punishment: unseemly exposure of body.
ATU 910A Father's Precepts Disregarded,AT 910A Enigmatic Advice Proves to be Valuable,J154. Wise words of dying father.
,,"J21.22. ""Do not tell a secret to a woman"""
,,"J21.46. ""Do not make friends with a policeman (soldier)"""
,,"J21.28. ""Do not trust a ruler who rules by reason alone"""
,,"J21.27. ""Do not adopt a child"":"
,,"J21.9. ""Do not visit your friends often"""
,,"21.4. ""Do not marry a girl from abroad"":"
,,"J21.47.1. ""Do not send your wife for a long visit to her parents"""
,,"J21.26. ""Don't be too greedy in making a trade"""
,,"J21.24. ""Do not make a horse run down hill"":"
,,"J21.10. ""Do not lend out your horse"""
ATU 910B Observance of the Master's Precepts,AT 910B Advice Well Taken,"J21.5. ""Do not leave the highway"""
,,"J21.6. ""Do not ask questions about extraordinary things"""
,,"J21.3. ""Do not go where an old man has a young wife"""
,,"J21.2. ""Do not act when angry"""
,,J1655.2. Valuable rubies baked in bread.
,,C320. Tabu: looking into certain receptacle.
,,J865. Consolation by thinking of some good aspect of a situation.
,,D758. Disenchantment by maintaining silence.
,,K2213.3. Faithless wife plots with paramour against husband's life.
,,K2155. Evidence of crime left so that dupe is blamed.
,,J571. Avoid hasty judgment.
,,Q20.2. Fulfillment of precepts rewarded.
ATU 910C Think Carefully Before You Begin a Task,AT 910C Consider the Consequences,"J21.1. ""Consider the end"""
ATU 910D Treasure Behind the Nail,AT 910D Man Hangs Himself and Finds a Treasuer,"J21.15. ""If you wish to hang yourself, do so by the stone which I point out"""
,,N545.1. Man in despair preparing to hang himself finds treasure in the tree (beam).
"ATU 910E ""Find the Treasure in Our Vineyard""",AT 910E Treasure in the Vineyard,H588.7. Father's counsel: find treasure within a foot of the ground.
ATU 910F Quarreling Sons and the Bundle of Twigs,AT 910F Strength of a Bundle of Sticks,J1021. The quarreling sons and the bundle of twigs
ATU 910G Man Buys a Pennyworth of Wit,AT 910G Buying Advice,J163.1. Man buys a pennyworth of wit
ATU 920B Birds Chosen by the Sons of the King,AT 920B What Kind of Bird?,J412.1. Prince of democratic tastes chosen
ATU 920C Shooting at the Father's Corpse as a Test of Paternity,AT 920C Shooting at the Father's Corpse,L13. Compassionate youngest son.
,,H486.2. Test of paternity: shooting at father's corpse.
ATU 921 The King and the Farmer's Son,AT 921 The Peasant's Clever Son,H583. Clever youth (maiden) answers king's inquiry in riddles.
,,H583.1. King: What do you see? Youth: One and a half men and a horse's head.
,,H583.2. King: What is your father doing? Youth: He is in the vineyard and is doing good and bad
,,H583.3. King: What is your brother doing? Youth: He hunts; he throws away what he catches and what he does not catch he carries with him.
,,H583.4. King: What is your mother doing? Youth: She does for another what the latter cannot do for her.
,,H583.5. King: What is your sister doing? Youth: She is mourning last year's laughter.
,,H583.6. King: What are you doing? Youth: I boil those which come and go.
ATU 921A Sharing of Bread or Money,AT 921A Four Payments,H585.1. The four coins.
"ATU 921B* Beggar, Thief, Murderer","AT 921B* Beggar, Thief, Murderer",NA
ATU 921C* Astronomer and Doctor at Farmer's House,"AT 921C* Astronomer, Watchmaker, and Doctor",L144.2. Farmer surpasses astronomer and doctor in predicting weather and choosing food.
ATU 921D* Witty Answers,AT 921D* Witty Responses,J1252. Quibbling answers
ATU 922 The Shepherd Substituting for the Clergyman Answers the Kings Questions,"AT 922 The King, the Abbot, and the Shepherd",H561.2. King and abbot.
,,H512. Guessing with life as wager.
,,H541.1. Riddle propounded on pain of death.
,,K1961. Sham churchman.
,,Q113.4. Appointment to priesthood as reward.
,,H691.1. Riddle: how much does the moon weigh?
,,"H705.2. How many leaves are on the tree? So and so many; and if you don't believe it, go count them"
,,H705.1. How many leaves are on the tree? As many as there are stems for.
,,H702. Riddle: how many stars in the heavens?
,,H696.1. Riddle: how much water is in the sea?
,,H703. Riddle: how many hairs are in the head?
,,"H701.1. How many seconds in eternity? A bird carries a grain of sand from a mountain each century; when the whole mountain is gone, the first second of eternity has passed"
,,H681.1. Riddle: how far is it from one end of the earth to the other (east to west)?
,,"H711.1. How much am I (the king) worth? Twenty-nine pieces of silver, for Christ was sold for thirty."
,,H634. Riddle: what is the sweetest song?
,,"H713.1. How much is a golden plow (throne, crown, palace) worth? A rain in May"
,,H797. Riddle: what does God do?
ATU 923 Love Like Salt,AT 923 Love Like Salt,"H592.1. ""Love like Salt."
,,M21. King Lear judgment.
ATU 924 Discussion in Sign Language,AT 924 Fighting with Symbols,J1804. Conversation by sign language mutually misunderstood.
,,H607.1. Discussion between priest and Jew carried on by symbols.
ATU 926 Judgment of Solomon,AT 926 Two Women Claim One Child,J1171.1. Solomon's judgment: the divided child
ATU 926C Cases Solved in a Manner Worthy of Solomon,AT 926C Wise Judges,J1141. Confession obtained by a ruse.
,,J1172.1. Not the same purse as was lost.
,,J1141.1. Guilty person deceived into gesture (act) which admits guilt.
,,"J1141.1.4. ""Guilty man's stick will grow during night."""
,,J1179.6. Thread awarded to disputant who knows what it was wound on.
,,J1154.2. Witnesses to make image of diamond they claim to have seen.
ATU 927 Out-riddling the Judge,AT 927 Out-riddling the Judge,H542. Death sentence escaped by propounding riddle king (judge) cannot solve
,,H804. Riddle: from the eater came forth meat and from the strong sweetness
,,H793. Riddle: seven tongues in a head.
,,H806. Riddle: drink this wine which a bird took to nest.
,,"H807. Formerly I was daughter, now I am mother; I have a son who was the husband of my mother."
,,H805. Riddle of the murdered lover.
,,H792. Riddle of the unborn.
ATU 929 Clever Defences,AT 929 Clever Defences,J1130. Cleverness in law court -- general.
,,N178. Loss of eye saves man from execution
ATU 930 The Prophecy,AT 930 Poor Boy to Marry Rich Girl,M312.1. Prophecy: wealthy marriage for poor boy.
,,K978. Uriah letter.
,,K511. Uriah letter changed.
,,K1355. Altered letter of execution gives princess to hero.
ATU 930A Predestined Wife,AT 930A Poor Girl to Marry a Rich Boy,T22.2. Predestined wife.
,,M359.2. Prophecy: prince's marriage to common woman.
,,M312.1.1. Prophecy: wealthy marriage for poor girl.
,,M370. Vain attempts to escape fulfillment of prophecy.
,,S115.2. Murder by sticking needle through head.
,,S143. Abandonment in forest.
,,R131. Exposed or abandoned child rescued.
,,H51. Recognition by scar.
,,N101. Inexorable fate.
ATU 931 Oedipus,AT 931 Oedipus,M343. Parricide prophecy
,,M371.2. Exposure of child to prevent fulfillment of parricide prophecy.
,,R131. Exposed or abandoned child rescued
,,"S354. Exposed infant reared at strange king's court (Joseph, Oedipus)."
,,N323. Parricide prophecy unwittingly fulfilled
,,T412. Mother-son incest.
ATU 934 Tales of the Predestined Death,AT 934 Prophecy of Death,"M341.1. Prophecy: death at (before, within) certain time."
,,"M301.12. Three fates, ""norns"", prophesy at child's birth."
,,M341.2.2. Prophecy: death by storm.
,,M341.1.1.4. Prophecy: death on entrance to the marriage chamber.
,,M341.2.6. Prophecy: death by wolf.
,,M341.2.21. Prophecy: death from snakebite
,,M341.2.3. Prophecy: death by drowning
,,"F901.1.1. Extraordinary threefold death: wounding, burning, drowning."
,,M370. Vain attempts to escape fulfillment of prophecy.
,,M372. Confinement in tower to avoid fulfillment of prophecy.
,,M341.2. Prophecy: death by particular instrument.
,,M370.1. Prophecy of death fulfilled.
ATU 935 The Prodigal's Return,AT 935 The Prodigal Son's Return,L161. Lowly hero marries princess
,,K1815. Humble disguise
,,K1837. Disguise of woman in man's clothes.
ATU 938 Placidas,"AT 938 First Misfortune, then Good Luck",J214. Choice: suffering in youth or old age.
,,N251. Person pursued by misfortune.
ATU 945 Luck and Intelligence.,AT 945 Intelligence or Luck?,H343. Suitor test: bringing dumb princess to speak.
,,F954.2.1. Dumb princess is brought to speech by tale ending with a question to be solved.
,,Z16.1. Four brothers construct a woman.
,,F1023. Creation of a person by cooperation of skillful men.
,,D435.1.1. Transformation: statue comes to life.
,,H621. Skillful companions create woman: to whom does she belong?
,,N141. Luck or intelligence? Dispute as to which is the more powerful.
ATU 947 The Man Followed by Bad Luck,AT 947 Pursued by Bad Luck,N253. Safety in shadow of wall
ATU 950 Rhampsinitus,AT 950 The Thief's Corpse,K315.1. Thief enters treasury through passage made by him as architect of the building
,,J1143. Thief detected by building straw fire so that smoke escapes through thief's entrance
,,K730. Victim trapped.
,,K407.1. Thief has his companion cut off his head so that he may escape detection.
,,J1142.4. Thief's corpse carried through street to see who will weep for him.
,,K332. Theft by making owner drunk.
,,K425. King's daughter put into brothel to catch thief.
,,H58. Tell-tale hand-mark
,,K415. Marked culprit marks everyone else and escapes detection.
ATU 952 The King and the Soldier,AT 952 The King and the Soldier,D2072. Magic paralysis
,,K422. Thief rendered helpless by magic.
,,N884.1. Robber helps king.
,,K1812.1. Incognito king helped by humble man.
ATU 953 The Robber and His Sons,AT 953 Three Frightful Tales,R153.3.3. Old robber frees his three sons: relates frightful adventures.
,,J1185. Execution escaped by story-telling.
,,K1011. Eye-remedy.
,,K527. Escape by substituting another person in place of the intended victim.
,,Q53. Reward for rescue.
ATU 954 The Forty Thieves (Ali Baba),AT 954 Killing the Thieves Hidden in Casks,D1552.2. Mountain opens to magic formula (Open Sesame).
,,N455.3. Secret formula for opening treasure mountain overheard from robbers (Open Sesame).
,,N512. Treasure in underground chamber (cavern).
,,N478. Secret wealth betrayed by money left in borrowed money-scales.
,,"N471. Foolish attempt of second man to overhear secrets (from animals, demons etc.)"
,,K312. Thieves hidden in oil casks.
ATU 955 The Robber Bridegroom,AT 955 The Robber Bridegroom,K1916. Robber bridegroom
,,"R135. Abandoned children (wife, etc.) find way back by clue (bread-crumb, grain, pebble, etc.)."
,,B143.1. Bird gives warning.
,,H57.2.1. Severed finger as sign of crime.
ATU 956 Hot Chamber in the House of Robbers,AT 956A At the Murderer's House (now ATU 956),K912. Robbers' (giants') heads cut off one by one as they enter house.
ATU 958C* Robber in Shroud,AT 958C* Robber Disguised as a Corpse,K311.1. Thief disguised as corpse.
ATU 958E* Deep Sleep Brought on by a Robber,AT 958E* Hand of Glory,K437.2. Robber with hand of glory killed.
ATU 960 The Sun Brings All to Light,AT 960 The Sun Brings All to Light,D1715. Magic power of dying man's words.
,,N271.1. The sun brings all to light.
ATU 960A Cranes of Ibycus,AT 960A Birds Witness a Crime,N271.3. The Cranes of Ibycus
ATU 967 Man Saved by a Spider Web,AT 967 Saved by a Spider Web,B523.1. Spider-web over hole saves fugitive.
ATU 968 Miscellaneous Robber and Murder Stories,AT 968 Robbers and Murderers,"K434.1. The girl seizes the robber concealed under the bed by the beard and says: ""What a coarse bundle of flax."
,,K434.3. Girl tells the thief money is in chest.
,,S121. Murder by slamming down chest-lid.
,,K343.0.1. Innkeeper deceived into going under the floor of the granary; meantime robbed.
ATU 973 Man as Sacrifice to the Storm,AT 973 Throwing a Man Overboard to Stop a Storm,S264.1. Man thrown overboard to placate storm.
ATU 974 The Homecoming Husband,AT 974 Returning Man's Wife is About to Remarry,N681. Husband (lover) arrives home just as wife (mistress) is to marry another
ATU 976 Which was the Noblest Act?,AT 976 Which was the Noblest Act?,"H1552.1. Which was the most generous -- husband, robber, or lover?"
ATU 980 Ungrateful Son,AT 980 Children Neglect Their Old Parents,J121. Ungrateful son reproved by naïve action of his own son: preparing for old age.
,,J121.2. Undutiful son rebuked by father.
ATU 980 Ungrateful Son,AT 980A Half a Blanket (now ATU 980),NA
ATU 980 Ungrateful Son,AT 980B The Wooden Bowl (now ATU 980),NA
ATU 980 Ungrateful Son,AT 980C Dragging the Old Father Only to the Gate (now ATU 980),NA
ATU 980D Meat Springs as a Toad on the Face of an Ungrateful Son,AT 980D A Toad in the Face of an Ungrateful Son,D444.2. Transformation: meat to toad.
ATU 981 Wisdom of Hidden Old Man Saves Kingdom,AT 981 Saved by and Old Man's Wisdom,J151.1. Wisdom of hidden old man saves kingdom.
ATU 982 Pretended Inheritance,AT 982 Old Father's Treasure,P236.2. Supposed chest of gold induces children to care for aged father.
,,Q281.1. Ungrateful children punished.
ATU 986 The Lazy Husband,AT 986 Lazy Man Finds a Treasure,NA
ATU 987 False Magician Exposed by Clever Girl,AT 987 False Magician Exposed by Clever Girl,NA
ATU 990 Seemingly Dead Revives,AT 990 Dead Woman Revived by a Grave Robber,K426. Apparently dead woman revives when thief tries to steal from her grave.
ATU 992 The Eaten Heart,AT 992 An Adulteress Eats Her Lover's Heart,Q478.1. The Eaten Heart.
ATU 992A Adulteress's Penance,AT 992A Woman Drinks from her Lover's Skull,NA
ATU 1000 Contest Not to Become Angry,AT 1000 Bargain not to become angry,K172. Anger bargain.
,,F613.3. Strong man's labor contract: anger bargain.
ATU 1002 Destroying the Master's Property,AT 1002 Giving Away the Master's Property,K1400. Dupe's property destroyed.
ATU 1003 Plowing,AT 1003 Coming Home When the Dog Does,K1411. Plowing the field: horse and harness destroyed.
ATU 1004 Hogs in the mud; sheep in the air,AT 1004 Hogs in the mud; sheep in the air,K404.1. Tails in ground.
,,K404.3. Stolen sheep's tails severed and put in tree.
,,K404.2. Ox's tail in another's mouth
ATU 1005 A Bridge (Road) of Carcasses,AT 1005 Building a bridge with Slain Cattle,K1441. Building a bridge of cattle
ATU 1006 Casting eyes,AT 1006 Casting eyes,K1442. Casting eyes: animal's eyes.
ATU 1006* Kill the Sheep That is Looking at You,AT 1006* Kill the Sheep That is Looking at You,K1440. Dupe's animals destroyed or maimed.
ATU 1008 Lighting the Road,AT 1008 Lighting the Way by Setting the Barn on Fire,K1412. Lighting the road (or painting the house red).
ATU 1009 Guarding the Store-room Door,AT 1009 Guarding the Door by Carrying it Away,K1413. Guarding the door.
ATU 1010 Repairing the House,AT 1010 Fixing Things Up,K1415. Repairing the house
ATU 1011 Tearing up the Orchard (Vineyard),AT 1011 Cutting Down the Orchard,K1416. Tearing up the orchard (vineyard).
ATU 1012 Cleaning the Child,AT 1012 Cleaning the Master's Child,K1461.1. Cleaning the child.
ATU 1013 Bathing (Warming) Grandmother,AT 1013 Bathing the Grandmother in Boiling Water,K1462. Washing the grandmother -- in boiling water.
ATU 1029 The woman as Cuckoo in the Tree,AT 1029 The Bargain Ends When the Cuckoo Sings,K1691. The woman as cuckoo on the tree shot down.
ATU 1030 The Crop Division,AT 1030 Man and Ogre Share the Harvest,"K171.1. Deceptive crop division: above the ground, below the ground."
ATU 1036 Hogs with Curly Tails,AT 1036 Hogs with Curly Tails,K171.4. Deceptive division of pigs: curly and straight tails.
ATU 1045 Pulling the Lake Together,AT 1045 Pulling Down the Forest with a Rope,K1744. Hero threatens to pull the lake together with a rope.
ATU 1049 The heavy axe,AT 1049 The heavy Axe or the Giant Bucket,K1741.1. Felling the whole forest.
,,K1741.3. Bringing the whole well.
ATU 1050 Felling trees,AT 1050 Contest in Felling Trees,K44. Deceptive contest in chopping.
,,K178. Deceptive bargain: felling the tree.
,,K1421. Clearing land: axe broken.
ATU 1051 Bending a Tree,AT 1051 Springing with a Bent Tree,K1112. Bending the tree.
ATU 1052 Carrying a Tree,AT 1052 A Contest in Carrying a Tree,K71. Deceptive contest in carrying a tree: riding.
ATU 1053 Shooting Wild Boars,AT 1053 Shooting Wild Boars,K1741.2. A thousand at one shot.
ATU 1060 Squeezing the (Supposed) Stone,AT 1060 Squeezing Water from a Stone,K62. Contest in squeezing water from a stone.
ATU 1061 Biting a Stone to Pieces,AT 1061 Biting Stones,K63. Contest in biting a stone.
ATU 1062 Throwing a Stone,AT 1062 A Contest in Throwing Stones,K18.3. Throwing contest: bird substituted for stone.
ATU 1063 Throwing a Club,AT 1063 Contest in Throwing the Giant's Club,K18.2. Throwing contest: golden club on the cloud.
ATU 1063A Throwing Contest,AT 1063A Shouting a Warning,K18.1. Throwing contest: trickster shouts.
,,K18.1.1. Throwing contest: trickster addresses Angel Gabriel.
,,"K18.1.2. Throwing contest: trickster addresses Angel Gabriel or St. Peter,"
ATU 1063A Throwing Contest,AT 1063B Throwing a Club to Constantinople (now ATU 1063A),na
ATU 1070 Wrestling Contest,AT 1070 Wrestling Contest with an Ogre,K12.1. Wrestling match won by deception: where to throw the ogre
ATU 1071 Wrestling Contest (with Old Grandfather),AT 1071 Wrestling Contest with a Bear,"K12.2. Wrestling match won by deception: bear as ""grandfather."""
ATU 1072 Running Contest,AT 1072 Race with the Trickster's Son,"K11.6. Race won by deception: rabbit as ""little son"" substitute."
ATU 1073 Climbing Contest,AT 1073 Climbing Contest With a Squirrel,"K15.1. Climbing match won by deception: squirrel as ""child"""
ATU 1082 Carrying the Horse,AT 1082 Carrying the Horse Between One's Legs,K72. Deceptive contest in carrying a horse.
ATU 1085 Making a hole in a tree,AT 1085 Splitting a Log Bare-Handed,K61. Contest in pushing hole in tree: hole prepared beforehand.
ATU 1088 Eating/Drinking contest,AT 1088 Contest in Eating,K81. Deceptive eating contest.
,,K81.1. Deceptive eating contest: hole in bag.
,,K82.3. Deceptive contest in drinking whisky.
ATU 1088 Threshing Contest,AT 1089 A Contest in Threshing,K42.1. Threshing contest
ATU 1090 Mowing Contest,AT 1090 Contest in Mowing,K42.2. Mowing contest won by trickery.
ATU 1091 Bringing an Unknown Animal,AT 1091 An Unheard-of Horse,K216.2. Bringing the devil an unknown animal.
ATU 1091 Bringing an Unknown Animal,AT 1092 An Unheard-of Bird (now ATU 1091),K31.1. Contest: shooting an unheard-of bird.
ATU 1096 Sewing Contest,AT 1096 Contest in Sewing,K47.1. Sewing contest won by deception: the long thread.
"ATU 43 Bear Builds a House of Wood, the Fox of Ice",AT 1097 House of Stone and House of Ice (now ATU 43),J741.1. Bear builds house of wood; fox of ice.
ATU 1115 Attempted Murder with a Hatchet,AT 1115 Attempting to Kill the Hero in His Bed,K525.1. Substituted object left in bed while intended victim escapes.
ATU 1119 Ogre Kills His Mother (Wife),AT 1119 Ogres Kill Their Own Children,K1611. Substituted caps cause ogre to kill his own children.
ATU 1120 Ogre's Wife Thrown into the Water,AT 1120 Ogre Drowns His Own Wife,na
ATU 1121 The Ogre's Wife Burned in Her Own Oven,AT 1121 Burning the Witch in Her Own Oven,G512.3.2.1. Ogre's wife (daughter) burned in his own oven.
ATU 1122 Ogre's wife killed through other tricks,AT 1122 Killing the Ogre's Wife,G519.1. Ogre's wife killed through other tricks
ATU 1130 Counting out Pay,AT 1130 A Boot Full of Money,K275. Counting out pay.
ATU 1133 Making Strong,AT 1133 Castrating the Ogre to Make Him Strong,K1012.1. Making the dupe strong -- by castration.
,,K241. The castration bargain: wife sent.
,,K1012.2. Making the dupe strong -- by scalding.
ATU 1135 Eye-remedy,AT 1135 Blinding an Ogre with an Eye Ointment,K1010. Deception through false doctoring.
,,K1011. Eye-remedy.
ATU 1137 Blinded Ogre (Polyphemus),AT 1137 Blinding an Ogre with a Stake,F512.1.1. Person with one eye in center of forehead.
,,G100. Giant ogre.
,,K1010. Deception through false doctoring.
,,K1011. Eye-remedy.
,,F521.1. Man covered with hair like animal.
,,K603. Escape under ram's belly
ATU 1138 Gilding the Beard,AT 1138 Gilding the Ogre's Beard,"K1013.1. Making the beard golden: ""such a one""."
ATU 1145 Afraid of Strange Noise,AT 1145 Frightening the Ogre By Burning Twigs,K2345. Ogre frightened at rustling.
ATU 1146 Millstones,AT 1146 Ogre Takes a Millstone to be a Pearl,K1718.2. Bluff: millstones said to be pearls of hero's mother.
ATU 1149 Bluff: Children Desire Tiger's Flesh,AT 1149 Making the Ogre Fear Children,K1715.4. Enemies frightened away by making them think they will be eaten.
,,K1715.2. Bluff: only one tiger; you promised ten
ATU 1149 Bluff: Children Desire a Tiger's Flesh,AT 1149 Making the Ogre Fear Children,K1715. Weak animal (man) makes large one (ogre) believe that he has eaten many of the large one's companions.
ATU 1151 Big Shoes,AT 1151 Frightening the Ogre with Giant Shoes,K1717. Big shoes in front of the barn.
ATU 1153 Wages: as much as he can carry,AT 1153 All the Money the Trickster Can Carry,K1732. Wages: as much as he can carry.
ATU 1157 The Ogre and the Gun,AT 1157 The Ogre Smokes a Gun for a Pipe,K1057. Gun as tobacco pipe.
,,J2131.4.1. Looking through the gun barrel.
ATU 1159 The Ogre Caught in the Cleft,AT 1159 Catching the Would-Be Musician in a Crack,K1111.0.1. Dupe wishing to learn to play fiddle has finger caught in cleft of tree.
,,K1755. Ogre terrified by woman's legs
,,K1111.1. Ogre's (dwarf's) beard caught fast.
ATU 1161 The Bear Trainer and His Bear,AT 1161 The Bear Trainer and His Cat,K1728. The bear trainer and his bear.
ATU 1164 The Devil and the Evil Woman,AT 1164 The Woman and the Ogre in the Pit,T251.1.2.1. Husband chooses to go to hell rather than join shrewish wife in heaven
,,T251.1.2.2. Man in hell declares that life there is much better than on earth with his wife
ATU 1165 The troll and the Baptism,AT 1165 The troll and the christening,K1736. Troll bluffed away from christening.
ATU 1169 Changing Heads,AT 1169 The Transposed Heads,A1371.1. Bad women because of head exchanged with devil.
,,E34. Resuscitation with misplaced head.
ATU 1170 The Unsalable Woman,"AT 1170 The Devil, the Pedlar, and the Old Woman",K216.1. The evil woman in the glass case as the last commodity.
ATU 1174 Making a Rope of Sand,AT 1174 Master's Magic Book,H1021.1. Task: making a rope of sand.
ATU 1175 Straightening a Curly Hair,AT 1175 Straightening a Curly Hair,H1023.4. Task: straightening a curly hair.
ATU 1179 The Devil on the Ship,AT 1179 The Devil Mans a Pump,H1023.5. Task: pumping out a leaky ship.
ATU 1180 Catching Water in a Sieve,AT 1180 Water in a Sieve,H1023.2. Task: carrying water in a sieve.
ATU 1185 The First Crop,AT 1185 The First Crop,K221. Payment to be made at harvest of first crop.
ATU 1187 Meleager,AT 1187 To Live as Long as a Candle Lasts,E765.1.1. Life bound up with candle.
,,K551.9. Let me live as long as this candle lasts.
ATU 1191 Sacrifice on the Bridge,AT 1191 Devil Build a Bridge,S241.1. Unwitting bargain with devil evaded by driving dog over bridge first.
ATU 1199 Prayer Without End,AT 1199 Death Waits for the Man to Pray,K551.1. Respite from death granted until prayer is finished
,,K555.2. Respite from death gained by long-drawn-out song.
ATU 1200 Sowing Salt,AT 1200 Planting Salt,J1932.3. Sowing salt to produce salt
,,J1932.1. Numskulls sow cooked grain.
,,J1932.2. Sowing cheese to bring forth a cow
,,J1932.4. Planting a hog in order to grow pigs.
ATU 1201 Carrying the Horse,AT 1201 The Protecting the Planted Field,J2163. Carrying the plow horse so as not to tramp up the field
ATU 1202 The Dangerous Sickle,AT 1202 Harvesting Grain with a Cannon,J2196. Grain shot down with guns
ATU 1210 Cow is Taken to the Roof to Graze,AT 1210 Grazing the Cow on the Roof,J1904.1. Cow (hog) taken to roof to graze.
ATU 1213 The Pent Cuckoo,AT 1213 The Pent Cuckoo,J1904.2. The pent cuckoo.
ATU 1214 The Persuavive Auctioner,AT 1214 The Persuavive Auctioner,J2087. The persuasive auctioneer.
"ATU 1215 The Miller, His Son, and the Donkey","AT 1215 The Man, the Boy, and their Donkey","J1041.2. Miller, his son, and the ass: trying to please everyone."
,,J1041. Impossibility of pleasing everyone.
ATU 1218 Numskull Sits on Eggs to Finish Hatching,AT 1218 Peasant Hatches Eggs,J1902.1. Numskull sits on eggs to finish the hatching.
,,K1253. The general hatches out an egg
ATU 1225 The man without a head,,J2381. Question: did the man ever have a head?
ATU 1227 Catching the squirrel,AT 1227 Jumping After a Squirrel,J2661.3. One woman to catch squirrel; the other to get the cooking pot.
ATU 1229 If the Wolf's Tail Breaks,AT 1229 Holding a Wolf by the Tail,X1133.3.2. If the wolf's tail breaks.
ATU 1231 The Attack on the Hare (Crayfish),AT 1231 Planning an Attack on a Hare,J2612. The attack on the hare (crayfish
ATU 1240 Cutting off the branch,AT 1240 Fool Cuts off Branch He is Sitting on,J2133.4. Numskull cuts off tree-limb on which he sits.
ATU 1241A Pulling Out the Tree,AT 1241A Tying Up a Cliff,na
ATU 1242 Loading wood,AT 1242 Loading the wood,J2213.4. If the horse can pull one load he can pull two
ATU 1242A Relief for the Donkey,AT 1242A Carrying the Load to the Spare Horse,J1874.1. Rider takes the meal-sack on his shoulder to relieve the ass of his burden
ATU 1244 Trying to Stretch the Beam,AT 1244 Stretching the Bench,J1964.1. Trying to stretch the beam.
ATU 1245 Sunlight carried in a bag into the windowless house,AT 1245 Carrying the Sunlight Into a Windowless House,J2123. Sunlight carried into windowless house in baskets.
ATU 1248 Tree-Trunks Laid Crosswise on a Sledge,AT 1248 Loading a Beam Crosswise in a Wagon,J1964. Tree-trunks laid crosswise of the sledge.
ATU 1250 The Human Chain,AT 1250 A Human Well Rope,J2133.5. Men hang down in a chain until top man spits on his hands.
ATU 1250A Hampers Pilled Up to Measure Tower,AT 1250A Building a Ladder of Boxes,J2133.6.1. Measuring the tower by piling up hampers
ATU 1255 A hole to throw the earth in,AT 1255 Digging a Hole to Bury a Pile of Earth,J1934. A hole to throw the earth in.
ATU 1260 The porridge in the ice hole,AT 1260 Making Porridge in a Whirlpool,J1938. Porridge in the ice hole
ATU 1263 The Porridge Eaten in Different Rooms,AT 1263 Eating Porridge and Milk in Two Rooms,J2167. Porridge eaten in different rooms.
ATU 1270 The Drying of the Candle,AT 1270 Drying Candles in the Oven,J2122. Candle put in the stove to dry: melts.
ATU 1271C* Cloak Given to a Stone,AT 1271C* Cloak for a Tree,J1873.2. Cloak given to a stone to keep it warm.
ATU 1276 Rowing without going forward,AT 1276 Rowing without going forward,J2164.1. Rowers pull in opposite directions.
,,J2164.2. Rowing in a boat which is tied up.
ATU 1278 Marking the place on the boat,AT 1278 Marking the boat,J1922.1. Marking the place on the boat.
ATU 1278 Marking the place on the boat,AT 1278* Hiding a Knife Beneath a Cloud (now ATU 1278),J1922.2. Marking the place under the cloud.
ATU 1281 Getting Rid of the Unknown Animal,AT 1281 Burning the Barn to Destroy an Animal,J2101. Getting rid of the cat.
ATU 1281A Getting Rid of the Man-Eating Calf,AT 1281A The Man-Eating Cow,J1815. Did the calf eat the man?
ATU 1284 Person Does Not Know Himself,AT 1284 Fool Does Not Know Himself,J2012. Person does not know himself.
ATU 1286 Jumping into the Breeches,AT 1286 Jumping into Breeches,J2161.1. Jumping into the breeches.
ATU 1287 Numskull unable to count their own number,AT 1287 Fools Cannot Count Themselves,J2031. Counting wrong by not counting oneself.
ATU 1287 Numskull unable to count their own number,AT 1287 Fools Cannot Count Themselves,J2031.1. Numskulls count selves by sticking their noses in the sand.
ATU 1288 Numskiulls Cannot Find Their Own Legs,AT 1288 Fools Cannot Find Their Own Legs,J2021. Numskulls cannot find their own legs.
ATU 1290 Swimming in the Flax-field,AT 1290 Fool Mistakes a Flax Field For a Lake,J1821. Swimming (fishing) in the flax-field.
ATU 1291 One Cheese Sent to Bring Back Another,AT 1291 Sending One Cheese After Another,J1881.1.2. One cheese sent after another
ATU 1291B Filling the Cracks with Butter,AT 1291B Fool Greases Cracked Earth With Butter,J1871. Filling cracks with butter
ATU 1291A Three-legged Pot Sent to Walk Home,AT 1291C Expecting a Table to Walk on Its Own Legs (now ATU 1291A),J1881.1.3. Three-legged pot sent to walk home
ATU 1294 Getting the Calf's Head out of the Pot,AT 1294 Beheading a Stuck Calf,J2113. Getting the calf's head out of the pot.
ATU 1296 Fool's Errand,AT 1296 Fool's Errand,J2346. Fool's errand.
ATU 1297* Jumping Into the River After Their Comrade,AT 1297* Fools Walk Into a River and Drown,J1832. Jumping into the river after their comrade.
ATU 1305 Miser and His Gold,AT 1305B Miser and His Stolen Gold (now ATU 1305),J1061.4. Miser's treasure stolen.
ATU 1310 Drowning the crayfish as punishment,AT 1310 Drowning an Eel,"K581.1. Drowning punishment for turtle (eel, crab)."
,,J1762.1.2. Crab mistaken for tailor.
ATU 1313 The Man Who Wanted to Commit Suicide,AT 1313 The Man who Thought He Was Dead,"J2311.2. The ""poisoned"" pot."
ATU 1313A The Man Takes Seriously the Prediction of Death,AT 1313A Prediction of Death is Taken Seriously,J2311.1. Numskull is told that he is to die when his horse breaks wind three times.
,,J2311.1.4. Man believes he will die when he gets a scarlet thread on his coat.
,,J2311.4. The dead man speaks up
ATU 1314 Mistaking Harmless Objects for Dangerous Ones,AT 1315 Train is Taken for an Animal (now ATU 1314),J1771.1. Big tree thought to be snake.
ATU 1316 Mistaking One Animal for Another,AT 1316 Mistaking a Rabbit for a Sheep,J1757. Rabbit thought to be a cow
,,J1755. Earthworm thought to be snake (or other monster).
,,J1754. Ass thought to be hare.
,,J1751. Dungbeetle thought to be bee.
ATU 1317 Blind Man and Elephant,AT NA,J1761.10. Blind men and elephant
"ATU 1318 Mistaking a Person (Animal, Object) for a Supernatural Being",AT 1318 Mistaking an Ordinary Object for a Ghost,J1782.1. Robber or dog in church thought to be a ghost.
,,J1782.2. Dropping dough thought to be a ghost
,,J1782.8. Person in haunted house shoots off all his toes thinking they are ghosts.
ATU 1319 Pumpkin Sold as a Donkey's Egg,AT 1319 Fool Thinks a Pumpkin is a Horse's Egg,J1772.1. Pumpkin thought to be an ass's egg.
ATU 1319A* Watch Mistake for the Devil's Eye,AT 1319A* Fools Mistake a Watch for a Ghost,J1781.2. Watch mistaken for the devil's eye.
ATU 1319J* Fool Eats a Beetle Thinking it a Blueberry With Wings,AT 1319J* Fools Eat Beetles for Berries,J1761.11. Fool mistakes dung-beetles for fruit: eats them.
ATU 1321 Fools frightened,AT 1321 Fools are Frightened,J2600. Cowardly fool
ATU 1321C Fools are Frightened at the Humming of Bees,AT 1321C Fool is Frightened by Humming Bees,J2614.1. Fools are frightened at the humming of bees.
ATU 1325A Fireplace Gives Too Much Heat,AT 1325A Moving the Fireplace,J2104. Moving the fireplac
ATU 1326 Moving the church,AT 1326 Moving the church,J2328. The moving church tower.
ATU 1327 Emptying the Flour Sack,AT 1327 Emptying a Bag of Meal,J2062.1. Which way the sheep shall return
ATU 1328A* Oversalting the Soup,AT 1328A* Oversalted Soup,na
"ATU 1333 The Shepherd who Cried ""Wolf!"" too often","AT 1333 The Shepherd who Cried ""Wolf!"" too often","J2172.1. The shepherd who cried ""Wolf!"" too often"
ATU 1334 The Local Moon,AT 1334 The Local Moon,J2271.1. The local moon.
ATU 1335 The Swallowed Moon,AT 1335 The Eaten Moon,J1791.1. Drinking the moon.
ATU 1335A Catching the Moon,AT 1335A Rescuing the Moon,J1791.2. Rescuing the moon.
ATU 1335* Setting Sun (Rising Sun) Mistaken for Fire,AT 1335* Fools Mistake Setting Sun for a Camp Fire,J1806. Setting sun mistaken for fire
ATU 1336A Not Recognizing Own Reflection,AT 1336A Woman Does not Recognize Her Own Reflection,J1791.7. Man does not recognize his own reflection in the water.
ATU 1339 Strange Foods,AT 1339 Fools Eating Unfamiliar Foods,J1732. Ignorance of certain foods.
ATU 1339D Farmers are Unacquainted with Mustard,AT 1339D Fools Eat a Whole Portion of Pepper,J1742.3. Peasants in city inn order whole portion of mustard.
ATU 1342 Warming Hands and Cooling Soup with the Same Breath,AT 1342 Hot and Cold with the Same Breath,NA
ATU 1347 Living Crucifix Chosen,AT 1347 Fools Choose a Living Crucifix,J1738.2. Living crucifix chosen
ATU 1347* The Statue's Father,AT 1347* The Statue's Father,NA
ATU 1348 The Imaginative Boy,AT 1348 The Imaginative Boy,"W211.2. ""I surely saw a hundred wolves (snakes)."""
ATU 1349D* What is Intelligence?,AT 1349D* Tricking Someone into Hitting a Rock,NA
ATU 1350 The Soon-Consoled Widow,AT 1350 A Man Feigns Death to Test His Wife,H466. Feigned death to test wife's faithfulness.
,,T231.3. Faithless widow ready to marry messenger who brings news of husband's death.
ATU 1351 The silence wager,AT 1351 The silence wager,H1194.0.1. Task: causing silent person to speak.
,,J2511. The silence wager.
ATU 1352A The Tale-Telling Parrot,AT 1352A Parrot's Tales Prevents an Adultery,J551.1. Cocks who crow about mistress's adultery killed.
,,K1591. Seventy tales of a parrot prevent a wife's adultery
ATU 1353 The old woman as troublemaker,AT 1353 The old woman as the Devil's Helper,"G303.10.5. Where the devil can't reach, he sends an old woman."
,,K1085. Woman makes trouble between man and wife: the hair from his beard.
ATU 1354 Death for the Old Couple,AT 1354 The Angel of Death and the Married Couple,J217.0.1. Unsatisfactory life preferred to death.
,,J217.0.1.1. Trickster overhears man praying for death to take him
,,K2065.1. Woman and sick husband.
ATU 1355A The Lord Above the Lord Below,AT 1355A The Lord Above the Lord Below,K1525. The Lord above; the lord below.
"ATU 1355B ""I Can See the Whole World!""",AT 1355B Farmer Seeks His Lost Calf Among Lovers,"K1271.4. Adulteress tells lover ""I can see the whole world."""
ATU 1355C The Lord Above Will Provide,AT 1355C The One Above Us Will Provide,K1271.5. The Lord above will provide.
ATU 1358A Hidden Lover Buys Freedom from Discoverer,AT 1358A Devil Jumps from a Lover's Hiding Place,K1555.2. The devil in the barrel.
,,K1554.1. Trickster sets fire to barrel of tow in which paramour is hidden
,,K443.1. Hidden paramour buys freedom from discoverer.
ATU 1358C Trickster Discovers Adultery,AT 1358C Exposing a Faithless Wife,K1571. Trickster discovers adultery: food goes to husband instead of paramour.
ATU 1359C Husband Prepares to Castrate the Crucifix,AT 1359C Would-Be Lovers Pose as Naked Statues,K1558. The husband prepares to castrate the crucifix.
ATU 1360C Old Hildebrand,AT 1360C Old Hildebrand,K1556. Old Hildebrand
ATU 1361 The Flood,AT 1361 Three Lovers and a Hot Kiss,K1522. Husband in hanging tub to escape coming flood
,,K1225. Lover given rump to kiss.
,,K1577. Second lover burns paramour at window with hot iron.
ATU 1362 The Snow-child (Modus Leibinc),AT 1362 The Snow Child,J1532.1. The Snow-Child.
ATU 1363 Tale of the Craddle,AT 1363 Lodgers Sleep with the Host's Wife and Daughter,K1345. Tale of the cradle.
ATU 1365 The obstinate wife,AT 1365 The Obstinate Wife,miscellaneous tales
ATU 1365A Wife Falls into a Stream,AT 1365A Seeking a Contrary Wife Upstream,T255.2. The obstinate wife sought for up-stream
ATU 1365B Cutting with the Knife or the Scissors,AT 1365B Knife or Scissors?,T255.1. The obstinate wife: cutting with knife or scissors
ATU 1365C Wife Insults the Husband as Lousy-Head,AT 1365C Woman Who Called Her Husband Lousy,T255.3. The obstinate wife: sign of the louse.
ATU 1365E Quarrelsome Couple,AT 1365J* Asking by Opposites (now ATU 1365E),NA
ATU 1375 Who can Rule His Wife?,AT 1366A* Horse for a Husband Who Rules His House (now ATU 1375),T252.1. Unsuccessful search for man who can rule his wife.
ATU 1370 The Lazy Wife is Reformed,AT 1370 The Lazy Wife,W111.3.2. Cat beaten for not working
ATU 1372 The Box on the Ears,AT 1372 Prescribing Blows,J2494. Getting a box on the ears.
ATU 1372* The Wife's Disease,AT 1372* Prescribing Good Food,J1511.3. Eating cure becomes epidemic
ATU 1373 The Weighed Cat,AT 1373 Weighing the Cat,J1611. The stolen meat and the weighed cat
ATU 1375 Who Can Rule His Wife?,AT 1375 Search for a Husband Who Can Rule,T252.1. Unsuccessful search for man who can rule his wife.
ATU 1377 Husband Locked Out,AT 1377 An Adulteress Locks Her Husband Out,K1511. The husband locked out.
ATU 1378 The Marked Coat in the Wife's Room,AT 1378 A Present for a Mistress,K1543. The marked coat in the wife's room.
ATU 1379 Wife Deceives Husband with Substitute Bedmate,AT 1379 Wife Takes the Place of Her Husbands Lover,K1843. Wife deceives husband with substituted bedmate.
,,K1843.2. Wife takes mistress's place in husband's bed.
ATU 1380 The faithless wife,AT 1380 A Faithless Wife Wishes Her Husband Blind,K1553. Husband feigns blindness and avenges himself on his wife and her paramour.
ATU 1381 The talkative wife and the discovered treasure,AT 1381 Man Discredits His Talkative Wife,J1151.1.1. Talkative wife discredited.
ATU 1381B The Sausage Rain,AT 1381B Mother Protects Her Half-Witted Son,J1151.1.3. The sausage rain.
ATU 1381C Buried Sheeps Head,AT 1381C Wife Talks About Her Husband's Crime,H472.1. Test of wife's ability to keep secret: the buried sheep's head.
ATU 1381D Wife Multiples the Secret,AT 1381D Wife Embellishes Her Husband's Secret,J2353. The wife multiplies the secret.
ATU 1381E Old Man Sent to School,AT 1381E Man Finds a Purse and Starts a School,NA
ATU 1383 A Woman Does Not Know Herself,AT 1383 A Woman Does Not Know Herself,J2012.2. Woman's garments cut off: does not know herself.
,,J2012.3. Woman in tar and feathers does not know herself.
ATU 1384 The husband hunts for three persons as stupid as his wife,AT 1384 Man Seeks Someone as Stupid As His Wife,H1312.1. Quest for three persons as stupid as his wife.
ATU 1385 A Foolish Wife's Security,AT 1385 A Woman Accepts Her Own Cow as Security,J2086. The foolish pawn.
ATU 1385* Learning About Money,AT 1385* Woman Loses Her Husband's Money,na
ATU 1386 Meat as food for cabbage,AT 1386 Feeding the Cabbage,J1856.1. Meat fed to cabbages
ATU 1387 A Woman Goes to Get Beer,AT 1387 A Woman Draws Beer in the Cellar,J2176. Fool lets wine run in the cellar
,,J2176.1. Fool tries to dry up spilt wine with meal.
ATU 1387 A Woman Goes to Get Beer,AT 1387A Foolish Wife Throws Things Away (now ATU 1387,
ATU 1405 The Lazy Spinning Woman,AT 1405 The Lazy Spinning Woman,K1971.4.1. Wife behind tree advises husband against having his wife work.
,,J2325. Husband made to believe that yarn has changed to tow through his carelessness.
ATU 1406 Three Clever Wives Wager,AT 1406 The merry wives wager,J2301. Gullible husbands.
,,K1545. Wives wager as to who can best fool her husband.
,,J2317. Well man made to believe that he is sick.
,,J2311.0.1. Wife makes her husband believe that he is dead.
,,J2013.2. Man made to believe that he is a dog.
,,J2314. Layman made to believe that he is a monk
,,J2324. Wife persuades her husband to have a good tooth pulled
,,J2315. Wife persuades husband that she has returned immediately.
,,J2316. Husband made to believe that his house has moved during his absence
,,J2312. Naked person made to believe that he is clothed.
ATU 1407 The Miser,AT 1407 Miser Suspects His Wife of Eating Too Much,W153.2. Miserly husband spies on wife to see that she does not eat too much
"ATU 1407A ""Everything""",AT 1407A Miser Gives His Wife Everything He Owns,K1155. Casual words uttered by dupe used to cheat him of his property.
ATU 1408 The man who does his wife's work,AT 1408 The man who did his wife's work,J2431. A man undertakes to do his wife's work.
,,J2176.1. Fool tries to dry up spilt wine with meal.
,,J2132.2. Numskull ties the rope to his leg as the cow grazes on the roof.
,,J2465.4. Washing the child.
,,J1881.1.3. Three-legged pot sent to walk home.
ATU 1408B Fault-Finding Husband Nonplussed,AT 1408B Woman Fills Her Husbands Request,J1545.3. Fault-finding husband nonplussed
ATU 1410 Four Men's Mistress,AT 1410 Husband as His Wife's Confessor,J1545.2. Four men's mistress.
ATU 1415 Lucky Hans,AT 1415 Lucky Hans,"J2081.1. Foolish bargain: horse for cow, cow for hog, etc."
ATU 1416 The mouse in the silver jug,AT 1416 The mouse in the silver dish,C324. Tabu: looking into jug.
,,H1554.1. Test of curiosity: mouse in jug.
ATU 1417 The Cut-off Nose (Hair),AT 1417 Wife Who Put Another Woman In Her Bed,K1512. The cut-off nose.
,,J2315.2. Gullible husb and made to believe he has cut off his wife's nose.
ATU 1418 The Equivocal Oath (Isolde's Ordeal),AT 1418 The Oath of Chastity,K1513. The wife's equivocal oath.
ATU 1419 Returning Husband Hoodwinked,AT 1419 Woman and Her Lover Trick Her Husband,K1510. Adulteress outwits husband.
,,K1521.2. Paramour successfully hidden in chest
ATU 1419B Animal in the Chest,AT 1419B Woman Substitutes an Animal for her Captured Lover,K1515. The animal in the chest.
ATU 1419C One-Eyed Husband,AT 1419C Husband with One Eye,K1516. The husband's good eye covered.
,,K1516.1. The husband's good eye treated.
ATU 1419D Lovers as Pursuer and Fugitive,AT 1419D Two Lovers Pretend to be a Murderer and His Fugitive,K1517.1. The lovers as pursuer and fugitive
ATU 1419G Clergyman's Breeches,AT 1419G Priest's Breeches,na
ATU 1419H Woman Warns Lover of Husband by Singing Song,AT 1419H Woman Warns Her Lover with a Song,K1546.1. Woman warns lover of husband by singing song.
ATU 1420C Borrowing from the Husband and Returning to the Wife,AT 1420C Borrowing Money From a Lover's Husband,K1581.3. Lover's gift regained: borrowing from the husband and returning to the wife.
ATU 1420A The Broken (Removed) Article,AT 1420E Buying Love with Fur Coat (now ATU 1420A),K1581.1. Lover's gift regained: the broken (removed) article.
ATU 1422 Parrot Report's Wifes Adultery,AT 1422 The Parrot and the Adulterous Woman,J1154.1. Parrot unable to tell husband details as to wife's infidelity
ATU 1423 The Enchanted Pear Tree,AT 1423 The Enchanted Tree,K1518. The enchanted pear tree.
ATU 1424 Friar Adds Missing Nose,AT 1424 Curing an Unborn Child,K1363.2. Friar adds missing nose (fingers) to unborn child: foetus is imperfect and he will substitute for absent husband.
ATU 1424* Wife Recovers What Her Husband First Found and Then Lost,AT 1424* Woman Assumes a Vulgar Name,NA
ATU 1425 Putting the Devil into Hell,AT 1425 Putting the Devil into Hell,K1363.1. Putting the Devil in Hell.
ATU 1425B* Why the Seventh Child has Red Hair,AT 1425B* You're Not Related to Your Father,na
ATU 1430 Man and His Wife Build Air Castles,AT 1430 Air Castles,J2060. Absurd plans. Air-castles.
,,J2060.1. Quarrel and fight over details of air-castles.
,,J2061. Air-castle shattered by lack of forethought.
,,J2061.1. Air-castle: the jar of honey to be sold.
,,J2061.2. Air-castle: pail of milk to be sold.
,,J2061.1.2. Air-castle: basket of eggs to be sold.
ATU 1430A Foolish Concerns for an Unborn Child,AT 1430A Foolish Concerns for an Unborn Child,J2060.1. Quarrel and fight over details of air-castles.
ATU 1440 Substituted Animal,AT 1440 Horse Instead of a Bride,J1615. That which was promised him
ATU 1443* Pillow Too High,AT 1443* Man Who Could Not Jump Over a Pillow,NA
ATU 1374* Woman Who Does Not Know How to Bake Bread,AT 1445* Kneading Dough (now ATU 1374*),"J2499.1. ""Till the front sweats."""
ATU 1450 Clever Elsie,AT 1450 Clever Elsie,J2063. Distress over imagined troubles of unborn child.
ATU 1451 The Thrifty Girl,AT 1451 A suitor chooses the thrifty girl,H381.1. Bride test: making dress from wasted flax.
ATU 1452 Thrifty Cutting the Cheese,AT 1452 Choosing a Bride by How She Cuts Cheese,H381.2. Bride test: thrifty cutting of cheese.
ATU 1453 Key in Flax Reveals Laziness,AT 1453 The Key in the Flax,H382.1. Bride test: key in flax reveals laziness.
ATU 1456 The blind fiancée,AT 1456 The Blind Fiancée,K1984.5. Blind fiancée betrays self
,,K1225. Lover given rump to kiss
ATU 1459** Keeping up appearances,AT 1459** Girls Family Puts on Show of Welath,K1984. Girls keep up appearances to deceive suitors as to their desirability
ATU 1462 The unwilling suitor advised from the tree,AT 1462 Suitor Pretends to Be an Angel,K1971.6. Girl behind the tree advises the unwilling suitor
ATU 1476 Prayer for a Husband,AT 1476 Prayer for a Husband,K1971.9. Sexton behind statue tells old maid praying for a husband to raise her foot to her neck.
ATU 1476A Prayer to Christ Child's Mother,AT 1476A Praying to a Statue's Mother,NA
ATU 1476B Old Maid Married to a Devil,AT 1476B Girl Who Married the Devil,G303.12.5. Devil marries girl.
ATU 1479* Old Maid on the Roof,AT 1479* An Old Woman Stays Out All Night,X753. A youth promises to marry an old maid if she will sit all night on the roof
ATU na,AT 1500 Old Woman's Cure (new classification Ashlimann),na
ATU 1510 Matron of Ephesus,AT 1510 Widow of Ephesus,K2213.1. Matron of Ephesus.
ATU 1516* Marriage as Purgatory,AT 1516B* Marriage as a Substitute for Purgatory (now ATU 1516*),"T251.0.2. Christ, not having married, knew nothing about suffering"
,,T251.0.1. Man ejected from heaven for folly of marrying twice.
ATU 1525 The Master Thief,AT 1525 The Master Thief,K301. Master thief.
ATU 1525A Tasks for a Thief,"AT 1525A Stealing a Horse, Sheet, and Parson",K301.1. Youth learns robbery as a trade: boasts of it.
,,H1151. Theft as a task.
,,H1151.2. Task: stealing twelve horses out of stall.
,,K332. Theft by making owner drunk
,,H1151.3. Task: stealing sheet from bed on which person is sleeping.
,,K362.2. Ring to put on corpse's finger
ATU 1525D Theft by Distracting Attention,AT 1525D Thief's Bait,K341.6. Shoes dropped to distract owner's attention.
,,K341.3. Thief distracts attention by apparently hanging (stabbing) himself.
,,K341.7. Animal's cry imitated to distract owner's attention from his goods.
ATU 1525G Thief in Disguise,AT 1525G Thief Assumes a Disguise,K311. Thief in disguise
ATU 1525E Thieves Steal from One Another,AT 1525H Thieves Rob Each Other (now ATU 1525E),K306. Thieves steal from each other.
,,L142.1. Pupil surpasses thieves in stealing.
,,J1516. Rogues exchange objects and cheat each other
,,K307.1. One thief hides in money bag; other carries it off.
ATU 1525Z* Other Tales of Theft,AT 1525J* Thief Leaves Food he thinks is Poisoned (now ATU 1525Z*),na
ATU 1525M Sheep in the Cradle,AT 1525M Hiding a Stolen Sheep in a Cradle,"K406.2. Stolen sheep dressed as baby in cradle, so that thief may escape detection."
ATU 1525E Thieves Steal from One Another,AT 1525N Two Thieves Trick Each Other (now ATU 1525E),K306. Thieves steal from each other.
ATU 1525Q Two Thieves Married to the Same Woman,AT 1525Q Two Thieves with the Same Wife,NA
ATU 1525L* Theft Commited While Tale is Told,AT 1525Q* Thief's Song (now ATU 1525L*),K341.20. The story about theft.
,,K341.21. The dance of the thief.
ATU 1525R Robber Brothers,AT 1525R Young Robber Tricks His Older Brothers,K308. Youngest brother surpasses elder as thief.
ATU 1526A Supper Won by a Trick,AT 1526A Winning Supper by a Trick,K455.1. Supper won by trick: the mutual friend.
,,K455.2. Supper won by disguising as an invited guest.
ATU 1527A The Robber Disarmed,AT 1527A Tricking a Robber into Wasting His Bullets,K630. Escape by disarming (making pursuit difficult).
,,"K724. Dupe induced to waste his bullets, then seized."
ATU 1528 Holding Down the Hat,AT 1528 Bird Under the Trickster's Hat,K1252. Holding down the hat.
ATU 1529 Thief as Donkey,AT 1529 Thief Claims to have been a Donkey,K403. Thief claims to have been transformed into an ass.
ATU 1529A* Exchange of Horses,AT 1529A* Winning a Bet by Eating Disgusting Food,na
ATU 1530 Holding up the Rock,AT 1530 Holding up a Rock,K1251. Holding up the rock
ATU 1533 The wise carving of the fowl,AT 1533 Dividing the Fowl,NA
ATU 1534 Series of Clever Unjust Decisions,AT 1534 Justice Restored with Unjust Decisions,J1173. Series of clever unjust decisions: plaintiff voluntarily withdraws.
ATU 1534A* Barber Substituted for Smith at Execution,AT 1534A* Substituting the Man to be Hanged,"J2233.1.1. Men hang old bedridden weaver instead of young, valuable member of colony after the young man has accidentally killed an Indian."
ATU 1535 The Rich and the Poor Farmer,AT 1535 The Rich Peasant and the Poor Peasant,na
ATU 1536 Disposing of a Corpse,AT 1536 Disposing of a Corpse,K2151. The corpse handed around.
ATU 1536A Woman in the Chest,AT 1536A Woman in the Chest,K2151. The corpse handed around.
,,K2321. Corpse set up to frighten people.
ATU 1536B Three Hunchback Brothers Drowned,AT 1536B Three Hunchbacks Plus One,N320. Person unwittingly killed.
,,K1551.1. Husband returns secretly and kills unwelcome suitor.
ATU 1537 The corpse killed five times,AT 1537 Killing a corpse,K2152. Unresponsive corpse
,,K2151. †K2151.
ATU 1538 Revenge of the Cheated Man,AT 1538 The Boy and the Cow Thieves,K713.1. Deception into allowing oneself to be tied
,,K1825.1.3. Trickster masks as doctor and punishes his cheaters.
ATU 1539 Cleverness and gullibility,AT 1539 Tricksters and Their Victims,K132. Wolf sold as a goat (sheep).
,,K111.2. Alleged bill-paying hat sold.
,,K113.4. Alleged resuscitating wand sold
,,K111.1. Alleged gold-dropping animal sold.
,,K131.1. Rabbit sold as letter-carrier.
,,K112.1. Alleged self-cooking kettle sold.
,,K1068.2. Teaching Latin
,,K911.1. Sham death to wound enemies.
ATU 1540 The student from Paradise (Paris),AT 1540 The Man from Paradise,J2326. The student from paradise.
,,K341.9.1. Thief persuades owner to take his place so he can go and catch thief: really steals owner's horse.
ATU 1541 For the long winter,AT 1541 For the long winter,K362.1. For the long winter.
,,J2460.1. Disastrous following of misunderstood instructions
ATU 1542 The clever boy,AT 1542A Trickster Borrows a Horse (now ATU 1542),K341.8.1. Trickster pretends to ride home for tools to perform tricks.
,,K112.1. Alleged self-cooking kettle sold.
,,K113. Pseudo-magic resuscitating object sold.
,,J2401. Fatal imitation.
,,K1321.1. Man disguised as woman admitted to women's quarters: seduction.
,,K842. Dupe persuaded to take prisoner's place in a sack: killed.
,,L161. Lowly hero marries princess.
ATU 1542** The Maiden's Honor,AT 1542** Restored Virginity,K1363. Seduction of person ignorant of sexual intercourse.
ATU 1543* The man without a member,AT 1543* Wife Gives her Husband Money to Buy a Better Penis,J1919.8. The man without a member: foolish wife gives her husband money to buy himself one.
ATU 1543* The man without a member,AT 1543A* The Comb (now ATU 1543*),J1919.8. The man without a member: foolish wife gives her husband money to buy himself one.
ATU 1543C* The Clever Doctor,AT 1543C* Patient With No Sense of Taste,NA
ATU 1544 The man who got a night's lodging,AT 1544 Gaining Lodging and Food by Trickery,K1981.1. Trickster feigns deafness and gets hospitality from miser.
,,K258. Stolen property sold to its owner.
,,K1572. Trickster makes woman believe that her husband is coming to punish her adultery.
,,K942. Angry man kills his own horse by mistake.
ATU 1544A* Soldier's Riddle,AT 1544A* Soldier's Riddle,NA
ATU 1545 The boy with many names,AT 1545 The Boy with Fanciful Names,"K602. ""Noman."
ATU 1545B Boy Who Knew Nothing of Women,AT 1545B Boy Who Knew Nothing of Sex,K1327. Seduction by feigned stupidity
ATU 1547* Trickster with Painted Penis,AT 1547* Seducing a Woman with the Promise of a Gifted Baby,K1398. The trickster with painted member.
ATU 1548 Stone Soup,AT 1548 Nail Soup,"K112.2. ""Soup stone"" sold."
ATU 1551 The Wager that Sheep are Hogs,AT 1551 Buying a Cow as a Goat,K451.2. The wager that sheep are hogs.
ATU 1555A Paying for Bread with Beer,AT 1555A Paying for One Item with Another,"K233.4. Man orders a bottle of beer, then returns it and takes a loaf of bread instead."
ATU 1555B Wine and Water Business,AT 1555B Trading Water for Rum,"K231.6.2.2. Trickster fills his gallon jug half full of water, then has it filled with rum at the store."
ATU 1556 The Double Pension (Burial Money),AT 1556 The Double Funeral Money,"K482.1. Husband and wife each receive money (from different persons) to bury the other, who is supposed to be dead."
ATU 1557 Box on the Ear Returned,AT 1557 The Circulating Slap,K2376. The returned box on the ears.
ATU 1558 Welcome to the Clothes,AT 1558 Man is Invited Because of His Clothes,J1561.3. Welcome to the clothes.
ATU 1561 Three Meals in a Row,AT 1561 Eating Three Meals One After the Other,"W111.2.6. The boy eats breakfast, dinner, and supper one immediately after the other; then lies down to sleep."
"ATU 1562 ""Think Thrice before you Speak.""",AT 1562 Think Three Times Before You Speak,J2516.1. Think thrice before you speak.
"ATU 1562A ""The Barn is Burning""",AT 1562A House with the Strange Names,J1269.12. Youth announces fire in imitation of priest's metaphorical language.
ATU 1562B* Dog's Bread Stolen,AT 1562B* Whole Loaf of Bread,NA
"ATU 1563 ""Both?""",AT 1563 Servant Takes Advantage of his Master's Wife and Daughter,"K1354.1. ""Both?"""
,,K1354.2.1. Trickster asks husband for one thing and the wife for another.
ATU 1565 Agreement Not to Scratch,AT 1565 Wager Not to Scratch,K263. Agreement not to scratch.
ATU 1566A* Maids Must Rise Even Earlier,AT 1566A* Killing the Rooster That Wakes You,K1636. Maids must rise even earlier.
ATU 1567 Stingy Household,AT 1567 Hungry Servant,J1341.1. Softening bread-crusts.
,,J1341.4. Two eggs.
ATU 1567F Hungry Shepherd,AT 1567F One Cow With Two Calves,J1341.6. Hungry shepherd attracts attention
ATU 1567G Good Food Changes Song,AT 1567G Good Food Changes the Song,J1341.11. Hired men sing of displeasure with food; change song when food is improved
ATU 1571* Servants Punish Their Master,AT 1571* Finding an Excuse to Beat One's Master,NA
"ATU 1572C* ""Don't Contradict Me!""",AT 1572D* Accepting the Gift Not Offerred Seriously (now ATU 1572C*),NA
ATU 1574 The Tailor's Dream,AT 1574 The Tailor's Dream,J1401. The tailor's dream
ATU 1575* Clever Shepherd,AT 1575* Servant Pretends to be an Angel,K1971.2. Man behind the tree threatens his debtor.
ATU 1577* Blind Robber Paid Back,AT 1577* Blind Beggar is Robbed,N455.1. Overheard boast about hidden money brings about robbery.
"ATU 1579 Carrying Wolf, Goat, and Cabbage across Stream","AT 1579 Ferrying a Wolf, Goat, and Cabbage","H506.3. Test of resourcefulness: carrying wolf, goat, and cabbage across stream."
ATU 1585 The Lawyer's Mad Client,AT 1585 The Lawyer's Crazy Client,K1655. The lawyer's mad client.
ATU 1586 The Man in Court for Killing a Fly,AT 1586 The Fly on the Judge's Nose,J1193.1. Killing the fly on the judge's nose.
,,J1833.1. Numskull shoots grasshopper which lighted on the shoulder of his friend and kills friend.
ATU 1588** Cheater Caught by Seizing on His Own Words,AT 1588** Cheater Caught With His Own Words,K2310. Deception by equivocation.
ATU 1589 The Lawyer's Dog Steals Meat,AT 1589 The Case of the Lawyer's Dog,K488. Lawyer's dog steals meat
ATU 1590 The Tresspasser's Defence,AT 1590 Dirt in the Tresspasser's Shoe,K475. Cheating through equivocation.
,,K2310. Deception by equivocation
,,M105. Equivocal oaths.
,,Q270. Misdeeds concerning property punished.
,,J1161.3. Trespasser's defense: standing on his own land.
ATU 1591 The Three Joint Depositors,AT 1591 The Three Joint Depositors,J1161.1. The three joint depositors may have their money back when all demand it.
ATU 1592 The Iron-eating Mice,AT 1592 The Iron-eating Mice,J1531.2. The iron-eating mice.
ATU 1592B Pot Has a Child and Dies,AT 1592B Pot That Had a Child and Died,J1531.3. The pot has a child and dies.
ATU 1600 The fool as murderer,AT 1600 Substituting An Animal for a Corpse,NA
ATU 1610 Sharing the Reward,AT 1610 Sharing Strokes with the King's Guard,K187. Strokes shared.
ATU 1611 Contest in Climbing the Mast,AT 1611 Sailor Falls from the Mast,K1762. Bluff: climbing the mast.
ATU 1612 The Contest in Swimming,AT 1612 The Contest in Swimming,K1761. Bluff: provisions for the swimming match.
"ATU 1613 ""Playing-Cards are my Calendar and Prayer Book.""",AT 1613 Playing-Cards as a Prayerbook.,H603. Symbolic interpretation of playing cards
ATU 1617 Unjust Banker is Deceived into Delivering Deposits,AT 1617 Unjust Banker is Tricked into Repaying a Deposit,K455.9. Worthless chests offered to obtain credit.
,,K476.2. False articles used to produce credit.
,,K1667. Unjust banker deceived into delivering deposits by making him expect even larger.
ATU 1620 The Emperor's New Clothes,AT 1620 The Emperor's New Clothes,K445. The emperor's new clothes.
,,J2312. Naked person made to believe that he is clothed.
ATU 1626 Dream Bread,AT 1626 Dream Bread,K444. Dream bread: the most wonderful dream
ATU 1628* So They Speak Latin,AT 1628* Pretending to Speakl a Foreign Language,J1511.11. Boy pretends to speak only Latin.
ATU 1635 Eulenspiegel's Tricks,AT 1635 Eulenspiegel's tricks,K300. Thefts and cheats -- general.
ATU 1640 The Brave Tailor (Seven with One Stroke),AT 1640 The Brave Little Tailor,J1115.4. †J1115.4. Clever tailor.
,,"K1951.1. †K1951.1. Boastful fly-killer: ""seven at a blow"""
,,K62. †K62. Contest in squeezing water from a stone.
,,K71. †K71. Deceptive contest in carrying a tree: riding.
,,K1112. †K1112. Bending the tree
,,K63. †K63. Contest in biting a stone
,,K18.3. †K18.3. Throwing contest: bird substituted for stone.
,,K72. †K72. Deceptive contest in carrying a horse.
,,K61. †K61. Contest in pushing hole in tree: hole prepared beforehand.
,,K525.1. †K525.1. Substituted object left in bed while intended victim escapes.
,,"K1082. †K1082. Ogres (large animals, sharp-elbowed women) duped into fighting each other."
,,K771. †K771. Unicorn tricked into running horn into tree
,,H38.2.1. †H38.2.1. Tailor married to princess betrays trade by calling for needle and thread.
,,K1951.3. †K1951.3. Sham-warrior intimidates soldiers with his boasting.
,,K1951.2. †K1951.2. Runaway cavalry-hero.
ATU 1641 Doctor Know-all,AT 1641 Doctor Know-all,K1956. †K1956. Sham wise man.
,,"N611. †N611. Criminal accidentally detected: ""that is the first."""
,,"N688. †N688. What is in the dish: ""Poor Crab"""
,,K1956.1. †K1956.1. Sham wise man gives a purgative and helps find a lost horse.
,,K1956.2. †K1956.2. Sham wise man hides something and is rewarded for finding it.
,,K1961.1.3. †K1961.1.3. Sham parson: the sawed pulpit.
ATU 1641C Gibberish Thought to be Latin,AT 1641C Peasant Who Spoke Latin,K1961.1.2. †K1961.1.2. Sham parson repeats same expression over and over or says a few words of Latin.
ATU 1642 The Good Bargain,AT 1642 The Good Bargain,J1851.1.1. †J1851.1.1. Numskull throws money to frogs so that they can count it.
,,J1852. †J1852. Goods sold to animals.
,,J1853. †J1853. Goods sold to object.
,,J1853.1. †J1853.1. Fool sells goods to a statue.
,,H341. †H341. Suitor test: making princess laugh.
,,K187. †K187. Strokes shared.
,,J1151.2. †J1151.2. Witness claims the borrowed coat: discredited.
ATU 1643 Money Inside the Statue,AT 1643 The Selling Goods to a Statue,J1853.1.1. †J1853.1.1. Money from the broken statue.
ATU 1645 Treasure at Home,AT 1645 Treasure at Home,N531.1. †N531.1. Dream of treasure on the bridge
ATU 1645A Dream of Treasure Bought,AT 1645A Dream of Buried Treasure,E721. †E721. Soul journeys from the body.
,,E730. †E730. Soul in animal form
,,N531.3. †N531.3. Dream of treasure bought.
ATU 1650 The Three Lucky Brothers,"AT 1650 Three Brothers Inherit a Rooster, Scythe, and Cat",N411.1.1. †N411.1.1. Cat as sole inheritance.
,,N411.2.1. †N411.2.1. Sickle as only inheritance.
,,N411. †N411. Object unknown in a country sold for a fortune.
,,N411.2. †N411.2. Sickle sold for fortune in land without sickles.
1651 Whittington's cat,1651 Dick Whittington and His Cat,N411.1. †N411.1. Whittington's cat.
1651A Fortune in Salt,1651A Salt In a Saltless Land,N411.4. †N411.4. Salt in saltless land sold for fortune.
1652 The Wolves in the Stable,1652 The Fiddler and the Wolves,K443.5. †K443.5. Trickster entices wolves out of a stable by music: exacts money from their watcher for his carelessness.
1653 The Robbers under the Tree,1653 The Robbers under the Tree,K335.1.1. †K335.1.1. Object falls on robbers from tree.
,,K1413. †K1413. Guarding the door.
,,K335.1.1.1. †K335.1.1.1. Door falls on robbers from tree.
,,K335.1.2.1. †K335.1.2.1. Corpse thrown among robbers frightens them from treasure.
,,K335.1.1.2. †K335.1.1.2. Cow-hide falls on robbers from tree.
,,K335.1. †K335.1. Robbers frightened from goods
,,N612. †N612. Numskull talks to himself and frightens robbers away.
1653 The Robbers under the Tree,1653A Securing the Door (now ATU 1653),K335.1.1.1. †K335.1.1.1. Door falls on robbers from tree.
1653 The Robbers under the Tree,1653B Two Brothers in a Tree (now ATU 1653),K335.1. †K335.1. Robbers frightened from goods
1655 The profitable exchange,1655 The profitable exchanges,K251.1. †K251.1. The eaten grain and the cock as damages.
1657 How the Jews Were Lured Out of Heaven,1656 Luring Unwanted Souls Out of Heaven,X611. †X611. How the Jews were drawn from heaven.
1661 The Triple Tax,1661 The Multiple Tax,N635. †N635. The triple tax
,,J2225. †J2225. Three reasons for not giving alms.
1663 Deviding Five Eggs Equally between Two Men and One Woman,1663 Deviding Eggs Among Men and Women,J1249.1. †J1249.1. Dividing five eggs equally between two men and one woman.
ATU 1675 The ox (ass) as mayor,AT 1675 The ox that Learned to Talk,K491. Trickster paid to educate an ass.
,,J1882.2. The ass as mayor.
ATU 1676 Pretended Ghost,AT 1676 Sham Ghost is Frightened by His Victim,N384.10. Man playing ghost killed
,,N384.11. Joker playing dead killed.
,,"K1682.1. ""Big 'Fraid and Little 'Fraid."""
ATU 1676 Pretended Ghost,AT 1676A Sham Ghost if Frightened by a Monkey (now ATU 1676),
ATU 1676B Frightened to Death,AT 1676B Girl Who Died of Fright,N384. Death from fright.
,,N384.2. Death in the graveyard; person's clothing is caught; the person thinks something awful is holding him; he dies of fright.
ATU 1678 The boy who had never seen a woman,AT 1678 The boy who had never seen a woman,T371. The boy who had never seen a woman: the Satans.
ATU 1681B Fool as Custodian of Home and Animals,AT 1681B Fool as Housekeeper,K1462. Washing the grandmother -- in boiling water.
,,K1461. Caring for the child: child killed.
ATU 1682 The Horse Learns not to Eat,AT 1682 The Horse That Ate Straw,J1914. Horse taught to live without food.
ATU 1142 How the Lazy Horse Was Cured,AT 1682* Making a Stubborn Mule Go (now ATU 1142),K1181. Hot tin under the horse's tail.
ATU 1337C The Long Night,AT 1684A* The Long Night (now ATU 1337C),J2332. Fool locked in dark room made to believe that it is continuous night.
ATU 1685 The Foolish Bridegroom,AT 1685 The Fool's Courtship and Marriage,J2462.1. The dog Parsley in the soup.
,,J2465.5. Clearing out the room.
,,J2462.2. Casting sheep's eyes at the bride.
ATU 1687 The Forgotten Word,AT 1687 The Forgotten Word,D2004.5. Forgetting by stumbling.
"ATU 1689 ""Thank God They Weren't Peaches""",AT 1689 Gift That Was Thrown at the Giver,"J2563. ""Thank God they weren't peaches!"""
ATU 1689A Two Presents for the King,AT 1689A Two Presents for the King,J2415.1. The two presents to the king: the beet and the horse.
ATU 1692 The Stupid Thief,AT 1692 The Stupid Thief,J2136. Numskull brings about his own capture
,,J2461.1.7. Numskull told to steal something heavy brings millstone.
,,J2461.1.7.1. Numskull as thief: tries to carry off grinding-stone when told by confederates to bring out heavy things.
,,J2136.5.6. Foolish thief asks help of owner.
,,"J2136.5.7. Thieving numskull beats drum (blows trumpet, etc.) he finds in outhouse."
,,J2136.5.5. Foolish thief cooks food and awakens household
ATU 1693 The Literal Fool - the Burning of Lanka,AT 1693 Fool Takes Instructions Literally,J2450. Literal fool.
"ATU 1696 ""What Should I Have Said?""",AT 1696 What Should I Have Said?,J2461. What should I have done (said)?
,,J2461.2. Literal following of instructions about greetings.
"ATU 1697 ""We Three; For Money""","AT 1697 ""We Three; For Money""","C495.2.2. ""We three"" -- ""For gold"" -- ""That is right"": phrases of foreign language."
ATU 1698 Deaf Persons and Their Foolish Answers,AT 1698 Deaf Man's Comical Answers,X111. Deaf men and their answers
ATU 1698C Two Persons Believe Each Other Deaf,AT 1698C Shouting Match Between Two Who Think Each Other Deaf,X111.3. Two persons believe each other deaf.
ATU 1698J The Misunderstood Greeting,AT 1698J Deaf Man's Memorized Answers,X111.5. Deaf man on the bridge.
,,"X111.10. ""Good day."""
ATU 1698K Buyer and the Deaf Seller,AT 1698K The Foreign Salesman,X111.11. Buyer and deaf seller
ATU 1699 Misunderstanding Because of Ignorance of a Foreign Language,AT 1699 A Foreigner's Comical Answers,J2496.2. Misunderstandings because of lack of knowledge of a different language than one's own.
,,X111.7. Misunderstood words lead to comic results
"ATU 1700 ""I Cannot Understand You""","AT 1700 ""I don't Know.""","J2496. ""I don't know"" thought to be a person's name."
ATU 1705 Talking Horse and Dog,AT 1705 An Animal Talks Back,B210.1. Person frightened by animals successively replying to his remarks
ATU 1875 The Boy on the Bear's (Wolf's) Tail,AT 1875 Excaping from a Barrel by Seizing a Tail,X1133.3. Man in barrel grabs wolf by the tail and is drawn out of danger
ATU 1408C The String of Chickens,AT 1876 Chickens on a String (now ATU 1408C),X1267.1. Hawk flies away with geese on a line.-+
ATU 1880 Riding on the Cannonball,AT 1880 Man is Shot from a Cannon,X1852. Boy shot from a cannon.
,,"X1853. Boy with hat of butter, clothes of paper, etc."
ATU 1881 Man Carried Through the Air by Geese,AT 1881 Carried Through the Air by Game Birds,X1258.1. Lie: man carried through air by geese.
ATU 1881* Parrots Fly Away with a Tree,AT 1881* Birds Fly Away with a Tree,X1252. Lies about crows.
ATU 1882 The Man who Fell out of a Balloon,AT 1882 Buried Man Digs Himself Free,X1757. Rope of sand (chaff).
ATU 1882 The Man who Fell out of a Balloon,AT 1882 Buried Man Digs Himself Free,X1731.2.1. Man falls and is buried in earth: goes for spade and digs self out.
ATU 1889 Munchhausen Tales,AT 1889 Munchhausen Tales,X900. Humor of lies and exaggeration
ATU 1889A Shooting off the Leader's Tail,AT 1889A Shooting off the Leader's Tail,X1124.1. Shooting off the leader's tail.
ATU 1889B Hunter Turns Animal Inside Out,AT 1889B Turning an Animal Inside Out,X1124.2. Hunter turns animal inside out.
ATU 1889C Fruit Tree Grows from Head of a Deer,AT 1889C Deer With a Fruit Tree as Antlers,X1130.2. Fruit tree grows from head of deer shot with fruit pits.
ATU 1889D Tree Grows Out of a Horse and Gives Rider Shade,AT 1889D Tree Grows Out of a Horse,X1130.2.1. Tree grows out of horse and gives rider shade
ATU 1889F Frozen Words (Music) Thaw,AT 1889F Frozen Sounds,X1623.2.1. Lie: frozen words thaw out in the spring.
ATU 1889G Man Swallowed by Fish,AT 1889G Another World Inside a Giant Fish,X1723.1. Swallowed person is discovered in animal's stomach still alive.
ATU 1889H Submarine Otherworld,AT 1889H Another World Beneath the Sea,NA
ATU 1889E Descent From the Sky on Rope of Sand (Chaff),AT 1889K Descending on a Rope Made of Chafe (now ATU 1889E),X1757. Rope of sand (chaff)
ATU 1889L Split Dog,AT 1889L Split Dog,X1215.11. Lie: the split dog.
ATU 1889M Snakebite Causes an Object to Swell,AT 1889M Snakebite Causes an Object to Swell,"X1205. Lie: venom of animal (snake, hornet, bee) causes object to swell."
ATU 1889N Long Hunt,AT 1889N Extraordinary Hunting Dog,X1215.9. Lie: obedient or dutiful dog.
ATU 1889P Horse Repaired,"AT 1889P Horse is Cut In Two, Then Sewn Together",NA
ATU 1890 The Lucky Shot,AT 1890 The lucky shot,X1124.3. Accidental discharge of gun kills much game.
ATU 1890F Shot Causes Series of Lucky/Unlucky Accidents,AT 1890D Ramrod Shot (now ATU 1890F),X1122.2. Lie: person shoots many animals with one shot.
ATU 1890F Shot Causes Series of Lucky/Unlucky Accidents,AT 1890E Bent Gun Barrel (now ATU 1890F),X1122.3. Lie: ingenious person bends gun barrel to make spectacular shot.
ATU 1890F Shot Causes Series of Lucky/Unlucky Accidents,AT 1890F Lucky Shot,X1124.3. Accidental discharge of gun kills much game.
ATU 1891 Catching a Rabbit,AT 1891B* Catching Hares with Snuff (now ATU 1891),NA
ATU 1891 Catching a Rabbit,AT 1893A* Two Hares Run Into Each Other and are Caught (now ATU 1891),X1114.1. Two hares run into each other and are caught.
ATU 1894 The man shoots a ramrod full of ducks,AT 1894 Shooting a Ramrod Full of Birds,X1111. Hunter shoots ram-rod full of ducks
ATU 1895 A man wading in water catching many fish in his boots,AT 1895 Catching Fish In Wading Boots,X1112. Hunter catches fish in boots while wading.
ATU 1896 Man Nails the Tail of the Wolf to the Tree,AT 1896 Making an Animal Jump Out of Its Skin,X1132.1. The nailed wolf's tail
ATU 1900 How a Man Came Out of a Tree Stump (Marsh),AT 1900 Escaping from a Hollow Tree on a Bear's Tail,X1133.4. Man escapes from bee's nest on bear's tail.
ATU 1910 Bear (Wolf) Harnessed,AT 1910 Wolf Harnesses Itself by Eating a Horse,X1216.1. The wolf harnessed.
ATU 1911A Horse's New Backbone,AT 1911A Horse With a Broken Back and a Sheep's Skin,X1721.1. New backbone for the horse made from a stick
ATU 1916 The Breathing Tree,AT 1916 The Breathing Tree,X1116. The breathing tree.
ATU 1920 Contest in lying,AT 1920 Contest in lying,X905. Lying contests.
"ATU 1920A ""The Sea Burns""",AT 1920A One Lie Begets Another,X908. Lie: sea has burned up
"ATU 1920B ""I Have No Time to Lie""",AT 1920B No Time to Lie,"X905.4. The liar: ""I have no time to lie today""; lies nevertheless."
ATU 1920D Liar Reduces the Size of His Lie,AT 1920D Reducing the Size of the Lie,X904.1. The liar reduces the size of his lie when his brother steps on his toes to remind him of his lying habits.
,,X904.2. Liar reduces the size of his yarn when challenged.
ATU 1920E* Seeing (Hearing) Enormous Distance,AT 1920E* Seeing or Hearing an Enormous Distance,NA
ATU 1920F* Skillful Hounds,AT 1920F* Intelligent Dog,X1215.8. Lie: intelligent dog.
ATU 1920H Buying Fire by Storytelling,AT 1920H Exchanging a Story for Fire,NA
ATU 1920H* Will Blow Out Lantern,AT 1920H* Lantern and the Fish,NA
ATU 1927 The Cold May Night,AT 1927 The Cold May Night,X1620. Lies about cold weather.
ATU 1930 Schlaraffenland,AT 1930 Schlaraffenland (Land of Cockaigne),X1503. Schlaraffenland.
ATU 1940 The Extraordinary Names,AT 1940 The Extraordinary Names,X1506. The extraordinary names.
ATU 1950 The Three Lazy Ones,AT 1950 Contest in Laziness,W111.1. Contest in laziness
,,W111.1.3. Man will not move in bed when water drops in his eyes.
,,W111.1.1. Man lets legs burn in fire rather than move them.
,,W111.1.2. Man will not lift knife to cut rope about to hang him
"ATU 1951 ""Is Wood Split?""",AT 1951 Lazy Man Refuses a Gift,W111.5.10. Lazy man asks if wood is split before he accepts it as a gift.
ATU 1960A Great Ox,AT 1960A Giant Animal,B871.1.1.1. Giant ox.
ATU 1960A Great Ox,AT 1960A Giant Animal,B875.1. Giant serpent.
ATU 1960A Great Ox,AT 1960A Giant Animal,B871.1.3. Giant sheep
ATU 1960A Great Ox,AT 1960A Giant Animal,B871.1.6. Giant cat
ATU 1960B Great Fish,AT 1960B Giant Fish,B874. Giant fish.
ATU 1960D Great Vegetable,AT 1960D Giant Vegetable,X1401. Lie: the great vegetable.
ATU 1960F Great Kettle,AT 1960F Giant Kettle,X1031.1.1. Lie: The great kettle.
ATU 1960G Great Tree,AT 1960G Giant Plant,F54. Tree to upper world.
ATU 1960H Great Ship,AT 1960H Giant Ship,X1061.1. Remarkable size of great ship.
ATU 1960J Great Bird,AT 1960J Giant Bird,B31.1. Roc.
ATU 1960M Great Insects,AT 1960M Giant Insects,X1280. Lies about insects.
ATU 1960 Great Animal or Object,AT 1960Z Giant Objects (now ATU 1960),Miscellaneous Type
ATU 1962 My Father's Baptism (Wedding),AT 1962 At My Father's Baptism,NA
ATU 1962A Great Wrestlers,AT 1962A Intimidating an Opponent,F531.3.4.1. Giant eats a thousand cattle.
,,F531.6.8.3.3. Giants wrestle with each other
ATU 1965 Disabled Comrades,AT 1965 Knoist and his Three Sons,"X1791. Lie: deaf, dumb, blind, and lame men catch hare"
"ATU 2010 Ehod mi yodea (One, who knows?)",AT 2010 Tales Built on the Number Twelve,Z22. Ehod mi yodea (One; who knows?);
ATU 2012 The Days of the Week,AT 2012 The Forgetful Man Counts the Days of the Week,Z24. The forgetful man counts the days of the week.
,,"Z24.1. Widower tells of his courtship, his marriage, and the death of his wife, all in a week."
,,Z24.1.1. Life story in ten hours:
"ATU 2013 ""There was once a woman, the woman had a son.""",AT 2013 Shall I Tell It Again?,Z17. Rounds.
,,Z49.4. There was once a woman; the woman had a son; the son had red breeches; etc.
ATU 2014 Chains Involving Contradictions or Extremes,AT 2014 Contradictions or Extremes,Z51. Chains involving contradictions or extremes
,,Z51.1. The house is burned down.
ATU 2014 Chains Involving Contradictions or Extremes,AT 2014A Good News and Bad News About a Wedding (now ATU 2014),Z51.1. The house is burned down.
ATU 2015 The goat that would not go home,AT 2015 The Stubborn Goat,Z39.1. The goat who would not go home.
ATU 2016 Wee Wee Woman,AT 2016 Cow That Wouldn't Stand Still,"Z39.2. There was a wee wee woman who had a wee wee cow, etc"
ATU 2019 Pif-Paf-Poltrie,AT 2019 Pif-Paf-Poltrie,Z31.1. Pif Paf Poltrie.
ATU 2021 The Rooster and the Hen,AT 2021 Death of the Little Hen,Z32.1.1. The death of the cock
,,Z32.1. The funeral procession of the hen.
ATU 2021B Rooster Strikes out the Hen's Eye with a Nut,AT 2021B Cock Knocks Out the Hen's Eye,Z43.2. The cock strikes out the hen's eye with a nut.
ATU 2022 Death of the Little Hen,AT 2022 An Animal Mourns the Death of a Spouse,Z32.2. The death of the little hen.
,,Z32.2.1. The death of the little hen described with unusual words.
ATU 2023 Little Ant Marries,AT 2023 Ant Who Married a Mouse,"Z32.3. Little ant finds a penny, buys new clothes with it, and sits in her doorway"
ATU 2025 The Fleeing Pancake,AT 2025 The Fleeing Pancake,Z33.1. The fleeing pancake.
ATU 2028 Devouring Animal That Was Cut Open,AT 2027 The Cat That Was a Glutton (now ATU 2028),Z33.2. The fat cat.
ATU 2028 Devouring Animal That Was Cut Open,AT 2028 The Troll (or Bear) That Ate People,Z33.3. Woman meets a pig.
,,Z33.4. The fat troll (wolf).
2030 The Old Woman and Her Pig,2030 The Pig That Wouldn't Go Over the Stile,Z41. The old woman and her pig.
2030 The Old Woman and Her Pig,2030J Disobedient Child is Punished (now ATU 2030),
2031 Stronger and Strongest,"2031 Strong, Stronger, and Strongest",Z42. Stronger and Strongest.
2031C Mightiest Being as Husband for the Daughter,2031C Mighty Bridegroom for a Mouse,"L392. Mouse stronger than wall, wind, mountain."
2032 Healing of the Injured Animal,2032 The Wounded Cock,Z43. The cock's whiskers.
20C Animals Flee in Fear of the End of the World,2033 Henny-Penny Thinks the Sky Is Falling (now ATU 20C),Z43.3. Nut hits cock in head: he thinks world is coming to an end.
2034 The Mouse Regains its Tail,2034 The Mouse Regains its Tail,Z41.4. The mouse regains its tail.
2035 The House That Jack Built,2035 The House That Jack Built,Z44. The house that Jack built.
2039 The Horseshoe Nail,2039 The Lost Horseshoe Nail,Z45. The Horseshoe Nail.
2040 The Climax of Horrors,2040 From Bad to Worse,Z46. The climax of horrors.
2044 Pulling up the turnip,2044 Pulling up the turnip,Z49.9. Pulling up the turnip.
106 Animal's Conversation,2075 Tales imitating Animal Sounds (now ATU 106),Miscellaneous Type
2202 Teller is Killed in His Own Tale,2202 Storyteller Is Killed in His Own Story,Z13.2. Catch tale: teller is killed in his own story.
2204 The Dog's Cigar,2204 False Expectations,NA
2251 The Rabbit's Tail,2251 This Tale Would Have Been Longer,NA
2260 Golden Key,2260 Golden Key,NA
2271 Mock Stories for Children,2271 Mock Stories,Miscellaneous Type
2300 Endless Tales,2300 Endless Tales,Z11. Endless tales.
"2013 ""There was once a woman, the woman had a son.""",2320 Rounds (now ATU 2013),Z17. Rounds.
2335 Tales Filled With Contradictions,2335 Contradictions,Z19.2. Tales filled with contradictions