,Unnamed: 0,ATU Classification Type,Thompson Motif,atu_id,thompson_motif_id,thompson_motif_text,chapter,division1,division2,division3,section_tens,MOTIF,chapter_text,division1_text,division2_text,division3_text,section_text
0,1,ATU 1 The theft of fish,K371.1. Trickster throws fish off the wagon.,1,K371.1,Trickster throws fish off the wagon.,K. Deceptions.,K300–K499. Thefts and cheats.,K310–K439. Thefts.,,K360. Other means of theft.,K371.1. Trickster throws fish off the wagon. The fox plays dead; a man throws him on the wagon of fish. The fox throws the fish off and carries them away.,Deceptions,Thefts and cheats,Thefts,,Other means of theft
1,3,ATU 2 Tail-Fisher,K1021 The tail fisher.,2,K1021,The tail fisher.,K. Deceptions.,K1000–K1199. Deception into self-injury.,,,K1020. Deception into disastrous attempt to procure food.,"K1021. The tail fisher. The bear is persuaded to fish with his tail through a hole in the ice. When he is attacked and tries to escape, he loses his tail.",Deceptions,Deception into self-injury,,,Deception into disastrous attempt to procure food
2,4,ATU 2A Torn-off Tails,K1021.1. Tail buried (hair tied),2A,K1021.1,Tail buried (hair tied),K. Deceptions.,K1000–K1199. Deception into self-injury.,,,K1020. Deception into disastrous attempt to procure food.,K1021.1. Tail buried (hair tied). Dupe bound fast and then attacked.,Deceptions,Deception into self-injury,,,Deception into disastrous attempt to procure food
3,5,ATU 2B Basket Tied to Wolf's Tail,K1021.2. Basket tied to wolf's tail and filled with stones.,2B,K1021.2,Basket tied to wolf's tail and filled with stones.,K. Deceptions.,K1000–K1199. Deception into self-injury.,,,K1020. Deception into disastrous attempt to procure food.,K1021.2. Basket tied to wolf's tail and filled with stones. Wolf is persuaded that it is filled with fish.,Deceptions,Deception into self-injury,,,Deception into disastrous attempt to procure food
4,6,ATU 3 Simulated Injury,K473. Sham blood and brains.,3,K473,Sham blood and brains.,K. Deceptions.,K300–K499. Thefts and cheats.,K440–K499. Other cheats.,,K440. Other cheats.,K473. Sham blood and brains. Fox covers his head with milk and says that his brains have been knocked out. Frightens bear.,Deceptions,Thefts and cheats,Other cheats,,Other cheats
5,7,ATU 4 Sick Animal Carries Healthy One,K1241. Trickster rides dupe horseback.,4,K1241,Trickster rides dupe horseback.,K. Deceptions.,K1200–K1299. Deception into humiliating position.,,,K1240. Deception into humiliating position – miscellaneous.,K1241. Trickster rides dupe horseback. Usually by feigning sickness he induces the dupe to carry him and then boasts that the dupe always acts as his horse.,Deceptions,Deception into humiliating position,,,Deception into humiliating position – miscellaneous
6,8,ATU 5 Biting the Tree Root,K543. Biting the foot.,5,K543,Biting the foot.,K. Deceptions.,K500–K699. Escape by deception.,,,K540. Escape by overawing captor.,"K543. Biting the foot. Fox to bear, who is biting his foot: ""You are biting the tree root."" Bear lets loose.",Deceptions,Escape by deception,,,Escape by overawing captor
7,9,ATU 6 Animal Captor Persuaded to Talk,K561.1 Animal captor persuaded to talk and release victim from his mouth.,6,K561.1,Animal captor persuaded to talk and release victim from his mouth.,K. Deceptions.,K500–K699. Escape by deception.,,,K550. Escape by false plea.,"K561.1. Animal captor persuaded to talk and release victim from his mouth. Usually cock and fox, fox and wolf, or mouse and cat.",Deceptions,Escape by deception,,,Escape by false plea
8,10,ATU 7 The three tree names,N51 Wager: who can call three tree names first.,7,N51,Wager: who can call three tree names first.,N. Chance and fate.,N0–N99. Wagers and gambling.,,,N50. Other wagers.,"N51. Wager: who can call three tree names first. The bear names different varieties of the same tree, so that the fox wins the wager.",Chance and fate,Wagers and gambling,,,Other wagers
9,11,ATU 8 False Beauty Treatment,"K1013.2 ""Painting"" on the haycock.",8,K1013.2,"""Painting"" on the haycock.",K. Deceptions.,K1000–K1199. Deception into self-injury.,,,K1010. Deception through false doctoring.,"K1013.2. ""Painting"" on the haycock. The fox persuades the wolf to lie on the hay in order to be painted. He sets fire to it.",Deceptions,Deception into self-injury,,,Deception through false doctoring
10,12,ATU 8 False Beauty Treatment,K1013. False beauty-doctor.,8,K1013,False beauty-doctor.,K. Deceptions.,K1000–K1199. Deception into self-injury.,,,K1010. Deception through false doctoring.,K1013. False beauty-doctor. The trickster pretends to make the dupe beautiful. Injures him.,Deceptions,Deception into self-injury,,,Deception through false doctoring
11,13,ATU 9 The unjust partner,K1251.1 Holding up the roof.,9,K1251.1,Holding up the roof.,K. Deceptions.,K1200–K1299. Deception into humiliating position.,,,K1240. Deception into humiliating position – miscellaneous.,"K1251.1. Holding up the roof. Fox pretends to be holding up the roof; hence cannot help the bear, who must do the threshing alone.",Deceptions,Deception into humiliating position,,,Deception into humiliating position – miscellaneous
12,14,ATU 9 The unjust partner,K171.2. Deceptive grain division: the corn and the chaff.,9,K171.2,Deceptive grain division: the corn and the chaff.,K. Deceptions.,K100–K299. Deceptive bargains.,,,K170. Deception through pseudo-simple bargain.,K171.2. Deceptive grain division: the corn and the chaff. The bear chooses the chaff because of its greater bulk. At the mill the fox's grain makes a different sound from the bear's.,Deceptions,Deceptive bargains,,,Deception through pseudo-simple bargain
13,15,ATU 9 The unjust partner,K471. The substituted porridge.,9,K471,The substituted porridge.,K. Deceptions.,K300–K499. Thefts and cheats.,K440–K499. Other cheats.,,K440. Other cheats.,"K471. The substituted porridge. In cooking dinner fox's porridge is light, bear's black. At dinner fox steals spoonful of bear's porridge and lets bear taste it. Bear believes that fox's porridge is as bad as his own.",Deceptions,Thefts and cheats,Other cheats,,Other cheats
14,16,ATU 10*** The Fall Over the Edge,K891.5.1. Animals (giants) enticed over precipice.,10***,K891.5.1,Animals (giants) enticed over precipice.,K. Deceptions.,K800–K999. Killing or maiming by deception.,,,K890. Dupe tricked into killing himself.,K891.5.1. Animals (giants) enticed over precipice.,Deceptions,Killing or maiming by deception,,,Dupe tricked into killing himself
15,17,ATU 15 Theft of Food by Playing Godfater,K372. Playing godfather.,15,K372,Playing godfather.,K. Deceptions.,K300–K499. Thefts and cheats.,K310–K439. Thefts.,,K360. Other means of theft.,"K372. Playing godfather. By pretending that he has been invited to be godfather, the trickster makes an opportunity to steal the provisions stored by him and the dupe for the winter. When he returns on successive occasions he reports the name of the child as ""Just Begun,"" ""Half Done,"" etc.",Deceptions,Thefts and cheats,Thefts,,Other means of theft
16,18,ATU 20A Animals Caught In a Pit Eat One Another Up,K1024. Beginning with the smallest,20A,K1024,Beginning with the smallest,K. Deceptions.,K1000–K1199. Deception into self-injury.,,,K1020. Deception into disastrous attempt to procure food.,K1024. Beginning with the smallest. Animals are to eat one another up to avoid starvation. The fox persuades them to start with the smallest.,Deceptions,Deception into self-injury,,,Deception into disastrous attempt to procure food
17,20,ATU 20C The animals flee in fear of the end of the world,Z43.3. Nut hits cock in head: he thinks world is coming to an end.,20C,Z43.3,Nut hits cock in head: he thinks world is coming to an end.,Z. Miscellaneous groups of motifs.,Z0–Z99. Formulas.,Z20–Z59. Cumulative tales.,,Z40. Chains with interdependent members.,"Z43.3. Nut hits cock in head: he thinks world is coming to an end. He sends the hen to tell the duck, the duck to tell the goose, etc. Final formula: – Fox, who told you? – Hare. – Hare, who told you? – Goose. – etc. For sequel see Type 20C. Sometimes the animals have queer names (cf. Z53).",Miscellaneous groups of motifs,Formulas,Cumulative tales,,Chains with interdependent members
18,21,ATU 21 Eating his own Entrails,K1025. Eating his own entrails.,21,K1025,Eating his own entrails.,K. Deceptions.,K1000–K1199. Deception into self-injury.,,,K1020. Deception into disastrous attempt to procure food.,K1025. Eating his own entrails. The fox persuades the wolf to do so.,Deceptions,Deception into self-injury,,,Deception into disastrous attempt to procure food
19,23,ATU 31 Fox Climbs from the Pit on the Wolf's Back,K652. Fox climbs from pit on wolf's back.,31,K652,Fox climbs from pit on wolf's back.,K. Deceptions.,K500–K699. Escape by deception.,,,K650. Other means of escape.,K652. Fox climbs from pit on wolf's back.,Deceptions,Escape by deception,,,Other means of escape
20,24,ATU 32 The Wolf Descends into the Well in One Bucket and Rescues the Fox in the Other,K651. Wolf descends into well in one bucket and rescues fox in the other,32,K651,Wolf descends into well in one bucket and rescues fox in the other,K. Deceptions.,K500–K699. Escape by deception.,,,K650. Other means of escape.,K651. Wolf descends into well in one bucket and rescues fox in the other.,Deceptions,Escape by deception,,,Other means of escape
21,25,ATU 33 The Fox Plays Dead and is Thrown out of the Pit and Escapes,K522. Escape by shamming death.,33,K522,Escape by shamming death.,K. Deceptions.,K500–K699. Escape by deception.,,,"K520. Death escaped through disguise, shamming, or substitution.",K522. Escape by shamming death.,Deceptions,Escape by deception,,,"Death escaped through disguise, shamming, or substitution"
22,26,ATU 41 The Wolf Overeats in the Cellar,K1022.1. Wolf overeats in the cellar (smokehouse).,41,K1022.1,Wolf overeats in the cellar (smokehouse).,K. Deceptions.,K1000–K1199. Deception into self-injury.,,,K1020. Deception into disastrous attempt to procure food.,K1022.1. Wolf overeats in the cellar (smokehouse). Cannot escape through the entrance hole.,Deceptions,Deception into self-injury,,,Deception into disastrous attempt to procure food
23,28,"ATU 34 The Wolf Dives into the Water for
 Reflected Cheese",J1791.3. Diving for cheese.,34,J1791.3,Diving for cheese.,J. The wise and the foolish.,J1700–J2749. Fools (and other unwise persons).,J1750–J1849. Absurd misunderstandings.,J1750–J1809. One thing mistaken for another.,J1790. Shadow mistaken for substance.,"J1791.3. Diving for cheese. Man (animal) sees moon reflected in water and, thinking it a cheese, dives for it.",The wise and the foolish,Fools (and other unwise persons),Absurd misunderstandings,One thing mistaken for another,Shadow mistaken for substance
24,29,ATU 34A Dog Drops His Meat for the Reflection,J1791.4. Dog drops his meat for the reflection.,34A,J1791.4,Dog drops his meat for the reflection.,J. The wise and the foolish.,J1700–J2749. Fools (and other unwise persons).,J1750–J1849. Absurd misunderstandings.,J1750–J1809. One thing mistaken for another.,J1790. Shadow mistaken for substance.,J1791.4. Dog drops his meat for the reflection. Crossing a stream with meat in his mouth he sees his reflection; thinking it another dog with meat he dives for it and loses his meat.,The wise and the foolish,Fools (and other unwise persons),Absurd misunderstandings,One thing mistaken for another,Shadow mistaken for substance
25,30,ATU 36 The Fox Rapes the She-Bear,"K1384. Female overpowered when caught in tree
 cleft (hole in hedge).",36,K1384,Female overpowered when caught in tree cleft (hole in hedge).,K. Deceptions.,K1300–K1399. Seduction or deceptive marriage.,,,K1380. Seductions – miscellaneous.,K1384. Female overpowered when caught in tree cleft (hole in hedge).,Deceptions,Seduction or deceptive marriage,,,Seductions – miscellaneous
26,31,ATU 37 The fox as nursemaid for the Mother Bear,K931. Sham nurse kills enemy's children.,37,K931,Sham nurse kills enemy's children.,K. Deceptions.,K800–K999. Killing or maiming by deception.,,,K930. Treacherous murder of enemy's children or charges.,K931. Sham nurse kills enemy's children.,Deceptions,Killing or maiming by deception,,,Treacherous murder of enemy's children or charges
27,33,ATU 38 Claw in Split Tree,"K1111. Dupe puts hand (paws) into cleft of tree (wedge, vise).",38,K1111,"Dupe puts hand (paws) into cleft of tree (wedge, vise).",K. Deceptions.,K1000–K1199. Deception into self-injury.,,,K1110. Deceptions into self injury – miscellaneous.,"K1111. Dupe puts hand (paws) into cleft of tree (wedge, vise).",Deceptions,Deception into self-injury,,,Deceptions into self injury – miscellaneous
28,34,ATU 40A The Wolf and the Bell,K1114. Fox rings the bell.,40A,K1114,Fox rings the bell.,K. Deceptions.,K1000–K1199. Deception into self-injury.,,,K1110. Deceptions into self injury – miscellaneous.,K1114. Fox rings the bell. The bear eats a horse which has a bell tied around its neck. The fox rings the bell and gets blamed.,Deceptions,Deception into self-injury,,,Deceptions into self injury – miscellaneous
29,37,"ATU 43 The Bear Builds a House of Wood; the Fox, of Ice",J741.1. Bear builds house of wood; fox of ice.,43,J741.1,Bear builds house of wood; fox of ice.,J. The wise and the foolish.,J200–J1099. Wise and unwise conduct.,J600–J799. Forethought.,J700–J749. Forethought in provision for live.,J740. Forethought in provision for shelter.,J741.1. Bear builds house of wood; fox of ice. Fox's house fails him in summer.,The wise and the foolish,Wise and unwise conduct,Forethought,Forethought in provision for live,Forethought in provision for shelter
30,38,ATU 44 The Oath on the Iron,K1115. The oath on the iron.,44,K1115,The oath on the iron.,K. Deceptions.,K1000–K1199. Deception into self-injury.,,,K1110. Deceptions into self injury – miscellaneous.,K1115. The oath on the iron. The trickster takes an oath by touching iron (a trap). The dupe imitates but hits the iron so hard that he gets caught.,Deceptions,Deception into self-injury,,,Deceptions into self injury – miscellaneous
31,39,ATU 47A The Fox Hangs Onto the Horse's Tail,K1022.2. Wolf tied to cow's horns.,47A,K1022.2,Wolf tied to cow's horns.,K. Deceptions.,K1000–K1199. Deception into self-injury.,,,K1020. Deception into disastrous attempt to procure food.,"K1022.2. Wolf tied to cow's horns. The fox ties one end of the rope around the wolf's neck, the other to the cow they intend to eat. The cow drags the wolf to the house where the man skins it.",Deceptions,Deception into self-injury,,,Deception into disastrous attempt to procure food
32,41,ATU 47B Horse Kicks the Wolf in the Teeth,"K566. Ass begs wolf to pull thorn out of foot before
 eating him: kicks wolf in mouth.",47B,K566,Ass begs wolf to pull thorn out of foot before eating him: kicks wolf in mouth.,K. Deceptions.,K500–K699. Escape by deception.,,,K550. Escape by false plea.,K566. Ass begs wolf to pull thorn out of foot before eating him: kicks wolf in mouth.,Deceptions,Escape by deception,,,Escape by false plea
33,42,"ATU 48* Flatterer Rewarded, Honest One Punished",J815.1. Liar rewarded by the apes.,48*,J815.1,Liar rewarded by the apes.,J. The wise and the foolish.,J200–J1099. Wise and unwise conduct.,J800–J849. Adaptability.,,J810. Policy in dealing with the great.,"J815.1. Liar rewarded by the apes. King of apes asks visitors how they like his children (courtiers). Truthful visitor tells that they are very ugly, and is punished. Liar praises their beauty and receives reward.",The wise and the foolish,Wise and unwise conduct,Adaptability,,Policy in dealing with the great
34,43,ATU 49 The bear and the honey,K1023. Getting honey from the wasp-nest.,49,K1023,Getting honey from the wasp-nest.,K. Deceptions.,K1000–K1199. Deception into self-injury.,,,K1020. Deception into disastrous attempt to procure food.,K1023. Getting honey from the wasp-nest. The dupe is stung.,Deceptions,Deception into self-injury,,,Deception into disastrous attempt to procure food
35,44,ATU 50 Curing a Sick Lion,"K961. Flesh of certain animal alleged to be only cure
 for disease: animal to be killed.",50,K961,Flesh of certain animal alleged to be only cure for disease: animal to be killed.,K. Deceptions.,K800–K999. Killing or maiming by deception.,,,K960. Other fatal deceits.,K961. Flesh of certain animal alleged to be only cure for disease: animal to be killed. (The sick lion.),Deceptions,Killing or maiming by deception,,,Other fatal deceits
36,45,ATU 50A Fox Sees all tracks going int Lion's Den but None Coming Out,"J644.1. Fox sees all tracks going into lion's den
 but none coming out.",50A,J644.1,Fox sees all tracks going into lion's den but none coming out.,J. The wise and the foolish.,J200–J1099. Wise and unwise conduct.,J600–J799. Forethought.,J610–J679. Forethought in conflicts with others.,J640. Avoidance of others' power.,J644.1. Fox sees all tracks going into lion's den but none coming out. He saves himself.,The wise and the foolish,Wise and unwise conduct,Forethought,Forethought in conflicts with others,Avoidance of others' power
37,46,ATU 50C Donkey Boasts of Having Kicked the Sick Lion,W121.2.1. Ass insults dying lion.,50C,W121.2.1,Ass insults dying lion.,W. Traits of character.,W100–W199. Unfavorable traits of character.,,,W110. Unfavorable traits of character – personal.,W121.2.1. Ass insults dying lion.,Traits of character,Unfavorable traits of character,,,Unfavorable traits of character – personal
38,47,ATU 51 The Lion's share,J811.1. The lion's share.,51,J811.1,The lion's share.,J. The wise and the foolish.,J200–J1099. Wise and unwise conduct.,J800–J849. Adaptability.,,J810. Policy in dealing with the great.,"J811.1. The lion's share. Ass divides booty equally between himself, fox, and lion. Lion eats ass. Fox then divides: gives lion meat and he takes bones.",The wise and the foolish,Wise and unwise conduct,Adaptability,,Policy in dealing with the great
39,48,ATU 52 The Donkey without a Heart,K402.3. The ass without a heart.,52,K402.3,The ass without a heart.,K. Deceptions.,K300–K499. Thefts and cheats.,K310–K439. Thefts.,,K400. Thief escapes detection.,"K402.3. The ass without a heart. The ass as toll-gatherer is killed by the lion for asking for toll. The fox eats the ass's heart. When the lion asks for it, the fox replies that the ass could have had no heart since he was such a fool as to ask the lion for toll.",Deceptions,Thefts and cheats,Thefts,,Thief escapes detection
40,49,ATU 53 The Fox at Court,"J864.2. Fox about to be hanged asks to be
 allowed to see geese.",53,J864.2,Fox about to be hanged asks to be allowed to see geese.,J. The wise and the foolish.,J200–J1099. Wise and unwise conduct.,J850–J899. Consolation in misfortune.,,J860. Consolation by a trifle.,J864.2. Fox about to be hanged asks to be allowed to see geese. (Cf. J2174.),The wise and the foolish,Wise and unwise conduct,Consolation in misfortune,,Consolation by a trifle
41,50,ATU 55 The Animals Build a Road (Dig Well),"A2233.1. Animals refuse to help dig well
 (make road) and are punished.",55,A2233.1,Animals refuse to help dig well (make road) and are punished.,A. Mythological motifs.,A2200–A2599. Animal characteristics.,A2200–A2299. Various causes of animal characteristics.,,A2230. Animal characteristics as punishment.,A2233.1. Animals refuse to help dig well (make road) and are punished.,Mythological motifs,Animal characteristics,Various causes of animal characteristics,,Animal characteristics as punishment
42,51,ATU 56 The Fox Through Sleight Steals the Young Magpies,"K1788. Fox threatens to catch bird, who feeds him her young as appeasement.",56,K1788,"Fox threatens to catch bird, who feeds him her young as appeasement.",K. Deceptions.,K1700–K2099. Deception through shams.,K1700–K1799. Deception through bluffing.,,K1760. Other bluffs.,"K1788. Fox threatens to catch bird, who feeds him her young as appeasement. He threatens to push down tree or to fly.",Deceptions,Deception through shams,Deception through bluffing,,Other bluffs
43,52,ATU 56A Fox Threatens to Cut Down Tree and Get Young Birds,"K1788. Fox threatens to catch bird, who feeds him her young as appeasement.",56A,K1788,"Fox threatens to catch bird, who feeds him her young as appeasement.",K. Deceptions.,K1700–K2099. Deception through shams.,K1700–K1799. Deception through bluffing.,,K1760. Other bluffs.,"K1788. Fox threatens to catch bird, who feeds him her young as appeasement. He threatens to push down tree or to fly.",Deceptions,Deception through shams,Deception through bluffing,,Other bluffs
44,53,ATU 56B Fox as Schoolmaster,K1822.2. †K1822.2. Fox disguised as scholar,56B,K1822.2,Fox disguised as scholar,K. Deceptions.,K1700–K2099. Deception through shams.,K1800–K1899. Deception by disguise or illusion.,,K1810. Deception by disguise.,K1822.2. Fox disguised as scholar.,Deceptions,Deception through shams,Deception by disguise or illusion,,Deception by disguise
45,54,ATU 57 Raven with Cheese in his Mouth,K334.1. The raven with cheese in his mouth.,57,K334.1,The raven with cheese in his mouth.,K. Deceptions.,K300–K499. Thefts and cheats.,K310–K439. Thefts.,,K330. Means of hoodwinking the guardian or owner.,"K334.1. The raven with cheese in his mouth. The fox flatters him into singing, so that he drops the cheese.",Deceptions,Thefts and cheats,Thefts,,Means of hoodwinking the guardian or owner
46,55,ATU 59 Fox and the Sour Grapes,J871. The fox and the sour grapes.,59,J871,The fox and the sour grapes.,J. The wise and the foolish.,J200–J1099. Wise and unwise conduct.,J850–J899. Consolation in misfortune.,,J870. Consolation by pretending that one does not want the thing he cannot have.,J871. The fox and the sour grapes. Pretends that the grapes he cannot reach are sour.,The wise and the foolish,Wise and unwise conduct,Consolation in misfortune,,Consolation by pretending that one does not want the thing he cannot have
47,56,ATU 60 The Fox and the Crane Invite Each Other,J1565.1. Fox and crane invite each other.,60,J1565.1,Fox and crane invite each other.,J. The wise and the foolish.,J1100–J1699. Cleverness.,J1500–J1649. Clever practical retorts.,,J1560. Practical retorts: hosts and guests.,J1565.1. Fox and crane invite each other. Fox serves the food on a flat dish so that the crane cannot eat. Crane serves his food in a bottle.,The wise and the foolish,Cleverness,Clever practical retorts,,Practical retorts: hosts and guests
48,57,ATU 61 The Fox Persuades the Cock to Crow with Closed Eyes,K721. Cock persuaded to crow with closed eyes,61,K721,Cock persuaded to crow with closed eyes,K. Deceptions.,K700–K799. Capture by deception.,,,K710. Victim enticed into voluntary captivity or helplessness.,K721. Cock persuaded to crow with closed eyes. Seized.,Deceptions,Capture by deception,,,Victim enticed into voluntary captivity or helplessness
49,58,ATU 20D* Pilgrimage of the Animals,"K2027. Fox confesses to cock, then eats him",20D*,K2027,"Fox confesses to cock, then eats him",K. Deceptions.,K1700–K2099. Deception through shams.,K2000–K2099. Hypocrites.,,K2010. Hypocrite pretends friendship but attacks.,"K2027. Fox confesses to cock, then eats him.",Deceptions,Deception through shams,Hypocrites,,Hypocrite pretends friendship but attacks
50,59,"ATU 61B Cat, Rooster, and Fox",K815.15. Cat lures young foxes from den with music.,61B,K815.15,Cat lures young foxes from den with music.,K. Deceptions.,K800–K999. Killing or maiming by deception.,,,K810. Fatal deception into trickster's power.,K815.15. Cat lures young foxes from den with music. Kills them.,Deceptions,Killing or maiming by deception,,,Fatal deception into trickster's power
51,60,"ATU 62 Peace Among the Animals
 – The Fox and the Rooster",J1421. Peace among the animals,62,J1421,Peace among the animals,J. The wise and the foolish.,J1100–J1699. Cleverness.,J1250–J1499. Clever verbal retorts (repartee).,,J1420. Animals retort concerning their dangers.,"J1421. Peace among the animals. (Peace fable.) The fox tries to beguile the cock by reporting a new law establishing peace among the animals. Dogs appear; the fox flees. ""The dogs have not heard of the new law.""",The wise and the foolish,Cleverness,Clever verbal retorts (repartee),,Animals retort concerning their dangers
52,61,ATU 63 The Fox Rids Himself of Fleas,K921. Fox rids himself of fleas.,63,K921,Fox rids himself of fleas.,K. Deceptions.,K800–K999. Killing or maiming by deception.,,,K910. Murder by strategy.,K921. Fox rids himself of fleas. He lets himself sink in water somewhat with a bundle of hay. The fleas gather on the hay-bundle and he dives into the water.,Deceptions,Killing or maiming by deception,,,Murder by strategy
53,63,ATU 65 The She-Fox's Suitors,N681.Husband (lover) arrives home just as wife (mistress) is to marry another.,65,N681,Husband (lover) arrives home just as wife (mistress) is to marry another.,N. Chance and fate.,N400–N699. Lucky accidents.,N600–N699. Other lucky accidents.,,N680. Lucky accidents – miscellaneous.,N681. Husband (lover) arrives home just as wife (mistress) is to marry another.,Chance and fate,Lucky accidents,Other lucky accidents,,Lucky accidents – miscellaneous
54,64,"ATU 66A ""Hello House!""","K607.1. The cave call. (""Hello, house!"")",66A,K607.1,"The cave call. (""Hello, house!"")",K. Deceptions.,K500–K699. Escape by deception.,,,K600. Murderer or captor otherwise beguiled.,"K607.1. The cave call. (""Hello, house!"") An animal suspecting the presence of an enemy in his cave (house), calls and receives no answer. He then says, ""Don't you know, O cave, that we have agreed that I must call you when I come from abroad and that you in turn must answer me?"" The hiding animal answers and the other flees.",Deceptions,Escape by deception,,,Murderer or captor otherwise beguiled
55,65,ATU 66B Sham Dead (hidden) Animal Betrays Self,K607.3. Sham-dead man deceived into making gesture.,66B,K607.3,Sham-dead man deceived into making gesture.,K. Deceptions.,K500–K699. Escape by deception.,,,K600. Murderer or captor otherwise beguiled.,K607.3. Sham-dead man deceived into making gesture. Obeys suggestion as to how dead man should act and betrays himself.,Deceptions,Escape by deception,,,Murderer or captor otherwise beguiled
56,66,ATU 67 Fox in the Swollen River,J873. Fox in swollen river claims to be swimming to distant town.,67,J873,Fox in swollen river claims to be swimming to distant town.,J. The wise and the foolish.,J200–J1099. Wise and unwise conduct.,J850–J899. Consolation in misfortune.,,J870. Consolation by pretending that one does not want the thing he cannot have.,J873. Fox in swollen river claims to be swimming to distant town.,The wise and the foolish,Wise and unwise conduct,Consolation in misfortune,,Consolation by pretending that one does not want the thing he cannot have
57,67,ATU 67** The Fox Caught by Butcher,K634.1. Escape by throwing captor's clothes on the fire.,67**,K634.1,Escape by throwing captor's clothes on the fire.,K. Deceptions.,K500–K699. Escape by deception.,,,K630. Escape by disarming (making pursuit difficult).,K634.1. Escape by throwing captor's clothes on the fire.,Deceptions,Escape by deception,,,Escape by disarming (making pursuit difficult)
58,68,ATU 68 The Jackal Trapped in the Animal Hide,"K1022.1.1. Jackal eating into elephant's dead body
 becomes a prisoner when it dries up",68,K1022.1.1,Jackal eating into elephant's dead body becomes a prisoner when it dries up,K. Deceptions.,K1000–K1199. Deception into self-injury.,,,K1020. Deception into disastrous attempt to procure food.,K1022.1.1. Jackal eating into elephant's dead body becomes a prisoner when it dries up; is released when storm moistens hide.,Deceptions,Deception into self-injury,,,Deception into disastrous attempt to procure food
59,69,ATU 68 The Jackal Trapped in the Animal Hide,K565.2. Jackal entrapped in elephant's carcass tells passing God to show his magic power by making it rain.,68,K565.2,Jackal entrapped in elephant's carcass tells passing God to show his magic power by making it rain.,K. Deceptions.,K500–K699. Escape by deception.,,,K550. Escape by false plea.,K565.2. Jackal entrapped in elephant's carcass tells passing God to show his magic power by making it rain. Elephant's hide swells; jackal escapes.,Deceptions,Escape by deception,,,Escape by false plea
60,70,ATU 68A The Jug as Trap,J2131.5.7. Fox trying to drown jug.,68A,J2131.5.7,Fox trying to drown jug.,J. The wise and the foolish.,J1700–J2749. Fools (and other unwise persons).,J2050–J2199. Absurd short-sightedness.,,J2130. Foolish disregard of personal danger.,J2131.5.7. Fox trying to drown jug. Sticks his head into it and gets drowned himself.,The wise and the foolish,Fools (and other unwise persons),Absurd short-sightedness,,Foolish disregard of personal danger
61,71,ATU 68* Fox Jeers at the Fox Trap,J655.2. Fox jeers at fox-trap,68*,J655.2,Fox jeers at fox-trap,J. The wise and the foolish.,J200–J1099. Wise and unwise conduct.,J600–J799. Forethought.,J610–J679. Forethought in conflicts with others.,J640. Avoidance of others' power.,J655.2. Fox jeers at fox-trap. Is caught.,The wise and the foolish,Wise and unwise conduct,Forethought,Forethought in conflicts with others,Avoidance of others' power
62,72,ATU 70 More Cowardly Than the Hare,J881.1. More timid than the hare.,70,J881.1,More timid than the hare.,J. The wise and the foolish.,J200–J1099. Wise and unwise conduct.,J850–J899. Consolation in misfortune.,,J880. Consolation by thought of others worse placed.,J881.1. More timid than the hare. Hares take heart when they see that frogs are more timid than they.,The wise and the foolish,Wise and unwise conduct,Consolation in misfortune,,Consolation by thought of others worse placed
63,73,ATU 71 Contest of Frost and the Hare,H1541.1. Contest in enduring cold: frost and the hare,71,H1541.1,Contest in enduring cold: frost and the hare,H. Tests.,H1400–H1599. Other tests.,H1500–H1549. Tests of endurance and power of survival.,,H1540. Contests in endurance.,"H1541.1. Contest in enduring cold: frost and the hare. Hare tries to deceive frost by lying on frozen snow and saying, ""Oh, how warm!""",Tests,Other tests,Tests of endurance and power of survival,,Contests in endurance
64,74,ATU 72 The Rabbit Rides Fox A-Courting,K1241. Trickster rides dupe horseback,72,K1241,Trickster rides dupe horseback,K. Deceptions.,K1200–K1299. Deception into humiliating position.,,,K1240. Deception into humiliating position – miscellaneous.,K1241. Trickster rides dupe horseback. Usually by feigning sickness he induces the dupe to carry him and then boasts that the dupe always acts as his horse.,Deceptions,Deception into humiliating position,,,Deception into humiliating position – miscellaneous
65,75,ATU 72* Hare Emancipates Her Children,J61. Hare instructs his sons to use their eyes to advantage.,72*,J61,Hare instructs his sons to use their eyes to advantage.,J. The wise and the foolish.,J0–J199. Acquisition and possession of wisdom (knowledge).,,,J50. Wisdom (knowledge) acquired from observation.,J61. Hare instructs his sons to use their eyes to advantage.,The wise and the foolish,Acquisition and possession of wisdom (knowledge),,,Wisdom (knowledge) acquired from observation
66,76,ATU 73 Blinding the Guard,K621. Escape by blinding the guard.,73,K621,Escape by blinding the guard.,K. Deceptions.,K500–K699. Escape by deception.,,,K620. Escape by deceiving the guard.,K621. Escape by blinding the guard. Pepper or tobacco thrown into his eyes.,Deceptions,Escape by deception,,,Escape by deceiving the guard
67,77,ATU 75 The Help of the Weak,B371.1. Lion spared mouse: mouse grateful.,75,B371.1,Lion spared mouse: mouse grateful.,B. Animals.,B300–B599. Friendly animals.,B350–B399. Grateful animals.,,B370. Animal grateful to captor for release.,B371.1. Lion spared mouse: mouse grateful. Later releases lion from net. (Cf. B363.),Animals,Friendly animals,Grateful animals,,Animal grateful to captor for release
68,78,ATU 76 The Wolf and the Crane,W154.3. Crane pulls bone from wolf's throat: wolf refuses payment.,76,W154.3,Crane pulls bone from wolf's throat: wolf refuses payment.,W. Traits of character.,W100–W199. Unfavorable traits of character.,,,W150. Unfavorable traits of character – social.,"W154.3. Crane pulls bone from wolf's throat: wolf refuses payment. ""That you were allowed to take your beak from my throat is payment enough."" (Cf. B382.)",Traits of character,Unfavorable traits of character,,,Unfavorable traits of character – social
69,79,ATU 77 The Stag Admires Himself in a Spring,L461. Stag scorns his legs but is proud of his horns,77,L461,Stag scorns his legs but is proud of his horns,L. Reversal of fortune.,L400–L499. Pride brought low.,,,L460. Pride brought low – miscellaneous.,L461. Stag scorns his legs but is proud of his horns. Caught by his horns in trees.,Reversal of fortune,Pride brought low,,,Pride brought low – miscellaneous
70,80,ATU 78 Animal Tied to Another for Safety,K713.1.2. Animal allows himself to be tied to another for safety.,78,K713.1.2,Animal allows himself to be tied to another for safety.,K. Deceptions.,K700–K799. Capture by deception.,,,K710. Victim enticed into voluntary captivity or helplessness.,K713.1.2. Animal allows himself to be tied to another for safety. Carried to his death. (Cf. J2132.6.),Deceptions,Capture by deception,,,Victim enticed into voluntary captivity or helplessness
71,81,ATU 78A Tied Up Becase of a Storm,"K713.1.1. Animal allows himself to be tied so as
 to avoid being carried off by storm.",78A,K713.1.1,Animal allows himself to be tied so as to avoid being carried off by storm.,K. Deceptions.,K700–K799. Capture by deception.,,,K710. Victim enticed into voluntary captivity or helplessness.,K713.1.1. Animal allows himself to be tied so as to avoid being carried off by storm.,Deceptions,Capture by deception,,,Victim enticed into voluntary captivity or helplessness
72,82,"ATU 85 The Mouse, the Bird, and the Sausage","J512.7. Mouse, bird, and sausage keep house together",85,J512.7,"Mouse, bird, and sausage keep house together",J. The wise and the foolish.,J200–J1099. Wise and unwise conduct.,J500–J599. Prudence and Discretion.,,J510. Prudence in ambition.,"J512.7. Mouse, bird, and sausage keep house together. When they exchange duties all goes wrong.",The wise and the foolish,Wise and unwise conduct,Prudence and Discretion,,Prudence in ambition
73,83,ATU 91 The Heart of a Monkey as Medicine,K544. Escape by alleged possession of external soul.,91,K544,Escape by alleged possession of external soul.,K. Deceptions.,K500–K699. Escape by deception.,,,K540. Escape by overawing captor.,K544. Escape by alleged possession of external soul. Monkey caught for his heart (as remedy) makes his captor believe that he has left his heart at home.,Deceptions,Escape by deception,,,Escape by overawing captor
74,84,ATU 92 The Lion Dives for His Own Reflection,"K1715.1. Weak animal shows strong his own
 reflection and frightens him.",92,K1715.1,Weak animal shows strong his own reflection and frightens him.,K. Deceptions.,K1700–K2099. Deception through shams.,K1700–K1799. Deception through bluffing.,,K1710. Ogre (large animal) overawed.,K1715.1. Weak animal shows strong his own reflection and frightens him. Tells him that this animal is threatening to kill him. (Usually hare and lion.),Deceptions,Deception through shams,Deception through bluffing,,Ogre (large animal) overawed
75,85,ATU 93 The Master Taken Seriously,J1031. Grain will be cut when farmer attends to it himself.,93,J1031,Grain will be cut when farmer attends to it himself.,J. The wise and the foolish.,J200–J1099. Wise and unwise conduct.,J1000–J1099. Other aspects of wisdom.,,J1030. Self-dependence.,"J1031. Grain will be cut when farmer attends to it himself. Lark leaves her young in the cornfield. They hear farmer tell sons to go to neighbors for help in harvesting. Lark tells young not to worry. Same when he sends for relatives. Farmer decides to harvest it himself. Larks move, for they now know that it will be done.",The wise and the foolish,Wise and unwise conduct,Other aspects of wisdom,,Self-dependence
76,86,ATU 100 The Wolf is Caught Because of His Singing,J581.1. Wolf as dog's guest sings.,100,J581.1,Wolf as dog's guest sings.,J. The wise and the foolish.,J200–J1099. Wise and unwise conduct.,J500–J599. Prudence and Discretion.,,J580. Wisdom of caution.,J581.1. Wolf as dog's guest sings. He has drunk too much and sings in spite of the dog's warning. He is killed.,The wise and the foolish,Wise and unwise conduct,Prudence and Discretion,,Wisdom of caution
77,87,ATU 101 The Old Dog as Rescuer the Child (Sheep),K231.1.3. The dog refuses to help the wolf.,101,K231.1.3,The dog refuses to help the wolf.,K. Deceptions.,K100–K299. Deceptive bargains.,K200–K249. Deception in payment of debt.,,K230. Other deceptions in the payment of debt.,K231.1.3. The dog refuses to help the wolf. A farmer plans to kill a faithful old dog. The wolf makes a plan to save the dog. The latter is to rescue the farmer's child from the wolf. The plan succeeds and the dog is rewarded. The wolf in return wants to steal the farmer's sheep. The dog refuses his assistance.,Deceptions,Deceptive bargains,Deception in payment of debt,,Other deceptions in the payment of debt
78,88,ATU 102 The Dog as Wolf's Shoemaker,K254.1. Dog as wolf's shoemaker eats up the materials,102,K254.1,Dog as wolf's shoemaker eats up the materials,K. Deceptions.,K100–K299. Deceptive bargains.,,,K250. Other deceptive bargains.,"K254.1. Dog as wolf's shoemaker eats up the materials. Devours the cow, hog, etc. furnished him.",Deceptions,Deceptive bargains,,,Other deceptive bargains
79,89,ATU 103 War between Wild Animals and Domestic Animals,B262. War between domestic and wild animals.,103,B262,War between domestic and wild animals.,B. Animals.,B200–B299. Animals with human traits.,,,B260. Animal warfare.,B262. War between domestic and wild animals.,Animals,Animals with human traits,,,Animal warfare
80,90,ATU 103A Cat as She-Fox's Husband,B281.9.1. The cas vixen's husband.,103A,B281.9.1,The cas vixen's husband.,B. Animals.,B200–B299. Animals with human traits.,,,B280. Animal weddings.,B281.9.1. The cat as vixen's husband. Frightens the other wild animals invited by the vixen. (Cf. K2324.),Animals,Animals with human traits,,,Animal weddings
81,93,ATU 105 Cat's Only Trick,J1662. The cat's only trick.,105,J1662,The cat's only trick.,J. The wise and the foolish.,J1100–J1699. Cleverness.,J1650–J1699. Miscellaneous clever acts.,,J1650. Miscellaneous clever acts.,"J1662. The cat's only trick. She saves herself on a tree. The fox, who knows a hundred tricks, is captured.",The wise and the foolish,Cleverness,Miscellaneous clever acts,,Miscellaneous clever acts
82,94,ATU 105* Hedgehogs Only trick,K522. Escape by shamming death.,105*,K522,Escape by shamming death.,K. Deceptions.,K500–K699. Escape by deception.,,,"K520. Death escaped through disguise, shamming, or substitution.",K522. Escape by shamming death.,Deceptions,Escape by deception,,,"Death escaped through disguise, shamming, or substitution"
83,96,ATU 110 Belling the Cat,J671.1. Belling the cat.,110,J671.1,Belling the cat.,J. The wise and the foolish.,J200–J1099. Wise and unwise conduct.,J600–J799. Forethought.,J610–J679. Forethought in conflicts with others.,J670. Forethought in defences against others.,J671.1. Belling the cat. Mice decide that a bell should be put on the cat but can find no one to tie it on her.,The wise and the foolish,Wise and unwise conduct,Forethought,Forethought in conflicts with others,Forethought in defences against others
84,97,ATU 111 The Cat and the Mouse Converse,K561.1.1. Cfails to be beguiled into releasing mouse.,111,K561.1.1,Cfails to be beguiled into releasing mouse.,K. Deceptions.,K500–K699. Escape by deception.,,,K550. Escape by false plea.,"K561.1.1. Cat fails to be beguiled into releasing mouse. The mouse tells the cat a tale. The cat answers at last, ""Even so, I eat you up.""",Deceptions,Escape by deception,,,Escape by false plea
85,97,ATU 111 The Cat and the Mouse Converse,K561.1.1. Cfails to be beguiled into releasing mouse.,111,K561.1.1,Cfails to be beguiled into releasing mouse.,K. Deceptions.,K500–K699. Escape by deception.,,,K550. Escape by false plea.,"K561.1.1. Cat fails to be beguiled into releasing mouse. The mouse tells the cat a tale. The cat answers at last, ""Even so, I eat you up.""",Deceptions,Escape by deception,,,Escape by false plea
86,98,ATU 111A Wolf Unjustly Accuses Lamb and Eats Him,U31. Wolf unjustly accuses lamb and eats him.,111A,U31,Wolf unjustly accuses lamb and eats him.,U. The nature of life.,U0–U99. Life's inequalities.,,,U30. Rights of the strong.,U31. Wolf unjustly accuses lamb and eats him. When all the lamb's defenses are good the wolf asserts the right of the strong over the weak. (Usually accused of stirring up water from lower in stream.) (Cf. U141.),The nature of life,Life's inequalities,,,Rights of the strong
87,100,ATU 112 Country Mouse Visits the Town Mouse,J211.2. Town mouse and country mouse.,112,J211.2,Town mouse and country mouse.,J. The wise and the foolish.,J200–J1099. Wise and unwise conduct.,J200–J499. Choices.,,J210. Choice between evils.,J211.2. Town mouse and country mouse. Latter prefers poverty with safety.,The wise and the foolish,Wise and unwise conduct,Choices,,Choice between evils
88,101,ATU 113A Pan is Dead,"B342. Cleaves house when report is made
 of death of one of his companions.",113A,B342,Cleaves house when report is made of death of one of his companions.,B. Animals.,B300–B599. Friendly animals.,B300–B349. Helpful animals – general.,,B340. Treatment of helpful animals – miscellaneous.,"B342. Cat leaves house when report is made of death of one of his companions. His master has been told to say ""Robert is dead"". As soon as this is said, the cat leaves.",Animals,Friendly animals,Helpful animals – general,,Treatment of helpful animals – miscellaneous
89,102,ATU 113B Cat as Sham Holy Man,K815.13. Cmakes truce with mice.,113B,K815.13,Cmakes truce with mice.,K. Deceptions.,K800–K999. Killing or maiming by deception.,,,K810. Fatal deception into trickster's power.,"K815.13. Cat makes truce with mice. When they have become friendly, he eats them.",Deceptions,Killing or maiming by deception,,,Fatal deception into trickster's power
90,103,ATU 119B* Horse's Defense Against Wolves,J1022. Fight of lions and bulls.,119B*,J1022,Fight of lions and bulls.,J. The wise and the foolish.,J200–J1099. Wise and unwise conduct.,J1000–J1099. Other aspects of wisdom.,,J1020. Strength in unity.,J1022. Fight of lions and bulls. Lion succeeds only when bulls separate.,The wise and the foolish,Wise and unwise conduct,Other aspects of wisdom,,Strength in unity
91,104,ATU 120 The First to See the Sunrise,K52. Contest in seeing sunrise first.,120,K52,Contest in seeing sunrise first.,K. Deceptions.,K0–K99. Contests won by deception.,,,K50. Endurance contest won by deception.,K52. Contest in seeing sunrise first.,Deceptions,Contests won by deception,,,Endurance contest won by deception
92,105,ATU 121 Wolves Climb on Top of One Another,J2133.6. Wolves climb on top of one another to tree: lowest runs away and all fall.,121,J2133.6,Wolves climb on top of one another to tree: lowest runs away and all fall.,J. The wise and the foolish.,J1700–J2749. Fools (and other unwise persons).,J2050–J2199. Absurd short-sightedness.,,J2130. Foolish disregard of personal danger.,J2133.6. Wolves climb on top of one another to tree: lowest runs away and all fall.,The wise and the foolish,Fools (and other unwise persons),Absurd short-sightedness,,Foolish disregard of personal danger
93,106,ATU 122 Animal Loses His Prey Because his Victim Can Escape by False Plea,K550. Escape by false plea.,122,K550,Escape by false plea.,K. Deceptions.,K500–K699. Escape by deception.,,,K550. Escape by false plea.,K550. Escape by false plea. A captive makes a request or proposes an action that permits him eventually to escape.,Deceptions,Escape by deception,,,Escape by false plea
94,107,ATU 122A Wolf Seeks Breakfast,K551.8. Wolf kept door until children have been christened,122A,K551.8,Wolf kept door until children have been christened,K. Deceptions.,K500–K699. Escape by deception.,,,K550. Escape by false plea.,K551.8. Wolf kept at door until children have been christened. He loses his feast.,Deceptions,Escape by deception,,,Escape by false plea
95,108,ATU 122B Rat Persuades Cat to Wash Face Before Eating,K562. Rat persuades cat to wash face before eating: escapes.,122B,K562,Rat persuades cat to wash face before eating: escapes.,K. Deceptions.,K500–K699. Escape by deception.,,,K550. Escape by false plea.,K562. Rat persuades cat to wash face before eating: escapes.,Deceptions,Escape by deception,,,Escape by false plea
96,109,ATU 122C Sheep Persuades the Wolf to Sing,K561.2. Sheep persuade the wolf to sing,122C,K561.2,Sheep persuade the wolf to sing,K. Deceptions.,K500–K699. Escape by deception.,,,K550. Escape by false plea.,K561.2. Sheep persuade the wolf to sing. Dogs are summoned.,Deceptions,Escape by deception,,,Escape by false plea
97,110,ATU 122D Caught Animal Promises Captor Better Prey,"K553.1. ""Let me catch you better game.",122D,K553.1,"""Let me catch you better game.",K. Deceptions.,K500–K699. Escape by deception.,,,K550. Escape by false plea.,"K553.1. ""Let me catch you better game."" Captured animal pretends to help captor bring more desirable victim. Escapes.",Deceptions,Escape by deception,,,Escape by false plea
98,111,ATU 123E Wait for the Fat Goat,K553.2. Wait for the fatter goat.,123E,K553.2,Wait for the fatter goat.,K. Deceptions.,K500–K699. Escape by deception.,,,K550. Escape by false plea.,K553.2. Wait for the fat goat. Troll lets the first two goats pass on the bridge so that he may eat the biggest one. He is thrown in the water.,Deceptions,Escape by deception,,,Escape by false plea
99,112,"ATU 122F ""Wait till I am Fat Enough""","K553. ""Wait till I get fat.""",122F,K553,Wait till I get fat.,K. Deceptions.,K500–K699. Escape by deception.,,,K550. Escape by false plea.,"K553. ""Wait till I get fat."" Captured person (animal) persuades his captor to wait and fatten him before eating him.",Deceptions,Escape by deception,,,Escape by false plea
100,113,"ATU 122G ""Wash Me"" (Soak Me) before Eating","K553.5. ""Soak me in the pond so thI will be juicy.",122G,K553.5,"""Soak me in the pond so thI will be juicy.",K. Deceptions.,K500–K699. Escape by deception.,,,K550. Escape by false plea.,"K553.5. ""Soak me in the pond so that I will be juicy.""",Deceptions,Escape by deception,,,Escape by false plea
101,114,ATU 123 Wolf and the Kids,K1832. Disguise by changing voice.,123,K1832,Disguise by changing voice.,K. Deceptions.,K1700–K2099. Deception through shams.,K1800–K1899. Deception by disguise or illusion.,,K1810. Deception by disguise.,K1832. Disguise by changing voice.,Deceptions,Deception through shams,Deception by disguise or illusion,,Deception by disguise
102,115,ATU 123 Wolf and the Kids,F913. Victims rescued from swallower's belly,123,F913,Victims rescued from swallower's belly,F. Marvels.,F900-F1099. Extraordinary occurrences.,,,F910. Extraordinary swallowings.,F913. Victims rescued from swallower's belly. (Cf. X1723.1.),Marvels,-F1099. Extraordinary occurrences,,,Extraordinary swallowings
103,116,ATU 123 Wolf and the Kids,Q426. Wolf cut open and filled with stones as punishment.,123,Q426,Wolf cut open and filled with stones as punishment.,Q. Rewards and punishments.,Q400–Q599. Kinds of punishment.,,,Q410. Capital punishment.,Q426. Wolf cut open and filled with stones as punishment.,Rewards and punishments,Kinds of punishment,,,Capital punishment
104,117,ATU 123B Wolf in Sheep's Clothing Gains Admission to the Fold,K828.1.Fox in sheepskin gains admission to fold and kills sheep.,123B,K828.1,Fox in sheepskin gains admission to fold and kills sheep.,K. Deceptions.,K800–K999. Killing or maiming by deception.,,,K810. Fatal deception into trickster's power.,K828.1. Fox in sheepskin gains admission to fold and kills sheep.,Deceptions,Killing or maiming by deception,,,Fatal deception into trickster's power
105,118,ATU 124 Blowing the House In,Z81. Blowing the house in.,124,Z81,Blowing the house in.,Z. Miscellaneous groups of motifs.,Z0–Z99. Formulas.,,,Z80. Formulistic rimes.,Z81. Blowing the house in. I'll huff and I'll puff till I blow your house in.,Miscellaneous groups of motifs,Formulas,,,Formulistic rimes
106,119,ATU 125 The Wolf Flees from the Wolf-head,K1715.3. The wolf flees from the wolf-head.,125,K1715.3,The wolf flees from the wolf-head.,K. Deceptions.,K1700–K2099. Deception through shams.,K1700–K1799. Deception through bluffing.,,K1710. Ogre (large animal) overawed.,"K1715.3. The wolf flees from the wolf-head. The sheep have found a sack and a wolf-head. They make the wolf believe that they have killed a wolf, and he flees in terror.",Deceptions,Deception through shams,Deception through bluffing,,Ogre (large animal) overawed
107,120,ATU 126 Sheep Chases the Wolf,K1715. Weak animal (man) makes large one (ogre) believe that he has eaten many of the large one's companions.,126,K1715,Weak animal (man) makes large one (ogre) believe that he has eaten many of the large one's companions.,K. Deceptions.,K1700–K2099. Deception through shams.,K1700–K1799. Deception through bluffing.,,K1710. Ogre (large animal) overawed.,K1715. Weak animal (man) makes large one (ogre) believe that he has eaten many of the large one's companions. The latter is frightened.,Deceptions,Deception through shams,Deception through bluffing,,Ogre (large animal) overawed
108,121,ATU 130 Animals in New Quarters (Bremen Town Musicians),B296. Animals go a-journeying.,130,B296,Animals go a-journeying.,B. Animals.,B200–B299. Animals with human traits.,,,B290. Other animals with human traits.,B296. Animals go a-journeying.,Animals,Animals with human traits,,,Other animals with human traits
109,122,ATU 130 Animals in New Quarters (Bremen Town Musicians),K335. Thief frightens owner from goods.,130,K335,Thief frightens owner from goods.,K. Deceptions.,K300–K499. Thefts and cheats.,K310–K439. Thefts.,,K330. Means of hoodwinking the guardian or owner.,K335. Thief frightens owner from goods.,Deceptions,Thefts and cheats,Thefts,,Means of hoodwinking the guardian or owner
110,123,ATU 130 Animals in New Quarters (Bremen Town Musicians),K1161. Animals hidden in various parts of a house attack owner with their characteristic powers and kill him when he enters.,130,K1161,Animals hidden in various parts of a house attack owner with their characteristic powers and kill him when he enters.,K. Deceptions.,K1000–K1199. Deception into self-injury.,,,K1110. Deceptions into self injury – miscellaneous.,K1161. Animals hidden in various parts of a house attack owner with their characteristic powers and kill him when he enters.,Deceptions,Deception into self-injury,,,Deceptions into self injury – miscellaneous
111,125,ATU 131 Tiger as False Friend to the Cow,J427. Association of cow and tiger: tiger eats cow as soon as she is hungry.,131,J427,Association of cow and tiger: tiger eats cow as soon as she is hungry.,J. The wise and the foolish.,J200–J1099. Wise and unwise conduct.,J200–J499. Choices.,J400–J459. Choice of associates.,J420. Association of strong and weak.,J427. Association of cow and tiger: tiger eats cow as soon as she is hungry.,The wise and the foolish,Wise and unwise conduct,Choices,Choice of associates,Association of strong and weak
112,126,ATU 132 Goat Admires his Horns in the Water,K1775. Bluff: insult repeated as harmless remark.,132,K1775,Bluff: insult repeated as harmless remark.,K. Deceptions.,K1700–K2099. Deception through shams.,K1700–K1799. Deception through bluffing.,,K1760. Other bluffs.,"K1775. Bluff: insult repeated as harmless remark. The trickster makes an insulting remark, but when called on to repeat what he said he changes it so as to turn aside wrath.",Deceptions,Deception through shams,Deception through bluffing,,Other bluffs
113,127,ATU 136 Wolf Surprises Pig in Apple Tree,"K1043. Dupe induced to eat sharp (stinging, bitter) fruit.",136,K1043,"Dupe induced to eat sharp (stinging, bitter) fruit.",K. Deceptions.,K1000–K1199. Deception into self-injury.,,,K1040. Dupe otherwise persuaded to voluntary self-injury.,"K1043. Dupe induced to eat sharp (stinging, bitter) fruit.",Deceptions,Deception into self-injury,,,Dupe otherwise persuaded to voluntary self-injury
114,129,ATU 150 The Bird's Three Precepts,K604. The three teachings of the bird (fox).,150,K604,The three teachings of the bird (fox).,K. Deceptions.,K500–K699. Escape by deception.,,,K600. Murderer or captor otherwise beguiled.,"K604. The three teachings of the bird (fox). In return for release from captivity the bird (fox) gives the man three teachings. These usually mock the man for his foolishness in releasing what he has. (See for these counsels: J21.12, J21.13, J21.14.)",Deceptions,Escape by deception,,,Murderer or captor otherwise beguiled
115,130,ATU 150 The Bird's Three Precepts,"J21.14. ""Never try to reach the unattainable""",150,J21.14,Never try to reach the unattainable,J. The wise and the foolish.,J0–J199. Acquisition and possession of wisdom (knowledge).,,,J10. Wisdom (knowledge) acquired from experience.,"J21.14. ""Never try to reach the unattainable"": counsel proved wise by experience. (Cf. K604.)",The wise and the foolish,Acquisition and possession of wisdom (knowledge),,,Wisdom (knowledge) acquired from experience
116,131,ATU 150 The Bird's Three Precepts,"J21.13. ""Never believe what is beyond belief""",150,J21.13,Never believe what is beyond belief,J. The wise and the foolish.,J0–J199. Acquisition and possession of wisdom (knowledge).,,,J10. Wisdom (knowledge) acquired from experience.,"J21.13. ""Never believe what is beyond belief"": counsel proved wise by experience. Man believes when bird tells him that she has a precious gem in her body. (Cf. J21.12, K604.)",The wise and the foolish,Acquisition and possession of wisdom (knowledge),,,Wisdom (knowledge) acquired from experience
117,132,ATU 150 The Bird's Three Precepts,"J21.12. ""Rue not a thing that is past""",150,J21.12,Rue not a thing that is past,J. The wise and the foolish.,J0–J199. Acquisition and possession of wisdom (knowledge).,,,J10. Wisdom (knowledge) acquired from experience.,"J21.12. ""Rue not a thing that is past"": counsel proved wise by experience. Man lets bird go and then, having listened to bird's false declaration that she had a precious gem in her body, he tries to climb a tree after her and falls.",The wise and the foolish,Acquisition and possession of wisdom (knowledge),,,Wisdom (knowledge) acquired from experience
118,133,ATU 151 Man Teaches Wild Animal to Play Fiddle,K1111.0.1. Dupe wishing to learn to play fiddle has finger caught in cleft of tree.,151,K1111.0.1,Dupe wishing to learn to play fiddle has finger caught in cleft of tree.,K. Deceptions.,K1000–K1199. Deception into self-injury.,,,K1110. Deceptions into self injury – miscellaneous.,K1111.0.1. Dupe wishing to learn to play fiddle has finger caught in cleft of tree.,Deceptions,Deception into self-injury,,,Deceptions into self injury – miscellaneous
119,134,ATU 152 Plowman and the Animals,"K1013.3. ""Painting"" with a red hot iron.",152,K1013.3,"""Painting"" with a red hot iron.",K. Deceptions.,K1000–K1199. Deception into self-injury.,,,K1010. Deception through false doctoring.,"K1013.3. ""Painting"" with a red hot iron.",Deceptions,Deception into self-injury,,,Deception through false doctoring
120,135,ATU 153 The Gelding of the Bear and the Fetching of Salve,K1012.1. Making the dupe strong -- by castration.,153,K1012.1,Making the dupe strong -- by castration.,K. Deceptions.,K1000–K1199. Deception into self-injury.,,,K1010. Deception through false doctoring.,K1012.1. Making the dupe strong – by castration.,Deceptions,Deception into self-injury,,,Deception through false doctoring
121,136,ATU 154 Fox and His Members,"J2351.1. Fox holds conversation with his members, attracts attention, and is caught.",154,J2351.1,"Fox holds conversation with his members, attracts attention, and is caught.",J. The wise and the foolish.,J1700–J2749. Fools (and other unwise persons).,J2350–J2369. Talkative fools.,,J2350. Talkative fools.,"J2351.1. Fox holds conversation with his members, attracts attention, and is caught. He scolds in turn his feet, eyes, ears, and tail. In his excitement he sticks out his tail from his hiding place.",The wise and the foolish,Fools (and other unwise persons),Talkative fools,,Talkative fools
122,137,ATU 155 Ungrateful Snake Returned to Captivity,J1172.3. Ungrateful animal returned to captivity.,155,J1172.3,Ungrateful animal returned to captivity.,J. The wise and the foolish.,J1100–J1699. Cleverness.,J1100–J1249. Clever persons and acts.,J1130–J1199. Cleverness in the law court.,J1170. Clever judicial decisions.,J1172.3. Ungrateful animal returned to captivity. A man rescues a serpent (bear) who in return seeks to kill his rescuer. Fox as judge advises the man to put the serpent back into captivity.,The wise and the foolish,Cleverness,Clever persons and acts,Cleverness in the law court,Clever judicial decisions
123,138,ATU 156 Androcles and the Lion,B381. Thorn removed from lion's paw (Androcles and the Lion),156,B381,Thorn removed from lion's paw (Androcles and the Lion),B. Animals.,B300–B599. Friendly animals.,B350–B399. Grateful animals.,,B380. Animal grateful for relief from pain.,B381. Thorn removed from lion's paw (Androcles and the Lion). In gratitude the lion later rewards the man.,Animals,Friendly animals,Grateful animals,,Animal grateful for relief from pain
124,139,ATU 156A Faith of the Lion,B301.8. Faithful lion follows man who saved him.,156A,B301.8,Faithful lion follows man who saved him.,B. Animals.,B300–B599. Friendly animals.,B300–B349. Helpful animals – general.,,B300. Helpful animal.,B301.8. Faithful lion follows man who saved him.,Animals,Friendly animals,Helpful animals – general,,Helpful animal
125,140,ATU 157 Animals Learn to Fear Men,J17. Animal learns through experience to fear men.,157,J17,Animal learns through experience to fear men.,J. The wise and the foolish.,J0–J199. Acquisition and possession of wisdom (knowledge).,,,J10. Wisdom (knowledge) acquired from experience.,J17. Animal learns through experience to fear men. In spite of the warning of another animal he approaches man and is shot.,The wise and the foolish,Acquisition and possession of wisdom (knowledge),,,Wisdom (knowledge) acquired from experience
126,141,ATU 157A Lion Searches for Man,J22.1. Precept of the lion to his sons: beware of man.,157A,J22.1,Precept of the lion to his sons: beware of man.,J. The wise and the foolish.,J0–J199. Acquisition and possession of wisdom (knowledge).,,,J10. Wisdom (knowledge) acquired from experience.,J22.1. Precept of the lion to his sons: beware of man.,The wise and the foolish,Acquisition and possession of wisdom (knowledge),,,Wisdom (knowledge) acquired from experience
127,143,ATU 159B Enmity of Lion and Man,W185.6. Insult worse than wound.,159B,W185.6,Insult worse than wound.,W. Traits of character.,W100–W199. Unfavorable traits of character.,,,W150. Unfavorable traits of character – social.,"W185.6. Insult worse than wound. The lion to the man: ""The wound has healed, but the pain of harsh words still remains.""",Traits of character,Unfavorable traits of character,,,Unfavorable traits of character – social
128,144,ATU 160 Grateful Animals ; Ungrateful M1an,W154.8. Grateful animals; ungrateful man,160,W154.8,Grateful animals; ungrateful man,W. Traits of character.,W100–W199. Unfavorable traits of character.,,,W150. Unfavorable traits of character – social.,"W154.8. Grateful animals; ungrateful man. A traveler saves a monkey, a snake, a tiger, and a jeweler from a pit. The monkey gives him fruit; the tiger a necklace of a princess he has killed. The jeweler accuses the rescuer before the king. The serpent saves him by biting the prince and then showing the man the proper remedy.",Traits of character,Unfavorable traits of character,,,Unfavorable traits of character – social
129,145,ATU 161 Farmer Betrays Fox by Pointing,K2315. Peasant betrays fox by pointing.,161,K2315,Peasant betrays fox by pointing.,K. Deceptions.,K2300–K2399. Other deceptions.,,,K2310. Deception by equivocation.,"K2315. Peasant betrays fox by pointing. The peasant has hidden the fox in a basket and promised not to tell. When the hunters come, he says, ""The fox just went over the hill,"" but points to the basket.",Deceptions,Other deceptions,,,Deception by equivocation
130,147,ATU 162 Master Looks More Closely Than the Farmhand,J1032. Stag found by master when overlooked by servants.,162,J1032,Stag found by master when overlooked by servants.,J. The wise and the foolish.,J200–J1099. Wise and unwise conduct.,J1000–J1099. Other aspects of wisdom.,,J1030. Self-dependence.,J1032. Stag found by master when overlooked by servants. Hides under hay and escapes until master himself comes.,The wise and the foolish,Wise and unwise conduct,Other aspects of wisdom,,Self-dependence
131,148,ATU 163 The Singing Wolf,Z33.4.2. The singing wolf.,163,Z33.4.2,The singing wolf.,Z. Miscellaneous groups of motifs.,Z0–Z99. Formulas.,Z20–Z59. Cumulative tales.,,Z30. Chains involving a single scene or event without interdependence among the individual actors.,"Z33.4.2. The singing wolf. By his singing the wolf compels the old man to surrender his cattle, his children and grandchildren, and finally his wife. The old woman goes in the wolf's service. She returns home bringing butter, etc.",Miscellaneous groups of motifs,Formulas,Cumulative tales,,Chains involving a single scene or event without interdependence among the individual actors
132,149,ATU 170 The fox eats his fellow-lodger,K443.7. Fox eats his fellow-lodger: accuses another and demands damages.,170,K443.7,Fox eats his fellow-lodger: accuses another and demands damages.,K. Deceptions.,K300–K499. Thefts and cheats.,K440–K499. Other cheats.,,K440. Other cheats.,"K443.7. Fox eats his fellow-lodger: accuses another and demands damages. He spends the night with a cock in a house. He eats the cock but in the morning accuses the sheep of having eaten it. In the next inn likewise he says that the ox has eaten the sheep, etc. In compensation he demands a larger animal each time.",Deceptions,Thefts and cheats,Other cheats,,Other cheats
133,151,ATU 173 Human and Animal Life Spans are Readjusted,A1321. Men and animals readjust span of life,173,A1321,Men and animals readjust span of life,A. Mythological motifs.,A1200–A1699. Creation and ordering of human life.,A1300–A1399. Ordering of human life.,,A1320. Determination of span of life.,"A1321. Men and animals readjust span of life. At first, thirty years are given to all animals and to man. For the animals it is too long, for man too short. Man is given a portion of animals' lives. Years 1–30 vigorous (man's own); 30–48 burdens and blows (ass's); 48–60 no teeth (dog's); 60–70 foolish (monkey's).",Mythological motifs,Creation and ordering of human life,Ordering of human life,,Determination of span of life
134,152,ATU 175 The Tarbaby and the Rabbit,K741. Capture by tarbaby.,175,K741,Capture by tarbaby.,K. Deceptions.,K700–K799. Capture by deception.,,,K730. Victim trapped.,K741. Capture by tarbaby. An image covered with tar (or other adhesive substance) captures the intruder who addresses it and finally strikes it so that he sticks to it.,Deceptions,Capture by deception,,,Victim trapped
135,154,ATU 178A Innocent Dog,B331.2. Llewellyn and his dog.,178A,B331.2,Llewellyn and his dog.,B. Animals.,B300–B599. Friendly animals.,B300–B349. Helpful animals – general.,,B330. Death of helpful animal.,"B331.2. Llewellyn and his dog. Dog has saved child from serpent. Father sees bloody mouth, thinks the dog has eaten the child, and kills the dog.",Animals,Friendly animals,Helpful animals – general,,Death of helpful animal
136,155,ATU 179 What the bear whispered in his ear,J1488. What the bear whispered in his ear.,179,J1488,What the bear whispered in his ear.,J. The wise and the foolish.,J1100–J1699. Cleverness.,J1250–J1499. Clever verbal retorts (repartee).,,J1440. Repartee – miscellaneous.,"J1488. What the bear whispered in his ear. Paid guide climbs tree and leaves traveler to mercy of a bear. Traveler feigns death and the bear sniffs at him and leaves. The guide: ""What did the bear say to you?"" ""He said, never trust a coward like you.""",The wise and the foolish,Cleverness,Clever verbal retorts (repartee),,Repartee – miscellaneous
137,156,ATU 200 The Dogs Certificate,A2281.1. Cat loses dog's certificate: enmity between cats and dogs.,200,A2281.1,Cat loses dog's certificate: enmity between cats and dogs.,A. Mythological motifs.,A2200–A2599. Animal characteristics.,A2200–A2299. Various causes of animal characteristics.,,A2270. Animal characteristics from miscellaneous causes.,"A2281.1. Cat loses dog's certificate: enmity between cats and dogs. Dog is given a certificate of nobility. Through cat's carelessness it is lost. (Cf. A2275.5, A2494.1.2.)",Mythological motifs,Animal characteristics,Various causes of animal characteristics,,Animal characteristics from miscellaneous causes
138,157,ATU 200A Dog Loses a Certificate,A2275.5.5. Dog loses his patent right; seeks it: why dogs look at one another under the tail.,200A,A2275.5.5,Dog loses his patent right; seeks it: why dogs look at one another under the tail.,A. Mythological motifs.,A2200–A2599. Animal characteristics.,A2200–A2299. Various causes of animal characteristics.,,A2270. Animal characteristics from miscellaneous causes.,A2275.5.5. Dog loses his patent right; seeks it: why dogs look at one another under the tail. (Cf. A2471.1.),Mythological motifs,Animal characteristics,Various causes of animal characteristics,,Animal characteristics from miscellaneous causes
139,158,ATU 200B Why Dogs Sniff One Another,A2232.8. Dog's embassy to Zeus chased forth; dogs seek ambassador: why dogs sniff each other under leg.,200B,A2232.8,Dog's embassy to Zeus chased forth; dogs seek ambassador: why dogs sniff each other under leg.,A. Mythological motifs.,A2200–A2599. Animal characteristics.,A2200–A2299. Various causes of animal characteristics.,,A2230. Animal characteristics as punishment.,A2232.8. Dog's embassy to Zeus chased forth; dogs seek ambassador: why dogs sniff each other under leg. (Cf. A2471.1.),Mythological motifs,Animal characteristics,Various causes of animal characteristics,,Animal characteristics as punishment
140,159,ATU 200C* Enmity between Hare and Dog,A2494.4.4. Enmity between dog and rabbit.,200C*,A2494.4.4,Enmity between dog and rabbit.,A. Mythological motifs.,A2200–A2599. Animal characteristics.,A2400–A2499. Causes of animal characteristics: appearance and habits.,,A2490. Other habits of animals.,A2494.4.4. Enmity between dog and rabbit.,Mythological motifs,Animal characteristics,Causes of animal characteristics: appearance and habits,,Other habits of animals
141,160,ATU 201 The Lean Dog Prefers Liberty to Abundant Food and a Chain,L451.3. Wolf prefers liberty and hunger to dog's servitude and plenty.,201,L451.3,Wolf prefers liberty and hunger to dog's servitude and plenty.,L. Reversal of fortune.,L400–L499. Pride brought low.,,,L450. Proud animal less fortunate than humble.,L451.3. Wolf prefers liberty and hunger to dog's servitude and plenty.,Reversal of fortune,Pride brought low,,,Proud animal less fortunate than humble
142,161,ATU 202 Two Stubborn Goats,W167.1. Two stubborn goats meet each other on a bridge.,202,W167.1,Two stubborn goats meet each other on a bridge.,W. Traits of character.,W100–W199. Unfavorable traits of character.,,,W150. Unfavorable traits of character – social.,W167.1. Two stubborn goats meet each other on a bridge. Neither will step aside; both fall into water.,Traits of character,Unfavorable traits of character,,,Unfavorable traits of character – social
143,162,ATU 204 Animals in Peril at Sea,J1711.1. Animals helpless in sea-voyage together,204,J1711.1,Animals helpless in sea-voyage together,J. The wise and the foolish.,J1700–J2749. Fools (and other unwise persons).,J1700–J1729. Fools (general).,J1710–J1729. Association with fools.,J1710. Association with fools.,"J1711.1. Animals helpless in sea-voyage together. Sheep, duck, and cock in peril The duck swims; the cock flies to the mast.",The wise and the foolish,Fools (and other unwise persons),Fools (general),Association with fools,Association with fools
144,163,ATU 206 Straw Threshed a second Time,J2362. Talkative animals incense master.,206,J2362,Talkative animals incense master.,J. The wise and the foolish.,J1700–J2749. Fools (and other unwise persons).,J2350–J2369. Talkative fools.,,J2350. Talkative fools.,J2362. Talkative animals incense master. He gives them twice-threshed straw to eat as punishment.,The wise and the foolish,Fools (and other unwise persons),Talkative fools,,Talkative fools
145,164,ATU 207 Rebellion of the Work Animals,K1633. Cock's advice proves disastrous to himself,207,K1633,Cock's advice proves disastrous to himself,K. Deceptions.,K1600–K1699. Deceiver falls into own trap.,,,K1610. Deceiver falls into his own trap – miscellaneous incidents.,K1633. Cock's advice proves disastrous to himself. He causes the ox and the ass to rebel but the master learns the cause of the trouble and kills him.,Deceptions,Deceiver falls into own trap,,,Deceiver falls into his own trap – miscellaneous incidents
146,166,ATU 207B Hard-hearted Horse and Donkey,J2413.1. Ass tries to caress his master like the dog,207B,J2413.1,Ass tries to caress his master like the dog,J. The wise and the foolish.,J1700–J2749. Fools (and other unwise persons).,J2400–J2449. Foolish imitation.,,J2410. Types of foolish imitation.,J2413.1. Ass tries to caress his master like the dog. He is driven off.,The wise and the foolish,Fools (and other unwise persons),Foolish imitation,,Types of foolish imitation
147,167,ATU 207C Animals Ring Bell and Demand Justice,B271.3. Animals ring bell and demand justice.,207C,B271.3,Animals ring bell and demand justice.,B. Animals.,B200–B299. Animals with human traits.,,,B270. Animals in legal relations.,B271.3. Animals ring bell and demand justice. A king has a bell which petitioners for justice may ring and thus summon him. The bell is rung by a serpent which is being menaced by a turtle (or by an old horse who wishes to complain against a cruel master).,Animals,Animals with human traits,,,Animals in legal relations
148,168,"ATU 210 Rooster, Hen, Duck, Pin, and Needle on a Journey",K1161. Animals hidden in various parts of a house attack owner with their characteristic powers and kill him when he enters.,210,K1161,Animals hidden in various parts of a house attack owner with their characteristic powers and kill him when he enters.,K. Deceptions.,K1000–K1199. Deception into self-injury.,,,K1110. Deceptions into self injury – miscellaneous.,K1161. Animals hidden in various parts of a house attack owner with their characteristic powers and kill him when he enters.,Deceptions,Deception into self-injury,,,Deceptions into self injury – miscellaneous
149,169,ATU 211 Two Donkeys and their Loads,J1612. The lazy ass repaid in kind.,211,J1612,The lazy ass repaid in kind.,J. The wise and the foolish.,J1100–J1699. Cleverness.,J1500–J1649. Clever practical retorts.,,J1600. Practical retorts – miscellaneous.,"J1612. The lazy ass repaid in kind. Loaded with salt, he falls down in the river and lightens his burden. His master then loads him with sponges so that the next time the ass tries the trick he increases his load.",The wise and the foolish,Cleverness,Clever practical retorts,,Practical retorts – miscellaneous
150,170,ATU 212 The Lying Goat,K1151. The lying goat.,212,K1151,The lying goat.,K. Deceptions.,K1000–K1199. Deception into self-injury.,,,K1110. Deceptions into self injury – miscellaneous.,"K1151. The lying goat. A father sends his sons one after the other to pasture the goat. The goat always declares that he has had nothing to eat. The father angrily sends his sons from home and learns, when he himself tries to pasture the goat, that he has been deceived.",Deceptions,Deception into self-injury,,,Deceptions into self injury – miscellaneous
151,171,ATU 214 Donkey Tries to Caress his Master,J2413.1. Ass tries to caress his master like the dog,214,J2413.1,Ass tries to caress his master like the dog,J. The wise and the foolish.,J1700–J2749. Fools (and other unwise persons).,J2400–J2449. Foolish imitation.,,J2410. Types of foolish imitation.,J2413.1. Ass tries to caress his master like the dog. He is driven off.,The wise and the foolish,Fools (and other unwise persons),Foolish imitation,,Types of foolish imitation
152,172,ATU 214A Singing Donkey and Dancing Camel,J2133.1. Camel with ass on his back dances.,214A,J2133.1,Camel with ass on his back dances.,J. The wise and the foolish.,J1700–J2749. Fools (and other unwise persons).,J2050–J2199. Absurd short-sightedness.,,J2130. Foolish disregard of personal danger.,J2133.1. Camel with ass on his back dances. Falls and is killed.,The wise and the foolish,Fools (and other unwise persons),Absurd short-sightedness,,Foolish disregard of personal danger
153,173,ATU 214B Donkey in the Lion's Skin,J951.1. Ass in lion's skin unmasked when he raises his voice.,214B,J951.1,Ass in lion's skin unmasked when he raises his voice.,J. The wise and the foolish.,J200–J1099. Wise and unwise conduct.,J900–J999. Humility.,,J950. Presumption of the lowly.,J951.1. Ass in lion's skin unmasked when he raises his voice.,The wise and the foolish,Wise and unwise conduct,Humility,,Presumption of the lowly
154,174,ATU 221 The Election of King of Brids,B236.1. Election of king of birds.,221,B236.1,Election of king of birds.,B. Animals.,B200–B299. Animals with human traits.,,,B230. Parliament of animals.,B236.1. Election of king of birds. (Cf. B232.),Animals,Animals with human traits,,,Parliament of animals
155,175,ATU 222 War between Birds (Insects) and Quadrupeds,B261. War of birds and quadrupeds.,222,B261,War of birds and quadrupeds.,B. Animals.,B200–B299. Animals with human traits.,,,B260. Animal warfare.,B261. War of birds and quadrupeds.,Animals,Animals with human traits,,,Animal warfare
156,176,ATU 222A Bat in the War Between Birds and Quadrupeds,B261.1. Bat in war of birds and quadrupeds,222A,B261.1,Bat in war of birds and quadrupeds,B. Animals.,B200–B299. Animals with human traits.,,,B260. Animal warfare.,B261.1. Bat in war of birds and quadrupeds. Because of ambiguous form joins first one side and then the other. Discredited.,Animals,Animals with human traits,,,Animal warfare
157,177,ATU 225 Crane Teaches the Fox to Fly,K1041. Borrowed feathers.,225,K1041,Borrowed feathers.,K. Deceptions.,K1000–K1199. Deception into self-injury.,,,K1040. Dupe otherwise persuaded to voluntary self-injury.,K1041. Borrowed feathers. Dupe lets himself be carried aloft by bird and dropped.,Deceptions,Deception into self-injury,,,Dupe otherwise persuaded to voluntary self-injury
158,178,ATU 225A Tortoise Lets Itself be Carried by Birds,J2357. Tortoise speaks and loses his hold on the stick.,225A,J2357,Tortoise speaks and loses his hold on the stick.,J. The wise and the foolish.,J1700–J2749. Fools (and other unwise persons).,J2350–J2369. Talkative fools.,,J2350. Talkative fools.,J2357. Tortoise speaks and loses his hold on the stick. He is being carried through the air by a bird.,The wise and the foolish,Fools (and other unwise persons),Talkative fools,,Talkative fools
159,179,ATU 227 Geese ask for Respite for Prayer,K551.1. Respite from death granted until prayer is finished.,227,K551.1,Respite from death granted until prayer is finished.,K. Deceptions.,K500–K699. Escape by deception.,,,K550. Escape by false plea.,K551.1. Respite from death granted until prayer is finished. It lasts till rescue comes.,Deceptions,Escape by deception,,,Escape by false plea
160,180,ATU 228 A Little Bird Tries to be Bigger,L315.1. Bird flies into large animal's ear and kills him.,228,L315.1,Bird flies into large animal's ear and kills him.,L. Reversal of fortune.,L300–L399. Triumph of the weak.,,,L310. Weak overcomes strong in conflict.,L315.1. Bird flies into large animal's ear and kills him.,Reversal of fortune,Triumph of the weak,,,Weak overcomes strong in conflict
161,181,ATU 231 The Heron and the Fish,J657.3. Crane persuades fish to let him change him from one lake into another: he eats fish,231,J657.3,Crane persuades fish to let him change him from one lake into another: he eats fish,J. The wise and the foolish.,J200–J1099. Wise and unwise conduct.,J600–J799. Forethought.,J610–J679. Forethought in conflicts with others.,J640. Avoidance of others' power.,J657.3. Crane persuades fish to let him change him from one lake into another: he eats fish.,The wise and the foolish,Wise and unwise conduct,Forethought,Forethought in conflicts with others,Avoidance of others' power
162,182,ATU 232D* Crow Drops Pebbles into a Water Jug,J101. Crow drops pebbles into water jug so as to be able to drink.,232D*,J101,Crow drops pebbles into water jug so as to be able to drink.,J. The wise and the foolish.,J0–J199. Acquisition and possession of wisdom (knowledge).,,,J100. Wisdom (knowledge) taught by necessity.,J101. Crow drops pebbles into water jug so as to be able to drink.,The wise and the foolish,Acquisition and possession of wisdom (knowledge),,,Wisdom (knowledge) taught by necessity
163,183,ATU 233B Birds Fly Off with the Net,K581.4.1. Birds caught in net fly away with it.,233B,K581.4.1,Birds caught in net fly away with it.,K. Deceptions.,K500–K699. Escape by deception.,,,K580. Captor persuaded into illusory punishment.,K581.4.1. Birds caught in net fly away with it.,Deceptions,Escape by deception,,,Captor persuaded into illusory punishment
164,184,ATU 233C The Swallow and the Hemp-Seeds,J621.1. The swallow and the hemp-seeds.,233C,J621.1,The swallow and the hemp-seeds.,J. The wise and the foolish.,J200–J1099. Wise and unwise conduct.,J600–J799. Forethought.,J610–J679. Forethought in conflicts with others.,J620. Forethought in prevention of others's plans.,"J621.1. The swallow and the hemp-seeds. Swallow in vain urges other birds to eat seed as fast as it is sowed. Ridiculed, he builds his nest among the dwellings of men. Later, birds are caught in nets made from the hemp.",The wise and the foolish,Wise and unwise conduct,Forethought,Forethought in conflicts with others,Forethought in prevention of others's plans
165,185,ATU 234 The Nightingale and the Blindworm,A2241.5. Nightingale borrows blindworm's eye,234,A2241.5,Nightingale borrows blindworm's eye,A. Mythological motifs.,A2200–A2599. Animal characteristics.,A2200–A2299. Various causes of animal characteristics.,,A2240. Animal characteristics: obtaining another's qualities.,A2241.5. Nightingale borrows blindworm's eye. Each has one eye. Nightingale borrow's blindworm's and will not return it.(Cf. A2332.6.1.),Mythological motifs,Animal characteristics,Various causes of animal characteristics,,Animal characteristics: obtaining another's qualities
166,187,ATU 235 The Jay Borrows the Cuckoo's Skin,A2241. Animal characteristics: borrowing and not returning.,235,A2241,Animal characteristics: borrowing and not returning.,A. Mythological motifs.,A2200–A2599. Animal characteristics.,A2200–A2299. Various causes of animal characteristics.,,A2240. Animal characteristics: obtaining another's qualities.,"A2241. Animal characteristics: borrowing and not returning. Animal borrows a member (or quality) from another and refuses to return it. (Cf. A2242, A2313.3, A2345.1, A2351.3, A2375.2.1, A2421.4, A2435.4.1.)",Mythological motifs,Animal characteristics,Various causes of animal characteristics,,Animal characteristics: obtaining another's qualities
167,188,ATU 236 Magpie Teaches the Dove to Build a Nest,A2271.1. Thrush teaches dove to build nest.,236,A2271.1,Thrush teaches dove to build nest.,A. Mythological motifs.,A2200–A2599. Animal characteristics.,A2200–A2299. Various causes of animal characteristics.,,A2270. Animal characteristics from miscellaneous causes.,A2271.1. Thrush teaches dove to build nest. (Cf. A2431.3.1.),Mythological motifs,Animal characteristics,Various causes of animal characteristics,,Animal characteristics from miscellaneous causes
168,189,ATU 236* Misc Tales with Imitation of Bird Sounds,A1952. Creation of hoopoe.,236*,A1952,Creation of hoopoe.,A. Mythological motifs.,A1700–A2199. Creation of animal life.,A1900–A1999. Creation of birds. Note: A1900–A1999 is based on the following classification of birds: A1910–A1929. Passeriformes. A1930–A1939. Falconiformes. A1940–A1949. Charidriiformes. A1950–A1959. Coraciiformes. A1960–A1969. Ciconiiformes. A1970–A1999. Miscellaneous birds.,,A1950. Creation of coraciiformes.,"A1952. Creation of hoopoe. Transformed shepherd. (Cf. A1710, A2261.1.)",Mythological motifs,Creation of animal life,Creation of birds. Note: A1900–A1999 is based on the following classification of birds: A1910–A1929. Passeriformes. A1930–A1939. Falconiformes. A1940–A1949. Charidriiformes. A1950–A1959. Coraciiformes. A1960–A1969. Ciconiiformes. A1970–A1999. Miscellaneous birds,,Creation of coraciiformes
169,190,ATU 237 The Talking Parrot,J2211.2. Why the sow was muddy.,237,J2211.2,Why the sow was muddy.,J. The wise and the foolish.,J1700–J2749. Fools (and other unwise persons).,J2200–J2259. Absurd lack of logic.,,J2210. Logical absurdity based upon certain false assumptions.,"J2211.2. Why the sow was muddy. A magpie is punished by his master, who throws him into a mud puddle. The magpie sees a muddy sow. He says, ""You also must have had a quarrel with your master.""",The wise and the foolish,Fools (and other unwise persons),Absurd lack of logic,,Logical absurdity based upon certain false assumptions
170,191,ATU 242 The Crow's Oath,K815. Victim lured by kind words approaches trickster and is killed.,242,K815,Victim lured by kind words approaches trickster and is killed.,K. Deceptions.,K800–K999. Killing or maiming by deception.,,,K810. Fatal deception into trickster's power.,K815. Victim lured by kind words approaches trickster and is killed.,Deceptions,Killing or maiming by deception,,,Fatal deception into trickster's power
171,192,ATU 244 Raven in Borrowed Feathers,J951.2. Jay in peacock's (pigeon's) skin unmasked.,244,J951.2,Jay in peacock's (pigeon's) skin unmasked.,J. The wise and the foolish.,J200–J1099. Wise and unwise conduct.,J900–J999. Humility.,,J950. Presumption of the lowly.,J951.2. Jay in peacock's (pigeon's) skin unmasked.,The wise and the foolish,Wise and unwise conduct,Humility,,Presumption of the lowly
172,194,ATU 244C* Raven Drowns His Young Who Promise to Aid Him When He Becomes Old,J267.1. Raven drowns his young who promise to aid him when he becomes old.,244C*,J267.1,Raven drowns his young who promise to aid him when he becomes old.,J. The wise and the foolish.,J200–J1099. Wise and unwise conduct.,J200–J499. Choices.,J230–J299. Real and apparent values.,J260. Choice between worth and appearance.,"J267.1. Raven drowns his young who promise to aid him when he becomes old. He saves one who admits he will not help, because he will have to carry his own young.",The wise and the foolish,Wise and unwise conduct,Choices,Real and apparent values,Choice between worth and appearance
173,195,ATU 247 Each Mother Likes Her Own Children Best,T681. Each likes his own children best.,247,T681,Each likes his own children best.,T. Sex.,T600–T699. Care of children.,,,T680. Care of children – miscellaneous motifs.,"T681. Each likes his own children best. Snipe asks sportsman to spare its small ones, easily recognized as being the prettiest in the forest. To be on the safe side he shoots only the ugliest he can find. They are the young snipes. (Often told of the ape.)",Sex,Care of children,,,Care of children – miscellaneous motifs
174,196,ATU 248 The Dog and the Sparrow,N261. Train of troubles from sparrow's vengeance.,248,N261,Train of troubles from sparrow's vengeance.,N. Chance and fate.,N100–N299. The ways of luck and fate.,,,N250. Persistent bad luck.,"N261. Train of troubles from sparrow's vengeance. A man runs over the dog, friend of the sparrow. Through the sparrow's vengeance the man loses his horse, his property, and finally his life.",Chance and fate,The ways of luck and fate,,,Persistent bad luck
175,197,ATU 250A Flounder's Crooked Mouth,A2231.1.2. Discourteous answer: flounder's crooked mouth.,250A,A2231.1.2,Discourteous answer: flounder's crooked mouth.,A. Mythological motifs.,A2200–A2599. Animal characteristics.,A2200–A2299. Various causes of animal characteristics.,,A2230. Animal characteristics as punishment.,"A2231.1.2. Discourteous answer: flounder's crooked mouth. When God asks him where he is going, instead of answering he turns to go toward God. His mouth becomes crooked. (Cf. A2341.1.)",Mythological motifs,Animal characteristics,Various causes of animal characteristics,,Animal characteristics as punishment
176,198,ATU 253 The Fish in the Net,L331. Little fishes escape from the net.,253,L331,Little fishes escape from the net.,L. Reversal of fortune.,L300–L399. Triumph of the weak.,,,L330. Easy escape of weak (small).,L331. Little fishes escape from the net. The large are caught.,Reversal of fortune,Triumph of the weak,,,Easy escape of weak (small)
177,199,ATU 275 The Race between Two Animals,K11. Race won by deception.,275,K11,Race won by deception.,K. Deceptions.,K0–K99. Contests won by deception.,,,K10. Athletic contest won by deception.,K11. Race won by deception.,Deceptions,Contests won by deception,,,Athletic contest won by deception
178,200,ATU 275A Race Between Tortoise and Hare,K11.3. Hare and tortoise race: sleeping hare,275A,K11.3,Hare and tortoise race: sleeping hare,K. Deceptions.,K0–K99. Contests won by deception.,,,K10. Athletic contest won by deception.,"K11.3. Hare and tortoise race: sleeping hare. In a race between the fast and the slow animal, the fast animal sleeps on the road and allows the slow animal to pass him.",Deceptions,Contests won by deception,,,Athletic contest won by deception
179,201,ATU 275C Race Between Hare and Hedgehog,K11.1. Race won by deception: relative helpers.,275C,K11.1,Race won by deception: relative helpers.,K. Deceptions.,K0–K99. Contests won by deception.,,,K10. Athletic contest won by deception.,K11.1. Race won by deception: relative helpers. One of the contestants places his relatives (or others that resemble him) in the line of the race. The opponent always thinks the trickster is just ahead of him. (Told of animals or of men; often of the hare and the turtle.),Deceptions,Contests won by deception,,,Athletic contest won by deception
180,202,ATU 276 Crab Walks Backwards: Learned from his Parents,J1063.1. Mother crab blames her children for not walking straight.,276,J1063.1,Mother crab blames her children for not walking straight.,J. The wise and the foolish.,J200–J1099. Wise and unwise conduct.,J1000–J1099. Other aspects of wisdom.,,J1060. Miscellaneous aspects of wisdom.,J1063.1. Mother crab blames her children for not walking straight.,The wise and the foolish,Wise and unwise conduct,Other aspects of wisdom,,Miscellaneous aspects of wisdom
181,203,ATU 277 King of the Frogs,J643.1. Frogs demand a live king.,277,J643.1,Frogs demand a live king.,J. The wise and the foolish.,J200–J1099. Wise and unwise conduct.,J600–J799. Forethought.,J610–J679. Forethought in conflicts with others.,J640. Avoidance of others' power.,"J643.1. Frogs demand a live king. King Log. Zeus has given them a log as king, but they find him too quiet. He then gives them a stork who eats them.",The wise and the foolish,Wise and unwise conduct,Forethought,Forethought in conflicts with others,Avoidance of others' power
182,204,ATU 277A Frog Tries in Vain to be as Big as an Ox,J955.1. Frog tries in vain to be as big as ox,277A,J955.1,Frog tries in vain to be as big as ox,J. The wise and the foolish.,J200–J1099. Wise and unwise conduct.,J900–J999. Humility.,,J950. Presumption of the lowly.,J955.1. Frog tries in vain to be as big as ox. Bursts.,The wise and the foolish,Wise and unwise conduct,Humility,,Presumption of the lowly
183,205,ATU 278 Frog and Mouse Tied Together,J681.1. Rat and frog tie paws together to cross marsh,278,J681.1,Rat and frog tie paws together to cross marsh,J. The wise and the foolish.,J200–J1099. Wise and unwise conduct.,J600–J799. Forethought.,,J680. Forethought in alliances.,J681.1. Rat and frog tie paws together to cross marsh. Carried off by falcon.,The wise and the foolish,Wise and unwise conduct,Forethought,,Forethought in alliances
184,206,ATU 278A Frog Persists in Living in Puddle on Road,J652.1. Frog persists in living in puddle on road.,278A,J652.1,Frog persists in living in puddle on road.,J. The wise and the foolish.,J200–J1099. Wise and unwise conduct.,J600–J799. Forethought.,J610–J679. Forethought in conflicts with others.,J640. Avoidance of others' power.,J652.1. Frog persists in living in puddle on road. Disregards advice of another frog and is run over.,The wise and the foolish,Wise and unwise conduct,Forethought,Forethought in conflicts with others,Avoidance of others' power
185,207,ATU 278A* Frogs Decide Not to Jump in Well,J752.1. Frogs decide not to jump into the well.,278A*,J752.1,Frogs decide not to jump into the well.,J. The wise and the foolish.,J200–J1099. Wise and unwise conduct.,J600–J799. Forethought.,J750–J799. Forethought – miscellaneous.,J750. Forethought – miscellaneous.,"J752.1. Frogs decide not to jump into the well. Their spring having dried up, they consider jumping into a well. They decide that the well may also dry up.",The wise and the foolish,Wise and unwise conduct,Forethought,Forethought – miscellaneous,Forethought – miscellaneous
186,208,ATU 279* Snake Trying to Surround Crab Refuses to Straighten Himself,J1053. Snake disregards warnings to improve his manners: eaten by crab.,279*,J1053,Snake disregards warnings to improve his manners: eaten by crab.,J. The wise and the foolish.,J200–J1099. Wise and unwise conduct.,J1000–J1099. Other aspects of wisdom.,,J1050. Attention to warnings.,J1053. Snake disregards warnings to improve his manners: eaten by crab.,The wise and the foolish,Wise and unwise conduct,Other aspects of wisdom,,Attention to warnings
187,209,ATU 280 The Ant Carries a Load as Large as Himself,A2251.1. Ant carries load as heavy as himself.,280,A2251.1,Ant carries load as heavy as himself.,A. Mythological motifs.,A2200–A2599. Animal characteristics.,A2200–A2299. Various causes of animal characteristics.,,A2250. Animal characteristics: result of contest.,"A2251.1. Ant carries load as heavy as himself. Defeats bear, raven (or other bird). Various explanations. (Cf. A2435.3.3, A2486.1.)",Mythological motifs,Animal characteristics,Various causes of animal characteristics,,Animal characteristics: result of contest
188,210,ATU 280A Ant and the Cricket,J711.1. Ant and lazy cricket (grasshopper).,280A,J711.1,Ant and lazy cricket (grasshopper).,J. The wise and the foolish.,J200–J1099. Wise and unwise conduct.,J600–J799. Forethought.,J700–J749. Forethought in provision for live.,J710. Forethought in provision for food.,J711.1. Ant and lazy cricket (grasshopper). Lazy bird is put to shame by thrift of industrious bird. In winter he is in distress.,The wise and the foolish,Wise and unwise conduct,Forethought,Forethought in provision for live,Forethought in provision for food
189,211,ATU 283 Spider and the Fly,"K815.2. Spider invites wasp (fly) to rest on her ""white curtain""",283,K815.2,"Spider invites wasp (fly) to rest on her ""white curtain""",K. Deceptions.,K800–K999. Killing or maiming by deception.,,,K810. Fatal deception into trickster's power.,"K815.2. Spider invites wasp (fly) to rest on her ""white curtain"". Eats her.",Deceptions,Killing or maiming by deception,,,Fatal deception into trickster's power
190,212,ATU 285 The child and the snake,B391.1. Child feeds snake from its milk-bottle.,285,B391.1,Child feeds snake from its milk-bottle.,B. Animals.,B300–B599. Friendly animals.,B350–B399. Grateful animals.,,B390. Animals grateful for other kind acts.,B391.1. Child feeds snake from its milk-bottle.,Animals,Friendly animals,Grateful animals,,Animals grateful for other kind acts
191,213,ATU 285B* Snake Stays in the Man's Stomach,B784.2.1.1. Snake (frog) in human body enticed out by milk (water).,285B*,B784.2.1.1,Snake (frog) in human body enticed out by milk (water).,B. Animals.,B700–B799. Fanciful traits of animals.,,,B770. Other fanciful traits of animals.,B784.2.1.1. Snake (frog) in human body enticed out by milk (water).,Animals,Fanciful traits of animals,,,Other fanciful traits of animals
192,214,ATU 285A Man and the Wounded Snake,J15. Serpent (bird) having injured man refuses reconciliation.,285A,J15,Serpent (bird) having injured man refuses reconciliation.,J. The wise and the foolish.,J0–J199. Acquisition and possession of wisdom (knowledge).,,,J10. Wisdom (knowledge) acquired from experience.,J15. Serpent (bird) having injured man refuses reconciliation. He knows that neither can forget their injuries.,The wise and the foolish,Acquisition and possession of wisdom (knowledge),,,Wisdom (knowledge) acquired from experience
193,215,ATU 285E Snake Tries to Bite on a File,J552.3. Serpent (weasel) tries to bite a file.,285E,J552.3,Serpent (weasel) tries to bite a file.,J. The wise and the foolish.,J200–J1099. Wise and unwise conduct.,J500–J599. Prudence and Discretion.,,J550. Zeal – temperate and intemperate.,J552.3. Serpent (weasel) tries to bite a file.,The wise and the foolish,Wise and unwise conduct,Prudence and Discretion,,Zeal – temperate and intemperate
194,216,"ATU 289 Bat, Diver, and Thornbush Shipwrecked","A2275.5.3. Bat, diver, and thornbush shipwrecked.",289,A2275.5.3,"Bat, diver, and thornbush shipwrecked.",A. Mythological motifs.,A2200–A2599. Animal characteristics.,A2200–A2299. Various causes of animal characteristics.,,A2270. Animal characteristics from miscellaneous causes.,"A2275.5.3. Bat, diver, and thornbush shipwrecked. Bat brought money, bush put on clothes, and diver brought leather. All shipwrecked. Diver is looking for his leather. Bush looks for his clothers and holds fast to all passers-by. Bat is abroad only at night to escape creditors. (Cf. A2471.4, A2491.1.)",Mythological motifs,Animal characteristics,Various causes of animal characteristics,,Animal characteristics from miscellaneous causes
195,217,ATU 291 Deceptive Tug-of-war,K22. Deceptive tug-of-war.,291,K22,Deceptive tug-of-war.,K. Deceptions.,K0–K99. Contests won by deception.,,,K10. Athletic contest won by deception.,K22. Deceptive tug-of-war. Small animal challenges two large animals to a tug-of-war. Arranges it so that they unwittingly pull against each other (or one end of rope is tied to a tree).,Deceptions,Contests won by deception,,,Athletic contest won by deception
196,218,ATU 292 Ass Tries to Get a Cricket's Voice,J512.8. Ass tries to get a cricket's voice.,292,J512.8,Ass tries to get a cricket's voice.,J. The wise and the foolish.,J200–J1099. Wise and unwise conduct.,J500–J599. Prudence and Discretion.,,J510. Prudence in ambition.,"J512.8. Ass tries to get a cricket's voice. Asks crickets what they eat to get such a voice. They answer, ""dew."" He tries it and starves.",The wise and the foolish,Wise and unwise conduct,Prudence and Discretion,,Prudence in ambition
197,219,ATU 293 Debate of the Belly and the Members,J461.1. The belly and the members.,293,J461.1,The belly and the members.,J. The wise and the foolish.,J200–J1099. Wise and unwise conduct.,J200–J499. Choices.,,J460. Unnecessary choices.,J461.1. The belly and the members. Debate as to their usefulness. All mutually useful.,The wise and the foolish,Wise and unwise conduct,Choices,,Unnecessary choices
198,221,"ATU 295 The Bean (Mouse), the Straw and the Coal","F1025.1. Bean, straw, and coal go journeying.",295,F1025.1,"Bean, straw, and coal go journeying.",F. Marvels.,F900-F1099. Extraordinary occurrences.,,,F1010. Other extraordinary events.,"F1025.1. Bean, straw, and coal go journeying. Coal burns straw in two and falls into the water. Bean laughs until it splits.",Marvels,-F1099. Extraordinary occurrences,,,Other extraordinary events
199,222,ATU 296 Clay Pot and Brass Pot in River,J425.1. Earthen and brazen pots in river.,296,J425.1,Earthen and brazen pots in river.,J. The wise and the foolish.,J200–J1099. Wise and unwise conduct.,J200–J499. Choices.,J400–J459. Choice of associates.,J420. Association of strong and weak.,"J425.1. Earthen and brazen pots in river. Brazen pot thinks that they should stay together for company. Earthen pot, however, fears approach of brazen pot.",The wise and the foolish,Wise and unwise conduct,Choices,Choice of associates,Association of strong and weak
200,223,ATU 298 Contest of Wind and Sun,L351. Contest of wind and sun.,298,L351,Contest of wind and sun.,L. Reversal of fortune.,L300–L399. Triumph of the weak.,,,L350. Mildness triumphs over violence.,"L351. Contest of wind and sun. Sun by warmth causes traveler to remove coat, while wind by violent blowing causes him to pull it closer around him.",Reversal of fortune,Triumph of the weak,,,Mildness triumphs over violence
201,224,ATU 298C* Reeds Bend before Wind (Flood),J832. Reeds bend before wind (flood).,298C*,J832,Reeds bend before wind (flood).,J. The wise and the foolish.,J200–J1099. Wise and unwise conduct.,J800–J849. Adaptability.,,J830. Adaptability to overpowering force.,J832. Reeds bend before wind (flood). Save themselves while oak is uprooted.,The wise and the foolish,Wise and unwise conduct,Adaptability,,Adaptability to overpowering force
202,225,ATU 299 Mountain Gives Birth to a Mouse,U114. Mountain in labor brings forth a mouse.,299,U114,Mountain in labor brings forth a mouse.,U. The nature of life.,U100–U299. The nature of life – miscellaneous motifs.,,,U110. Appearances deceive.,U114. Mountain in labor brings forth a mouse.,The nature of life,The nature of life – miscellaneous motifs,,,Appearances deceive
203,230,ATU 300 The Dragon-Slayer,D1975. Dragon-fighter's magic sleep.,300,D1975,Dragon-fighter's magic sleep.,D. Magic.,D1700–D2199. Magic powers and manifestations.,D1800–D2199. Manifestations of magic power.,D1950–D2049. Temporary magic characteristics.,D1960. Magic sleep.,"D1975. Dragon-fighter's magic sleep. While waiting for fight with dragon, hero falls into magic sleep. (Cf. D1962.2.)",Magic,Magic powers and manifestations,Manifestations of magic power,Temporary magic characteristics,Magic sleep
204,233,ATU 300 The Dragon-Slayer,H105.1.1. Dragon-tongue proof.,300,H105.1.1,Dragon-tongue proof.,H. Tests.,H0–H199. Identity tests: Recognition.,H80–H149. Identification by tokens.,,H100. Identification by matching parts of divided token.,H105.1.1. False dragon-head proof. Impostor cuts off dragon heads (after tongues have been removed) and attempts to use them as proof of slaying the dragon.,Tests,Identity tests: Recognition,Identification by tokens,,Identification by matching parts of divided token
205,234,ATU 300 The Dragon-Slayer,K1932. Impostors claim reward (prize) earned by hero,300,K1932,Impostors claim reward (prize) earned by hero,K. Deceptions.,K1700–K2099. Deception through shams.,K1900–K1999. Impostures.,,K1930. Treacherous impostors.,K1932. Impostors claim reward (prize) earned by hero.,Deceptions,Deception through shams,Impostures,,Treacherous impostors
206,236,ATU 300 The Dragon-Slayer,H83. Rescue tokens.,300,H83,Rescue tokens.,H. Tests.,H0–H199. Identity tests: Recognition.,H80–H149. Identification by tokens.,,H80. Identification by tokens.,"H83. Rescue tokens. Proof that hero has succeeded in rescue. (Cf. H105, H105.1, H105.2.)",Tests,Identity tests: Recognition,Identification by tokens,,Identification by tokens
207,239,ATU 301 Three Stolen Princesses,B631. Human offspring from marriage to animal.,301,B631,Human offspring from marriage to animal.,B. Animals.,B600–B699. Marriage of person to animal.,,,B630. Offspring of marriage to animal.,B631. Human offspring from marriage to animal.,Animals,Marriage of person to animal,,,Offspring of marriage to animal
208,240,ATU 301 Three Stolen Princesses,F601. Extraordinary companions.,301,F601,Extraordinary companions.,F. Marvels.,F200–F699. Marvelous creatures.,F600-F699. Persons with extraordinary powers.,,F600. Persons with extraordinary powers.,F601. Extraordinary companions. A group of men with extraordinary powers travel together.,Marvels,Marvelous creatures,-F699. Persons with extraordinary powers,,Persons with extraordinary powers
209,242,ATU 301 Three Stolen Princesses,F92. Pit entrance to lower world.,301,F92,Pit entrance to lower world.,F. Marvels.,F0–F199. Other world journeys.,F80–F109. The lower world.,,F90. Access to lower world.,"F92. Pit entrance to lower world. Entrance through pit, hole, spring, or cavern.",Marvels,Other world journeys,The lower world,,Access to lower world
210,243,ATU 301 Three Stolen Princesses,F96. Rope to lower world.,301,F96,Rope to lower world.,F. Marvels.,F0–F199. Other world journeys.,F80–F109. The lower world.,,F90. Access to lower world.,F96. Rope to lower world.,Marvels,Other world journeys,The lower world,,Access to lower world
211,246,ATU 301 Three Stolen Princesses,K1933. Impostor forces oath of secrecy.,301,K1933,Impostor forces oath of secrecy.,K. Deceptions.,K1700–K2099. Deception through shams.,K1900–K1999. Impostures.,,K1930. Treacherous impostors.,K1933. Impostor forces oath of secrecy. Hero or heroine swears not to tell of imposture.,Deceptions,Deception through shams,Impostures,,Treacherous impostors
212,248,ATU 301 Three Stolen Princesses,H80. Identification by tokens.,301,H80,Identification by tokens.,H. Tests.,H0–H199. Identity tests: Recognition.,H80–H149. Identification by tokens.,,H80. Identification by tokens.,H80. Identification by tokens.,Tests,Identity tests: Recognition,Identification by tokens,,Identification by tokens
213,249,ATU 301 Three Stolen Princesses,Q262. Impostor punished.,301,Q262,Impostor punished.,Q. Rewards and punishments.,Q200–Q399. Deeds punished.,,,Q260. Deceptions punished.,"Q262. Impostor punished. (Cf. K1900, Q413.3, Q414.0.6, Q414.1.1, Q416.0.3, Q431.7, Q433.4, Q458.0.4, Q552.1.3.)",Rewards and punishments,Deeds punished,,,Deceptions punished
214,250,ATU 301 Three Stolen Princesses,L161. Lowly hero marries princess.,301,L161,Lowly hero marries princess.,L. Reversal of fortune.,L100–L199. Unpromising hero (heroine).,,,L160. Success of the unpromising hero (heroine).,L161. Lowly hero marries princess.,Reversal of fortune,Unpromising hero (heroine),,,Success of the unpromising hero (heroine)
215,255,ATU 301D* Princess's Ring,H94. Identification by ring.,301D*,H94,Identification by ring.,H. Tests.,H0–H199. Identity tests: Recognition.,H80–H149. Identification by tokens.,,H90. Identification by ornaments.,H94. Identification by ring.,Tests,Identity tests: Recognition,Identification by tokens,,Identification by ornaments
216,256,ATU 302 Ogre's (Devil's) Heart in the Egg,E710. External soul.,302,E710,External soul.,E. The dead.,E700–E799. The soul.,,,E710. External soul.,E710. External soul. A person (often a giant or ogre) keeps his soul or life separate from the rest of his body.,The dead,The soul,,,External soul
217,257,ATU 302 Ogre's (Devil's) Heart in the Egg,B393. Animals grateful for shelter.,302,B393,Animals grateful for shelter.,B. Animals.,B300–B599. Friendly animals.,B350–B399. Grateful animals.,,B390. Animals grateful for other kind acts.,B393. Animals grateful for shelter.,Animals,Friendly animals,Grateful animals,,Animals grateful for other kind acts
218,258,ATU 302 Ogre's (Devil's) Heart in the Egg,B500. Magic power from animals.,302,B500,Magic power from animals.,B. Animals.,B300–B599. Friendly animals.,B500–B599. Services of helpful animals.,,B500. Magic power from animals.,B500. Magic power from animals.,Animals,Friendly animals,Services of helpful animals,,Magic power from animals
219,259,ATU 302 Ogre's (Devil's) Heart in the Egg,D1834. Magic strength from helpful animal.,302,D1834,Magic strength from helpful animal.,D. Magic.,D1700–D2199. Magic powers and manifestations.,D1800–D2199. Manifestations of magic power.,D1800–D1949. Lasting magic qualities.,D1830. Magic strength.,D1834. Magic strength from helpful animal.,Magic,Magic powers and manifestations,Manifestations of magic power,Lasting magic qualities,Magic strength
220,260,ATU 302 Ogre's (Devil's) Heart in the Egg,R11.1.1. Princess (maiden) abducted by monster (ogre).,302,R11.1.1,Princess (maiden) abducted by monster (ogre).,R. Captives and fugitives.,R0–R99. Captivity.,,,R10. Abduction.,"R11.1.1. Abduction of girl by half bestial man (hair on body, nails of dog).",Captives and fugitives,Captivity,,,Abduction
221,269,ATU 303 The Twins or Blood-Brothers,E761. Life token.,303,E761,Life token.,E. The dead.,E700–E799. The soul.,,,E760. Life index.,"E761. Life token. (Cf. E760.) Object (animal, person) has mystic connection with the life of a person, so that changes in the life-token indicate changes in the person, usually disaster or death.",The dead,The soul,,,Life index
222,271,ATU 303 The Twins or Blood-Brothers,D231. Transformation: man to stone.,303,D231,Transformation: man to stone.,D. Magic.,D0–D699. Transformation.,D200–D299. Transformation: man to object.,,D230. Transformation: man to a mineral form.,D231. Transformation: man to stone.,Magic,Transformation,Transformation: man to object,,Transformation: man to a mineral form
223,273,ATU 303 The Twins or Blood-Brothers,T351. Sword of chastity,303,T351,Sword of chastity,T. Sex.,T300–T399. Chastity and celibacy.,,,T350. Chaste sleeping together.,T351. Sword of chastity. A two-edged sword is laid between the couple sleeping together.,Sex,Chastity and celibacy,,,Chaste sleeping together
224,275,ATU 303 The Twins or Blood-Brothers,B512. Medicine shown by animal.,303,B512,Medicine shown by animal.,B. Animals.,B300–B599. Friendly animals.,B500–B599. Services of helpful animals.,,B510. Healing by animals.,"B512. Medicine shown by animal. It heals another animal with a medicine (herb, water, etc.) and thus shows the man the remedy. Sometimes the medicine resuscitates the dead. (The animal is most frequently the serpent. (Cf. B491.)",Animals,Friendly animals,Services of helpful animals,,Healing by animals
225,276,ATU 303A Brothers Seek Sisters as Wives,T69.1.1. 100 brothers seek 100 sisters as wives.,303A,T69.1.1,100 brothers seek 100 sisters as wives.,T. Sex.,T0–T99. Love.,,,T50. Wooing.,T69.1.1. Three brothers married to three sisters.,Sex,Love,,,Wooing
226,277,ATU 303A Brothers Seek Sisters as Wives,D231. Transformation: man to stone,303A,D231,Transformation: man to stone,D. Magic.,D0–D699. Transformation.,D200–D299. Transformation: man to object.,,D230. Transformation: man to a mineral form.,D231. Transformation: man to stone.,Magic,Transformation,Transformation: man to object,,Transformation: man to a mineral form
227,278,ATU 303A Brothers Seek Sisters as Wives,E715.1.1. Separable soul in bird.,303A,E715.1.1,Separable soul in bird.,E. The dead.,E700–E799. The soul.,,,E710. External soul.,E715.1.1. Separable soul in duck.,The dead,The soul,,,External soul
228,281,ATU 304 Dangerous Night-Watch,K912. Robbers' (giants') heads cut off one by one as they enter house.,304,K912,Robbers' (giants') heads cut off one by one as they enter house.,K. Deceptions.,K800–K999. Killing or maiming by deception.,,,K910. Murder by strategy.,K912. Robbers' (giants') heads cut off one by one as they enter house.,Deceptions,Killing or maiming by deception,,,Murder by strategy
229,284,ATU 304 Dangerous Night-Watch,H81. Clandestine lover recognized by tokens.,304,H81,Clandestine lover recognized by tokens.,H. Tests.,H0–H199. Identity tests: Recognition.,H80–H149. Identification by tokens.,,H80. Identification by tokens.,H81. Clandestine lover recognized by tokens.,Tests,Identity tests: Recognition,Identification by tokens,,Identification by tokens
230,287,ATU 306 The Danced-out Shoes,D1980. Magic invisibility.,306,D1980,Magic invisibility.,D. Magic.,D1700–D2199. Magic powers and manifestations.,D1800–D2199. Manifestations of magic power.,D1950–D2049. Temporary magic characteristics.,D1980. Magic invisibility.,D1980. Magic invisibility.,Magic,Magic powers and manifestations,Manifestations of magic power,Temporary magic characteristics,Magic invisibility
231,289,ATU 306 The Danced-out Shoes,D2131. Magic underground journey.,306,D2131,Magic underground journey.,D. Magic.,D1700–D2199. Magic powers and manifestations.,D1800–D2199. Manifestations of magic power.,D2100–D2149. Other manifestations of magic power.,D2120. Magic transportation.,D2131. Magic underground journey.,Magic,Magic powers and manifestations,Manifestations of magic power,Other manifestations of magic power,Magic transportation
232,291,ATU 306 The Danced-out Shoes,H80. Identification by tokens.,306,H80,Identification by tokens.,H. Tests.,H0–H199. Identity tests: Recognition.,H80–H149. Identification by tokens.,,H80. Identification by tokens.,H80. Identification by tokens.,Tests,Identity tests: Recognition,Identification by tokens,,Identification by tokens
233,292,ATU 306 The Danced-out Shoes,L161. Lowly hero marries princess.,306,L161,Lowly hero marries princess.,L. Reversal of fortune.,L100–L199. Unpromising hero (heroine).,,,L160. Success of the unpromising hero (heroine).,L161. Lowly hero marries princess.,Reversal of fortune,Unpromising hero (heroine),,,Success of the unpromising hero (heroine)
234,294,ATU 307 The Princess in the Coffin,E251. Vampire.,307,E251,Vampire.,E. The dead.,E200–E599. Ghosts and other revenants.,E200–E299. Malevolent return from the dead.,,E250. Bloodthirsty revenants.,"E251. Vampire. Corpse which comes from grave at night and sucks blood. (Cf. B16.7.1, E268.)",The dead,Ghosts and other revenants,Malevolent return from the dead,,Bloodthirsty revenants
235,299,ATU 310 Maiden in the Tower,G204. Girl in service of witch.,310,G204,Girl in service of witch.,G. Ogres.,G10–G399. Kinds of ogres.,G200–G299. Witches.,,G200. Witch.,G204. Girl in service of witch.,Ogres,Kinds of ogres,Witches,,Witch
236,300,ATU 310 Maiden in the Tower,R41.2.2. Captivity in tower.,310,R41.2.2,Captivity in tower.,R. Captives and fugitives.,R0–R99. Captivity.,,,R40. Places of captivity.,R41.2.2. Captivity in bower.,Captives and fugitives,Captivity,,,Places of captivity
237,302,ATU 310 Maiden in the Tower,F555. Remarkable hair.,310,F555,Remarkable hair.,F. Marvels.,F200–F699. Marvelous creatures.,F500–F599. Remarkable persons.,,F540. Remarkable physical organs.,"F555. Remarkable hair. (Cf. F521, F531.1.6.3.)",Marvels,Marvelous creatures,Remarkable persons,,Remarkable physical organs
238,303,ATU 310 Maiden in the Tower,N455. Overheard (human) conversation.,310,N455,Overheard (human) conversation.,N. Chance and fate.,N400–N699. Lucky accidents.,N440–N499. Valuable secrets learned.,,N450. Secrets overheard.,N455. Overheard (human) conversation.,Chance and fate,Lucky accidents,Valuable secrets learned,,Secrets overheard
239,305,ATU 311 Rescue by the Sister,R11.1.1. Princess (maiden) abducted by monster (ogre).,311,R11.1.1,Princess (maiden) abducted by monster (ogre).,R. Captives and fugitives.,R0–R99. Captivity.,,,R10. Abduction.,"R11.1.1. Abduction of girl by half bestial man (hair on body, nails of dog).",Captives and fugitives,Captivity,,,Abduction
240,306,ATU 311 Rescue by the Sister,C611. Forbidden chamber,311,C611,Forbidden chamber,C. Tabu.,C600–C699. Unique prohibitions and compulsions.,C600–C649. The one forbidden thing.,,C610. The one forbidden place.,C611. Forbidden chamber. Person allowed to enter all chambers of house except one.,Tabu,Unique prohibitions and compulsions,The one forbidden thing,,The one forbidden place
241,307,ATU 311 Rescue by the Sister,C913. Bloody key as sign of disobedience,311,C913,Bloody key as sign of disobedience,C. Tabu.,C900–C999. Punishment for breaking tabu.,,,C910. Permanent sign of disobedience for breaking tabu.,"C913. Bloody key as sign of disobedience. (Cf. C611, C813.)",Tabu,Punishment for breaking tabu,,,Permanent sign of disobedience for breaking tabu
242,309,ATU 311 Rescue by the Sister,G561. Ogre tricked into carrying his prisoners home in bag on his own back.,311,G561,Ogre tricked into carrying his prisoners home in bag on his own back.,G. Ogres.,G500–G599. Ogre defeated.,,,G560. Ogre deceived into releasing prisoner.,G561. Ogre tricked into carrying his prisoners home in bag on his own back.,Ogres,Ogre defeated,,,Ogre deceived into releasing prisoner
243,310,ATU 311 Rescue by the Sister,K525. Escape by use of substituted object.,311,K525,Escape by use of substituted object.,K. Deceptions.,K500–K699. Escape by deception.,,,"K520. Death escaped through disguise, shamming, or substitution.",K525. Escape by use of substituted object. The object is attacked rather than the intended victim.,Deceptions,Escape by deception,,,"Death escaped through disguise, shamming, or substitution"
244,311,ATU 312 Maiden-Killer,C611. Forbidden chamber.,312,C611,Forbidden chamber.,C. Tabu.,C600–C699. Unique prohibitions and compulsions.,C600–C649. The one forbidden thing.,,C610. The one forbidden place.,C611. Forbidden chamber. Person allowed to enter all chambers of house except one.,Tabu,Unique prohibitions and compulsions,The one forbidden thing,,The one forbidden place
245,312,ATU 312 Maiden-Killer,C920. Death for breaking tabu.,312,C920,Death for breaking tabu.,C. Tabu.,C900–C999. Punishment for breaking tabu.,,,C920. Death for breaking tabu.,C920. Death for breaking tabu.,Tabu,Punishment for breaking tabu,,,Death for breaking tabu
246,313,ATU 312 Maiden-Killer,K555. Executioner kept busy or interested until rescue comes.,312,K555,Executioner kept busy or interested until rescue comes.,K. Deceptions.,K500–K699. Escape by deception.,,,K550. Escape by false plea.,K555. Executioner kept busy or interested until rescue comes. Sometimes until he changes his mind.,Deceptions,Escape by deception,,,Escape by false plea
247,316,ATU 312D Rescue by the Brother,F611.1.1. Strong man's birth,312D,F611.1.1,Strong man's birth,F. Marvels.,F200–F699. Marvelous creatures.,F600-F699. Persons with extraordinary powers.,,F610. Remarkably strong man.,F611.1.1. Strong man son of bear who has stolen his mother.,Marvels,Marvelous creatures,-F699. Persons with extraordinary powers,,Remarkably strong man
248,318,ATU 313 The Magic Flight,D1611. Magic object answers for fugitive.,313,D1611,Magic object answers for fugitive.,D. Magic.,D800–D1699. Magic objects.,D1600–D1699. Characteristics of magic objects.,D1600–D1649. Automatic magic objects.,D1610. Magic speaking objects.,D1611. Magic object answers for fugitive. Left behind to impersonate fugitive and delay pursuit.,Magic,Magic objects,Characteristics of magic objects,Automatic magic objects,Magic speaking objects
249,319,ATU 313 The Magic Flight,D671. Transformation flight.,313,D671,Transformation flight.,D. Magic.,D0–D699. Transformation.,D600–D699. Miscellaneous transformation incidents.,,D670. Magic flight.,D671. Transformation flight. Fugitives transforms themselves in order to escape detection by the pursuer.,Magic,Transformation,Miscellaneous transformation incidents,,Magic flight
250,320,ATU 313 The Magic Flight,D672. Obstacle flight.,313,D672,Obstacle flight.,D. Magic.,D0–D699. Transformation.,D600–D699. Miscellaneous transformation incidents.,,D670. Magic flight.,D672. Obstacle flight. Fugitives throw objects behind them which magically become obstacles in pursuer's path.,Magic,Transformation,Miscellaneous transformation incidents,,Magic flight
251,321,ATU 313 The Magic Flight,D2003. Forgotten fiancée.,313,D2003,Forgotten fiancée.,D. Magic.,D1700–D2199. Magic powers and manifestations.,D1800–D2199. Manifestations of magic power.,D1950–D2049. Temporary magic characteristics.,D2000. Magic forgetfulness.,D2003. Forgotten fiancée. Young husband visiting his home breaks tabu and forgets his wife. Later she succeeds in reawakening his memory. (For details of the ways in which the memory is lost and regained see D2004 and D2006.,Magic,Magic powers and manifestations,Manifestations of magic power,Temporary magic characteristics,Magic forgetfulness
252,322,ATU 313 The Magic Flight,D2006.1.1. Forgotten fiancée reawakens husband's memory.,313,D2006.1.1,Forgotten fiancée reawakens husband's memory.,D. Magic.,D1700–D2199. Magic powers and manifestations.,D1800–D2199. Manifestations of magic power.,D1950–D2049. Temporary magic characteristics.,D2000. Magic forgetfulness.,"D2006.1.1. Forgotten fiancée reawakens husband's memory by detaining lovers through magic. Heroine takes up residence near home of her forgetful husband. She is apparently going to permit a lover to sleep with her when she detains him by having him try to place some magic birds on their roost. They continue to fall down throughout the night. (Or the lover is left magically sticking to a calf's tail or other object.) The thwarted lover tells of his experience, and in this way the attention of the husband is gained.",Magic,Magic powers and manifestations,Manifestations of magic power,Temporary magic characteristics,Magic forgetfulness
253,324,ATU 314 Goldener,B316. Abused and pampered horses.,314,B316,Abused and pampered horses.,B. Animals.,B300–B599. Friendly animals.,B300–B349. Helpful animals – general.,,B310. Acquisition of helpful animal.,B316. Abused and pampered horses. Hero is ordered by ogre to feed and care for certain horse and to neglect other horse. Hero disobeys and feeds neglected horse. Latter is enchanted prince and helps hero. (Cf. B181.),Animals,Friendly animals,Helpful animals – general,,Acquisition of helpful animal
254,325,ATU 314 Goldener,C912. Hair turns to gold as punishment in forbidden chamber.,314,C912,Hair turns to gold as punishment in forbidden chamber.,C. Tabu.,C900–C999. Punishment for breaking tabu.,,,C910. Permanent sign of disobedience for breaking tabu.,C912. Hair turns to gold as punishment in forbidden chamber. (Cf. C611.),Tabu,Punishment for breaking tabu,,,Permanent sign of disobedience for breaking tabu
255,330,ATU 314 Goldener,T55.1.1. Princess declares her love for lowly hero.,314,T55.1.1,Princess declares her love for lowly hero.,T. Sex.,T0–T99. Love.,,,T50. Wooing.,T55.1.1. Princess declares love for courtier.,Sex,Love,,,Wooing
256,332,ATU 314 Goldener,H56. Recognition by wound.,314,H56,Recognition by wound.,H. Tests.,H0–H199. Identity tests: Recognition.,,,H50. Recognition by bodily marks or physical attributes.,H56. Recognition by wound. (Cf. H51.),Tests,Identity tests: Recognition,,,Recognition by bodily marks or physical attributes
257,333,ATU 315 The Faithless Sister,F615. Strong man evades death.,315,F615,Strong man evades death.,F. Marvels.,F200–F699. Marvelous creatures.,F600-F699. Persons with extraordinary powers.,,F610. Remarkably strong man.,F615. Strong man evades death. Vain attempts to kill him.,Marvels,Marvelous creatures,-F699. Persons with extraordinary powers,,Remarkably strong man
258,335,ATU 315 The Faithless Sister,R111.1.1. Princess (maiden) rescued from captor.,315,R111.1.1,Princess (maiden) rescued from captor.,R. Captives and fugitives.,R100–R199. Rescues.,,,R110. Rescue of captive.,R111.1.1. Rescue of princess from ogre. See references to R11.1.,Captives and fugitives,Rescues,,,Rescue of captive
259,336,ATU 315 The Faithless Sister,L161. Lowly hero marries princess.,315,L161,Lowly hero marries princess.,L. Reversal of fortune.,L100–L199. Unpromising hero (heroine).,,,L160. Success of the unpromising hero (heroine).,L161. Lowly hero marries princess.,Reversal of fortune,Unpromising hero (heroine),,,Success of the unpromising hero (heroine)
260,337,ATU 315A The Cannibal Sister,G346. Devastating monster.,315A,G346,Devastating monster.,G. Ogres.,G10–G399. Kinds of ogres.,G300–G399. Other ogres.,,G310. Ogres with characteristic methods.,G346. Devastating monster. Lays waste to the land.,Ogres,Kinds of ogres,Other ogres,,Ogres with characteristic methods
261,338,ATU 315A The Cannibal Sister,"R251. Flight on a tree, which ogre tries to cut down.",315A,R251,"Flight on a tree, which ogre tries to cut down.",R. Captives and fugitives.,R200–R299. Escapes and pursuits.,,,R220. Flights.,"R251. Flight on a tree, which ogre tries to cut down.",Captives and fugitives,Escapes and pursuits,,,Flights
262,341,ATU 316 The Nix of the Mill-Pond,S240. Children unwittingly promised (sold),316,S240,Children unwittingly promised (sold),S. Unnatural cruelty.,S200–S299. Cruel sacrifices.,,,S240. Children unwittingly promised (sold).,S240. Children unwittingly promised (sold). (Cf. S211.),Unnatural cruelty,Cruel sacrifices,,,Children unwittingly promised (sold)
263,343,ATU 316 The Nix of the Mill-Pond,R152. Wife rescues husband.,316,R152,Wife rescues husband.,R. Captives and fugitives.,R100–R199. Rescues.,,,R150. Rescuers.,R152. Wife rescues husband.,Captives and fugitives,Rescues,,,Rescuers
264,346,ATU 318 The Faithless Wife,K2111. Potiphar's wife.,318,K2111,Potiphar's wife.,K. Deceptions.,K2100–K2199. False accusations.,,,K2110. Slanders.,K2111. Potiphar's wife. A woman makes vain overtures to a man and then accuses him of attempting to force her.,Deceptions,False accusations,,,Slanders
265,349,ATU 325 The Magician and his Pupil,H161. Recognition of transformed person among identical companions.,325,H161,Recognition of transformed person among identical companions.,H. Tests.,H0–H199. Identity tests: Recognition.,,,H150. Circumstances of recognition.,H161. Recognition of transformed person among identical companions. Prearranged signals.,Tests,Identity tests: Recognition,,,Circumstances of recognition
266,353,ATU 326 The Youth Who Wanted to Learn What Fear Is,H1441. Fearless hero frightened by being awakened with cold water.,326,H1441,Fearless hero frightened by being awakened with cold water.,H. Tests.,H1400–H1599. Other tests.,H1400–H1449. Tests of fear.,,H1440. The learning of fear.,H1441. Fearless hero frightened by being awakened with cold water.,Tests,Other tests,Tests of fear,,The learning of fear
267,354,ATU 326A* Soul Released from Torment,H1411. Fear test: staying in haunted house.,326A*,H1411,Fear test: staying in haunted house.,H. Tests.,H1400–H1599. Other tests.,H1400–H1449. Tests of fear.,,H1410. Fear test: staying in frightful place.,H1411. Fear test: staying in haunted house.,Tests,Other tests,Tests of fear,,Fear test: staying in frightful place
268,357,ATU 327A Hansel and Gretel,S321. Destitute parents abandon children,327A,S321,Destitute parents abandon children,S. Unnatural cruelty.,S300–S399. Abandoned or murdered children.,,,S310. Reasons for abandonment of children.,S321. Destitute parents abandon children.,Unnatural cruelty,Abandoned or murdered children,,,Reasons for abandonment of children
269,358,ATU 327A Hansel and Gretel,"R135. Abandoned children (wife, etc.) find way back by clue (bread-crumb, grain, pebble, etc.).",327A,R135,"Abandoned children (wife, etc.) find way back by clue (bread-crumb, grain, pebble, etc.).",R. Captives and fugitives.,R100–R199. Rescues.,,,R130. Rescue of abandoned or lost persons.,"R135. Abandoned children (wife, etc.) find way back by clue (bread-crumb, grain, pebble, etc.). They have dropped the objects while being led away.",Captives and fugitives,Rescues,,,Rescue of abandoned or lost persons
270,359,ATU 327A Hansel and Gretel,R135.1.1. Crumb (grain) trail eaten by birds.,327A,R135.1.1,Crumb (grain) trail eaten by birds.,R. Captives and fugitives.,R100–R199. Rescues.,,,R130. Rescue of abandoned or lost persons.,R135.1.1. Feathers left to mark trail blown away by wind.,Captives and fugitives,Rescues,,,Rescue of abandoned or lost persons
271,361,ATU 327A Hansel and Gretel,G82. Cannibal fattens victim.,327A,G82,Cannibal fattens victim.,G. Ogres.,G10–G399. Kinds of ogres.,G10–G99. Cannibals and cannibalism.,,G80. Other motifs dealing with cannibals.,G82. Cannibal fattens victim.,Ogres,Kinds of ogres,Cannibals and cannibalism,,Other motifs dealing with cannibals
272,364,ATU 327B The Brothers and the Ogre,K1611. Substituted caps cause ogre to kill his own children.,327B,K1611,Substituted caps cause ogre to kill his own children.,K. Deceptions.,K1600–K1699. Deceiver falls into own trap.,,,K1610. Deceiver falls into his own trap – miscellaneous incidents.,K1611. Substituted caps cause ogre to kill his own children. The hero and heroine change places in bed with the ogre's children and put on them their caps so that the ogre is deceived.,Deceptions,Deceiver falls into own trap,,,Deceiver falls into his own trap – miscellaneous incidents
273,365,ATU 327C The Devil (Witch) Carries the Hero Home in a Sack,G526. Ogre deceived by feigned ignorance of hero,327C,G526,Ogre deceived by feigned ignorance of hero,G. Ogres.,G500–G599. Ogre defeated.,,,G520. Ogre deceived into self-injury.,G526. Ogre deceived by feigned ignorance of hero. Hero must be shown how to get into oven (or the like). Ogre shows him and permits himself to be burnt.,Ogres,Ogre defeated,,,Ogre deceived into self-injury
274,366,ATU 327C The Devil (Witch) Carries the Hero Home in a Sack,G61. Relative's flesh eaten unwittingly.,327C,G61,Relative's flesh eaten unwittingly.,G. Ogres.,G10–G399. Kinds of ogres.,G10–G99. Cannibals and cannibalism.,G50–G79. Occasional cannibalism.,G60. Human flesh eaten unwittingly.,G61. Relative's flesh eaten unwittingly.,Ogres,Kinds of ogres,Cannibals and cannibalism,Occasional cannibalism,Human flesh eaten unwittingly
275,367,ATU 327F Witch and the Fisher Boy,K1832. Disguise by changing voice.,327F,K1832,Disguise by changing voice.,K. Deceptions.,K1700–K2099. Deception through shams.,K1800–K1899. Deception by disguise or illusion.,,K1810. Deception by disguise.,K1832. Disguise by changing voice.,Deceptions,Deception through shams,Deception by disguise or illusion,,Deception by disguise
276,371,ATU 328 Boy Steals the Ogre's Treasure,H1151. Theft as a task,328,H1151,Theft as a task,H. Tests.,H900–H1199. Tests of prowess: tasks.,H1000–H1199. Nature of tasks.,,"H1150. Tasks: stealing, capturing, or slaying.",H1151. Theft as a task.,Tests,Tests of prowess: tasks,Nature of tasks,,"Tasks: stealing, capturing, or slaying"
277,372,ATU 328 Boy Steals the Ogre's Treasure,H1172. Task: bringing an ogre to court.,328,H1172,Task: bringing an ogre to court.,H. Tests.,H900–H1199. Tests of prowess: tasks.,H1000–H1199. Nature of tasks.,,"H1150. Tasks: stealing, capturing, or slaying.",H1172. Task: bringing an ogre to court.,Tests,Tests of prowess: tasks,Nature of tasks,,"Tasks: stealing, capturing, or slaying"
278,375,ATU 328A Jack and the Beanstalk,G84. Fee-fi-fo-fum.,328A,G84,Fee-fi-fo-fum.,G. Ogres.,G10–G399. Kinds of ogres.,G10–G99. Cannibals and cannibalism.,,G80. Other motifs dealing with cannibals.,G84. Fee-fi-fo-fum. Cannibal returning home smells human flesh and makes exclamation. (Cf. G11.8.1.),Ogres,Kinds of ogres,Cannibals and cannibalism,,Other motifs dealing with cannibals
279,379,ATU 329 Hiding from the Princess,H321. Suitor test: hiding from princess,329,H321,Suitor test: hiding from princess,H. Tests.,H300–H499. Marriage tests.,H310–H359. Suitor tests.,,H310. Suitor tests.,H321. Suitor test: hiding from princess. She has magic sight.,Tests,Marriage tests,Suitor tests,,Suitor tests
280,380,ATU 329 Hiding from the Princess,D641. Transformation to reach difficult place.,329,D641,Transformation to reach difficult place.,D. Magic.,D0–D699. Transformation.,D600–D699. Miscellaneous transformation incidents.,,D640. Reasons for voluntary transformation.,D641. Transformation to reach difficult place.,Magic,Transformation,Miscellaneous transformation incidents,,Reasons for voluntary transformation
281,381,ATU 330 The Smith and the Devil,M211. Man sells soul to devil.,330,M211,Man sells soul to devil.,M. Ordaining the future.,M200–M299. Bargains and promises.,,,M210. Bargain with devil.,"M211. Man sells soul to devil. (Faust, Theophilus.)",Ordaining the future,Bargains and promises,,,Bargain with devil
282,382,ATU 330 The Smith and the Devil,Q115. Reward: any boon that may be asked.,330,Q115,Reward: any boon that may be asked.,Q. Rewards and punishments.,Q100–Q199. Nature of rewards.,,,Q110. Material rewards.,Q115. Reward: any boon that may be asked.,Rewards and punishments,Nature of rewards,,,Material rewards
283,383,ATU 330 The Smith and the Devil,J2071. Three foolish wishes.,330,J2071,Three foolish wishes.,J. The wise and the foolish.,J1700–J2749. Fools (and other unwise persons).,J2050–J2199. Absurd short-sightedness.,,J2070. Absurd wishes.,J2071. Three foolish wishes. Three wishes will be granted: used up foolishly.,The wise and the foolish,Fools (and other unwise persons),Absurd short-sightedness,,Absurd wishes
284,385,ATU 330 The Smith and the Devil,K213. Devil pounded in knapsack until he releases man.,330,K213,Devil pounded in knapsack until he releases man.,K. Deceptions.,K100–K299. Deceptive bargains.,K200–K249. Deception in payment of debt.,,K210. Devil cheated of his promised soul.,K213. Devil pounded in knapsack until he releases man.,Deceptions,Deceptive bargains,Deception in payment of debt,,Devil cheated of his promised soul
285,386,ATU 330 The Smith and the Devil,Q565. Man admitted to neither heaven nor hell,330,Q565,Man admitted to neither heaven nor hell,Q. Rewards and punishments.,Q400–Q599. Kinds of punishment.,,,Q560. Punishments in hell.,Q565. Man admitted to neither heaven nor hell. He has tricked the devil.,Rewards and punishments,Kinds of punishment,,,Punishments in hell
286,391,ATU 330 The Smith and the Devil,N221. Man granted power of winning at cards,330,N221,Man granted power of winning at cards,N. Chance and fate.,N100–N299. The ways of luck and fate.,,,N200. The good gifts of fortune.,N221. Man granted power of winning at cards.,Chance and fate,The ways of luck and fate,,,The good gifts of fortune
287,393,ATU 331 The Spirit in the Bottle,R181. Demon enclosed in bottle released.,331,R181,Demon enclosed in bottle released.,R. Captives and fugitives.,R100–R199. Rescues.,,,R170. Rescue – miscellaneous motifs.,R181. Demon enclosed in bottle released.,Captives and fugitives,Rescues,,,Rescue – miscellaneous motifs
288,394,ATU 331 The Spirit in the Bottle,K717. Deception into bottle (vessel).,331,K717,Deception into bottle (vessel).,K. Deceptions.,K700–K799. Capture by deception.,,,K710. Victim enticed into voluntary captivity or helplessness.,K717. Deception into bottle (vessel). Insects (or a spirit) having escaped from a bottle are told that they cannot return. They accept the challenge and go back into the bottle.,Deceptions,Capture by deception,,,Victim enticed into voluntary captivity or helplessness
289,395,ATU 332 Godfather Death,J486. Death preferred above God and Justice.,332,J486,Death preferred above God and Justice.,J. The wise and the foolish.,J200–J1099. Wise and unwise conduct.,J200–J499. Choices.,,J480. Other choices.,J486. Death preferred above God and Justice.,The wise and the foolish,Wise and unwise conduct,Choices,,Other choices
290,397,ATU 332 Godfather Death,K557. Death cheated by moving bed.,332,K557,Death cheated by moving bed.,K. Deceptions.,K500–K699. Escape by deception.,,,K550. Escape by false plea.,K557. Death cheated by moving bed. The man who has chosen Death as his godfather has his bed turned around when he sees Death standing at the foot of his bed. He thus escapes death.,Deceptions,Escape by deception,,,Escape by false plea
291,400,ATU 333 Little Red Riding Hood,"K2011. Wolf poses as ""grandmother"" and kills child",333,K2011,"Wolf poses as ""grandmother"" and kills child",K. Deceptions.,K1700–K2099. Deception through shams.,K2000–K2099. Hypocrites.,,K2010. Hypocrite pretends friendship but attacks.,"K2011. Wolf poses as ""grandmother"" and kills child. (Red Riding Hood.)",Deceptions,Deception through shams,Hypocrites,,Hypocrite pretends friendship but attacks
292,401,ATU 333 Little Red Riding Hood,F913. Victims rescued from swallower's belly.,333,F913,Victims rescued from swallower's belly.,F. Marvels.,F900-F1099. Extraordinary occurrences.,,,F910. Extraordinary swallowings.,F913. Victims rescued from swallower's belly. (Cf. X1723.1.),Marvels,-F1099. Extraordinary occurrences,,,Extraordinary swallowings
293,402,ATU 333 Little Red Riding Hood,Q426. Wolf cut open and filled with stones as punishment.,333,Q426,Wolf cut open and filled with stones as punishment.,Q. Rewards and punishments.,Q400–Q599. Kinds of punishment.,,,Q410. Capital punishment.,Q426. Wolf cut open and filled with stones as punishment.,Rewards and punishments,Kinds of punishment,,,Capital punishment
294,403,ATU 333 Little Red Riding Hood,K1044. Dupe induced to eat filth (dung).,333,K1044,Dupe induced to eat filth (dung).,K. Deceptions.,K1000–K1199. Deception into self-injury.,,,K1040. Dupe otherwise persuaded to voluntary self-injury.,K1044. Dupe induced to eat filth (dung).,Deceptions,Deception into self-injury,,,Dupe otherwise persuaded to voluntary self-injury
295,405,ATU 335 Death' Messengers,J1051. Death's three messengers.,335,J1051,Death's three messengers.,J. The wise and the foolish.,J200–J1099. Wise and unwise conduct.,J1000–J1099. Other aspects of wisdom.,,J1050. Attention to warnings.,"J1051. Death's three messengers. Warns man by loss of appetite, loss of desire for drink, and sickness. Man does not recognize the messengers.",The wise and the foolish,Wise and unwise conduct,Other aspects of wisdom,,Attention to warnings
296,406,ATU 360 Bargain of the Three Brothers and the Devil,"C495.2.2. ""We three"" -- ""For gold"" -- ""That is right"".",360,C495.2.2,"""We three"" -- ""For gold"" -- ""That is right"".",C. Tabu.,C400–C499. Speaking tabu.,,,C490. Other speaking tabus.,"C495.2.2. ""We three"" – ""For gold"" – ""That is right"": phrases of foreign language. Three travelers know each one phrase of a foreign language. They incriminate themselves.",Tabu,Speaking tabu,,,Other speaking tabus
297,407,ATU 360 Bargain of the Three Brothers and the Devil,K217. Devil gets another soul instead of one bargained for.,360,K217,Devil gets another soul instead of one bargained for.,K. Deceptions.,K100–K299. Deceptive bargains.,K200–K249. Deception in payment of debt.,,K210. Devil cheated of his promised soul.,"K217. Devil gets another soul instead of one bargained for. The devil bargains with a man for his soul, but the man fulfills his contract and escapes. In envy two persons commit suicide. The devil rejoices that though he lost one he has gained two.",Deceptions,Deceptive bargains,Deception in payment of debt,,Devil cheated of his promised soul
298,408,ATU 361 Bear-skin,M211. Man sells soul to devil.,361,M211,Man sells soul to devil.,M. Ordaining the future.,M200–M299. Bargains and promises.,,,M210. Bargain with devil.,"M211. Man sells soul to devil. (Faust, Theophilus.)",Ordaining the future,Bargains and promises,,,Bargain with devil
299,409,ATU 361 Bear-skin,C721. Tabu: bathing.,361,C721,Tabu: bathing.,C. Tabu.,C700–C899. Miscellaneous tabus.,,,C720. Tabu: attending toilet needs.,C721. Tabu: bathing. (Cf. C711.),Tabu,Miscellaneous tabus,,,Tabu: attending toilet needs
300,412,ATU 363 The Corpse-Eater,G20. Ghouls. Persons eat corpses.,363,G20,Ghouls. Persons eat corpses.,G. Ogres.,G10–G399. Kinds of ogres.,G10–G99. Cannibals and cannibalism.,G10–G49. Regular cannibalism.,G20. Ghouls.,G20. Ghouls. Persons eat corpses.,Ogres,Kinds of ogres,Cannibals and cannibalism,Regular cannibalism,Ghouls
301,413,ATU 365 Dead Bridegroom Carries off His Bride,E215. The Dead Rider (Lenore).,365,E215,The Dead Rider (Lenore).,E. The dead.,E200–E599. Ghosts and other revenants.,E200–E299. Malevolent return from the dead.,,E210. Dead lover's malevolent return.,"E215. The Dead Rider (Lenore). Dead lover returns and takes sweetheart with him on horseback. She is sometimes saved at the grave by the crowing of the cock, though the experience is usually fatal.",The dead,Ghosts and other revenants,Malevolent return from the dead,,Dead lover's malevolent return
302,414,ATU 366 The Man from the Gallows,E235.4.4. Return from dead to punish theft of part of corpse.,366,E235.4.4,Return from dead to punish theft of part of corpse.,E. The dead.,E200–E599. Ghosts and other revenants.,E200–E299. Malevolent return from the dead.,,E230. Return from dead to inflict punishment.,E235.4.4. Return from dead to punish theft of liver from man on gallows.,The dead,Ghosts and other revenants,Malevolent return from the dead,,Return from dead to inflict punishment
303,415,ATU 400 Man on a Quest for His Lost Wife,H1385.3. Quest for vanished wife (mistress).,400,H1385.3,Quest for vanished wife (mistress).,H. Tests.,H1200–H1399. Tests of prowess: quests.,H1250–H1399. Nature of quests.,,H1370. Miscellaneous quests.,H1385.3. Quest for vanished wife (mistress).,Tests,Tests of prowess: quests,Nature of quests,,Miscellaneous quests
304,416,ATU 400 Man on a Quest for His Lost Wife,N681. Husband (lover) arrives home just as wife (mistress) is to marry another.,400,N681,Husband (lover) arrives home just as wife (mistress) is to marry another.,N. Chance and fate.,N400–N699. Lucky accidents.,N600–N699. Other lucky accidents.,,N680. Lucky accidents – miscellaneous.,N681. Husband (lover) arrives home just as wife (mistress) is to marry another.,Chance and fate,Lucky accidents,Other lucky accidents,,Lucky accidents – miscellaneous
305,417,ATU 400 Man on a Quest for His Lost Wife,D361.1. Swan Maiden,400,D361.1,Swan Maiden,D. Magic.,D0–D699. Transformation.,D300–D399. Transformation: animal to person.,,D350. Transformation: bird to person.,D361.1. Swan Maiden. A swan transforms herself at will into a maiden. She resumes her swan form by putting on her swan coat. (It is difficult to tell in most Swan Maiden tales whether the primary form is swan or maiden: the incident may belong at D161.),Magic,Transformation,Transformation: animal to person,,Transformation: bird to person
306,418,ATU 400 Man on a Quest for His Lost Wife,D721.2. Disenchantment by hiding skin (covering),400,D721.2,Disenchantment by hiding skin (covering),D. Magic.,D700–D799. Disenchantment.,,,D720. Disenchantment by removing (destroying) covering of enchanted person.,"D721.2. Disenchantment by hiding skin (covering). When the enchanted person has temporarily removed the covering, it is stolen and the victim remains disenchanted until it is found.",Magic,Disenchantment,,,Disenchantment by removing (destroying) covering of enchanted person
307,419,ATU 400 Man on a Quest for His Lost Wife,D361.1.1. Swan Maiden finds her hidden wings and resumes her form.,400,D361.1.1,Swan Maiden finds her hidden wings and resumes her form.,D. Magic.,D0–D699. Transformation.,D300–D399. Transformation: animal to person.,,D350. Transformation: bird to person.,D361.1.1. Swan Maiden finds her hidden wings and resumes her form.,Magic,Transformation,Transformation: animal to person,,Transformation: bird to person
308,420,ATU 400 Man on a Quest for His Lost Wife,D758.1. Disenchantment by three nights' silence under punishment.,400,D758.1,Disenchantment by three nights' silence under punishment.,D. Magic.,D700–D799. Disenchantment.,,,D750. Disenchantment by faithfulness of others.,D758.1. Disenchantment by three nights' silence under punishment.,Magic,Disenchantment,,,Disenchantment by faithfulness of others
309,421,ATU 400 Man on a Quest for His Lost Wife,B652.1. Marriage to swan-maiden.,400,B652.1,Marriage to swan-maiden.,B. Animals.,B600–B699. Marriage of person to animal.,,,B650. Marriage to animal in human form.,B652.1. Marriage to swan-maiden.,Animals,Marriage of person to animal,,,Marriage to animal in human form
310,424,ATU 402 The Animal Bride,H1210.1. Quest assigned by father.,402,H1210.1,Quest assigned by father.,H. Tests.,H1200–H1399. Tests of prowess: quests.,H1200–H1249. Attendant circumstances of quests.,,H1210. Quest assigned.,H1210.1. Quest assigned by father.,Tests,Tests of prowess: quests,Attendant circumstances of quests,,Quest assigned
311,425,ATU 402 The Animal Bride,H1242. Youngest brother alone succeeds on quest.,402,H1242,Youngest brother alone succeeds on quest.,H. Tests.,H1200–H1399. Tests of prowess: quests.,H1200–H1249. Attendant circumstances of quests.,,H1240. Other circumstances of quests.,H1242. Youngest brother alone succeeds on quest.,Tests,Tests of prowess: quests,Attendant circumstances of quests,,Other circumstances of quests
312,426,ATU 402 The Animal Bride,H1301.1. Quest for the most beautiful bride.,402,H1301.1,Quest for the most beautiful bride.,H. Tests.,H1200–H1399. Tests of prowess: quests.,H1250–H1399. Nature of quests.,,H1300. Quests for the unique.,H1301.1. Quest for the most beautiful bride.,Tests,Tests of prowess: quests,Nature of quests,,Quests for the unique
313,427,ATU 402 The Animal Bride,D711. Disenchantment by decapitation.,402,D711,Disenchantment by decapitation.,D. Magic.,D700–D799. Disenchantment.,,,D710. Disenchantment by rough treatment.,D711. Disenchantment by decapitation.,Magic,Disenchantment,,,Disenchantment by rough treatment
314,428,ATU 402A* Princess Transformed into a Toad,D735. Disenchantment by kiss.,402A*,D735,Disenchantment by kiss.,D. Magic.,D700–D799. Disenchantment.,,,D730. Disenchantment by submission.,D735. Disenchantment by kiss.,Magic,Disenchantment,,,Disenchantment by submission
315,429,ATU 403 The Black and the White Bride,S31. Cruel stepmother.,403,S31,Cruel stepmother.,S. Unnatural cruelty.,S0–S99. Cruel relatives.,,,S30. Cruel step- and foster relatives.,S31. Cruel stepmother.,Unnatural cruelty,Cruel relatives,,,Cruel step- and foster relatives
316,430,ATU 403 The Black and the White Bride,"H1023.3. Task: bringing berries (fruit, roses) in winter.",403,H1023.3,"Task: bringing berries (fruit, roses) in winter.",H. Tests.,H900–H1199. Tests of prowess: tasks.,H1000–H1199. Nature of tasks.,H1010–H1049. Impossible or absurd tasks.,H1020. Tasks contrary to laws of nature.,"H1023.3. Task: bringing berries (fruit, roses) in winter.",Tests,Tests of prowess: tasks,Nature of tasks,Impossible or absurd tasks,Tasks contrary to laws of nature
317,431,ATU 403 The Black and the White Bride,D1860. Magic beautification.,403,D1860,Magic beautification.,D. Magic.,D1700–D2199. Magic powers and manifestations.,D1800–D2199. Manifestations of magic power.,D1800–D1949. Lasting magic qualities.,D1860. Magic beautification.,D1860. Magic beautification.,Magic,Magic powers and manifestations,Manifestations of magic power,Lasting magic qualities,Magic beautification
318,432,ATU 403 The Black and the White Bride,D1454.2. Treasure falls from mouth.,403,D1454.2,Treasure falls from mouth.,D. Magic.,D800–D1699. Magic objects.,D1300–D1599. Function of magic objects.,,D1450. Magic object furnishes treasure.,"D1454.2. Treasure falls from mouth. (Cf. D992.2, D1454.3.)",Magic,Magic objects,Function of magic objects,,Magic object furnishes treasure
319,433,ATU 403 The Black and the White Bride,D1870. Magic hideousness,403,D1870,Magic hideousness,D. Magic.,D1700–D2199. Magic powers and manifestations.,D1800–D2199. Manifestations of magic power.,D1800–D1949. Lasting magic qualities.,D1870. Magic hideousness.,"D1870. Magic hideousness. (Cf. D1337, D1860, M400.)",Magic,Magic powers and manifestations,Manifestations of magic power,Lasting magic qualities,Magic hideousness
320,434,ATU 403 The Black and the White Bride,M431.2. Curse: toads from mouth.,403,M431.2,Curse: toads from mouth.,M. Ordaining the future.,M400–M499. Curses.,,,M430. Curses on persons.,M431.2. Curse: toads from mouth.,Ordaining the future,Curses,,,Curses on persons
321,435,ATU 403 The Black and the White Bride,S432. Cast-off wife thrown into water.,403,S432,Cast-off wife thrown into water.,S. Unnatural cruelty.,S400–S499. Cruel persecutions.,,,S430. Disposal of cast-off wife.,S432. Cast-off wife thrown into water. (Cf. S142.),Unnatural cruelty,Cruel persecutions,,,Disposal of cast-off wife
322,436,ATU 403 The Black and the White Bride,K1911. The false bride (substituted bride),403,K1911,The false bride (substituted bride),K. Deceptions.,K1700–K2099. Deception through shams.,K1900–K1999. Impostures.,,K1910. Marital impostors.,"K1911. The false bride (substituted bride). An impostor takes the wife's place without the husband's knowledge and banishes (kills, transforms) the wife.",Deceptions,Deception through shams,Impostures,,Marital impostors
323,437,ATU 403 The Black and the White Bride,D161.2. Transformation: man to goose.,403,D161.2,Transformation: man to goose.,D. Magic.,D0–D699. Transformation.,D100–D199. Transformation: man to animal.,,D150. Transformation: man to bird.,D161.2. Transformation: man to goose.,Magic,Transformation,Transformation: man to animal,,Transformation: man to bird
324,438,ATU 403 The Black and the White Bride,Q261. Treachery punished.,403,Q261,Treachery punished.,Q. Rewards and punishments.,Q200–Q399. Deeds punished.,,,Q260. Deceptions punished.,"Q261. Treachery punished. (Cf. Q413.8, Q414.0.5, Q414.0.6.1, Q417.2, Q423, Q431.2, Q431.10, Q433.7, Q451.1.3, Q451.4.4, Q451.5.4, Q469.7.1, Q552.1.5, Q581.0.1.)",Rewards and punishments,Deeds punished,,,Deceptions punished
325,439,ATU 405 Jorinde and Joringel,D683.2. Transformation by witch (sorceress).,405,D683.2,Transformation by witch (sorceress).,D. Magic.,D0–D699. Transformation.,D600–D699. Miscellaneous transformation incidents.,,D680. Miscellaneous circumstances of transformation.,D683.2. Transformation by witch (sorceress).,Magic,Transformation,Miscellaneous transformation incidents,,Miscellaneous circumstances of transformation
326,440,ATU 405 Jorinde and Joringel,D771. Disenchantment by use of magic object.,405,D771,Disenchantment by use of magic object.,D. Magic.,D700–D799. Disenchantment.,,,D760. Disenchantment by miscellaneous means.,D771. Disenchantment by use of magic object.,Magic,Disenchantment,,,Disenchantment by miscellaneous means
327,441,ATU 407 The Girl as a Flower,D212. Transformation: man (woman) to flower.,407,D212,Transformation: man (woman) to flower.,D. Magic.,D0–D699. Transformation.,D200–D299. Transformation: man to object.,,D210. Transformation: man to vegetable form.,D212. Transformation: man (woman) to flower.,Magic,Transformation,Transformation: man to object,,Transformation: man to vegetable form
328,442,ATU 407 The Girl as a Flower,D711.4. Disenchantment from flower by breaking stalk.,407,D711.4,Disenchantment from flower by breaking stalk.,D. Magic.,D700–D799. Disenchantment.,,,D710. Disenchantment by rough treatment.,D711.4. Disenchantment from flower by breaking stalk.,Magic,Disenchantment,,,Disenchantment by rough treatment
329,443,ATU 407 The Girl as a Flower,T100. Marriage.,407,T100,Marriage.,T. Sex.,T100–T199. Marriage.,,,T100. Marriage.,T100. Marriage.,Sex,Marriage,,,Marriage
330,446,ATU 408 The Three Oranges,S375. Old woman's maledictions inform abandoned hero of his parentage and future.,408,S375,Old woman's maledictions inform abandoned hero of his parentage and future.,S. Unnatural cruelty.,S300–S399. Abandoned or murdered children.,,,S350. Fate of abandoned child.,S375. Old woman's maledictions inform abandoned hero of his parentage and future. He has knocked her over (broken pots).,Unnatural cruelty,Abandoned or murdered children,,,Fate of abandoned child
331,447,ATU 408 The Three Oranges,D721.5. Disenchantment from fruit (flower) by opening it.,408,D721.5,Disenchantment from fruit (flower) by opening it.,D. Magic.,D700–D799. Disenchantment.,,,D720. Disenchantment by removing (destroying) covering of enchanted person.,D721.5. Disenchantment from fruit (flower) by opening it.,Magic,Disenchantment,,,Disenchantment by removing (destroying) covering of enchanted person
332,448,ATU 408 The Three Oranges,J1791. Reflection in water thought to be the original of the thing reflected.,408,J1791,Reflection in water thought to be the original of the thing reflected.,J. The wise and the foolish.,J1700–J2749. Fools (and other unwise persons).,J1750–J1849. Absurd misunderstandings.,J1750–J1809. One thing mistaken for another.,J1790. Shadow mistaken for substance.,J1791. Reflection in water thought to be the original of the thing reflected.,The wise and the foolish,Fools (and other unwise persons),Absurd misunderstandings,One thing mistaken for another,Shadow mistaken for substance
333,449,ATU 408 The Three Oranges,K1911.2.2. True bride pushed into water by false.,408,K1911.2.2,True bride pushed into water by false.,K. Deceptions.,K1700–K2099. Deception through shams.,K1900–K1999. Impostures.,,K1910. Marital impostors.,K1911.2.2. True bride pushed into water by false.,Deceptions,Deception through shams,Impostures,,Marital impostors
334,450,ATU 408 The Three Oranges,D610. Repeated transformation.,408,D610,Repeated transformation.,D. Magic.,D0–D699. Transformation.,D600–D699. Miscellaneous transformation incidents.,,D610. Repeated transformation.,D610. Repeated transformation. Transformation into one form after another.,Magic,Transformation,Miscellaneous transformation incidents,,Repeated transformation
335,451,ATU 408 The Three Oranges,K1911.3. Reinstatement of true bride.,408,K1911.3,Reinstatement of true bride.,K. Deceptions.,K1700–K2099. Deception through shams.,K1900–K1999. Impostures.,,K1910. Marital impostors.,K1911.3. Reinstatement of true bride.,Deceptions,Deception through shams,Impostures,,Marital impostors
336,452,ATU 409 The Girl as Wolf,D113.1. Transformation: man to wolf.,409,D113.1,Transformation: man to wolf.,D. Magic.,D0–D699. Transformation.,D100–D199. Transformation: man to animal.,D110–D149. Transformation: man to mammal.,D110. Transformation: man to wild beast (mammal).,D113.1. Transformation: man to wolf.,Magic,Transformation,Transformation: man to animal,Transformation: man to mammal,Transformation: man to wild beast (mammal)
337,453,ATU 409 The Girl as Wolf,D721. Disenchantment by removing skin (or covering),409,D721,Disenchantment by removing skin (or covering),D. Magic.,D700–D799. Disenchantment.,,,D720. Disenchantment by removing (destroying) covering of enchanted person.,D721. Disenchantment by removing skin (or covering).,Magic,Disenchantment,,,Disenchantment by removing (destroying) covering of enchanted person
338,454,ATU 409 The Girl as Wolf,Q261. Treachery punished,409,Q261,Treachery punished,Q. Rewards and punishments.,Q200–Q399. Deeds punished.,,,Q260. Deceptions punished.,"Q261. Treachery punished. (Cf. Q413.8, Q414.0.5, Q414.0.6.1, Q417.2, Q423, Q431.2, Q431.10, Q433.7, Q451.1.3, Q451.4.4, Q451.5.4, Q469.7.1, Q552.1.5, Q581.0.1.)",Rewards and punishments,Deeds punished,,,Deceptions punished
339,455,ATU 409A The Girl as Goat,T554. Woman gives birth to animal.,409A,T554,Woman gives birth to animal.,T. Sex.,T500–T599. Conception and birth.,,,T550. Monstrous births.,T554. Woman gives birth to animal.,Sex,Conception and birth,,,Monstrous births
340,456,ATU 410 Sleeping Beauty,B211.7.1. Speaking frog.,410,B211.7.1,Speaking frog.,B. Animals.,B200–B299. Animals with human traits.,,,B210. Speaking animals.,B211.7.1. Speaking frog.,Animals,Animals with human traits,,,Speaking animals
341,457,ATU 410 Sleeping Beauty,F361.1.1. Fairy takes revenge for not being invited to feast.,410,F361.1.1,Fairy takes revenge for not being invited to feast.,F. Marvels.,F200–F699. Marvelous creatures.,F200–F399. Fairies and elves.,F300–F399. Fairies and mortals.,F360. Malevolent or destructive fairies (= pixies).,F361.1.1. Fairy takes revenge for not being invited to feast.,Marvels,Marvelous creatures,Fairies and elves,Fairies and mortals,Malevolent or destructive fairies (= pixies)
342,458,ATU 410 Sleeping Beauty,G269.4. Curse by disappointed witch.,410,G269.4,Curse by disappointed witch.,G. Ogres.,G10–G399. Kinds of ogres.,G200–G299. Witches.,,G260. Evil deeds of witches.,G269.4. Curse by disappointed witch.,Ogres,Kinds of ogres,Witches,,Evil deeds of witches
343,459,ATU 410 Sleeping Beauty,M341.2.13. Prophecy: death through spindle wound.,410,M341.2.13,Prophecy: death through spindle wound.,M. Ordaining the future.,M300–M399. Prophecies.,,,M340. Unfavorable prophecies.,M341.2.13. Prophecy: death through spindle wound.,Ordaining the future,Prophecies,,,Unfavorable prophecies
344,460,ATU 410 Sleeping Beauty,M370. Vain attempts to escape fulfillment of prophecy.,410,M370,Vain attempts to escape fulfillment of prophecy.,M. Ordaining the future.,M300–M399. Prophecies.,,,M370. Vain attempts to escape fulfillment of prophecy.,"M370. Vain attempts to escape fulfillment of prophecy. (Cf. M341.2.10, M343, M344.)",Ordaining the future,Prophecies,,,Vain attempts to escape fulfillment of prophecy
345,461,ATU 410 Sleeping Beauty,D1364.17. Spindle causes magic sleep.,410,D1364.17,Spindle causes magic sleep.,D. Magic.,D800–D1699. Magic objects.,D1300–D1599. Function of magic objects.,D1300–D1379. Magic objects effect changes in persons.,D1360. Magic object effects temporary change in person.,D1364.17. Spindle causes magic sleep. (Cf. D1186.),Magic,Magic objects,Function of magic objects,Magic objects effect changes in persons,Magic object effects temporary change in person
346,462,ATU 410 Sleeping Beauty,D1967.1. Person in magic sleep surrounded by protecting hedge,410,D1967.1,Person in magic sleep surrounded by protecting hedge,D. Magic.,D1700–D2199. Magic powers and manifestations.,D1800–D2199. Manifestations of magic power.,D1950–D2049. Temporary magic characteristics.,D1960. Magic sleep.,D1967.1. Person in magic sleep surrounded by protecting hedge.,Magic,Magic powers and manifestations,Manifestations of magic power,Temporary magic characteristics,Magic sleep
347,463,ATU 410 Sleeping Beauty,N711.2. Hero finds maiden in (magic) castle.,410,N711.2,Hero finds maiden in (magic) castle.,N. Chance and fate.,N700–N799. Accidental encounters.,,,N710. Accidental meeting of hero and heroine.,N711.2. Hero finds maiden in (magic) castle.,Chance and fate,Accidental encounters,,,Accidental meeting of hero and heroine
348,464,ATU 410 Sleeping Beauty,D1978.5. Waking from magic sleep by kiss.,410,D1978.5,Waking from magic sleep by kiss.,D. Magic.,D1700–D2199. Magic powers and manifestations.,D1800–D2199. Manifestations of magic power.,D1950–D2049. Temporary magic characteristics.,D1960. Magic sleep.,D1978.5. Waking from magic sleep by kiss.,Magic,Magic powers and manifestations,Manifestations of magic power,Temporary magic characteristics,Magic sleep
349,465,ATU 412 Maiden with a Separable Soul in a Necklace,E711.4. Soul in necklace.,412,E711.4,Soul in necklace.,E. The dead.,E700–E799. The soul.,,,E710. External soul.,E711.4. Soul in necklace.,The dead,The soul,,,External soul
350,467,ATU 413 Stolen Clothing,Z211. Dreadnaughts - do something warned against,413,Z211,Dreadnaughts - do something warned against,Z. Miscellaneous groups of motifs.,Z200–Z299. Heroes.,,,Z210. Brothers as heroes.,Z211. Dreadnaughts. Brothers deliberately seek dangers they have been warned against. Triumph.,Miscellaneous groups of motifs,Heroes,,,Brothers as heroes
351,468,ATU 413 Stolen Clothing,K1335. Seduction (or wooing) by stealing clothes of bathing girl (swan maiden).,413,K1335,Seduction (or wooing) by stealing clothes of bathing girl (swan maiden).,K. Deceptions.,K1300–K1399. Seduction or deceptive marriage.,,,K1330. Girl tricked into man's room (or power).,K1335. Seduction (or wooing) by stealing clothes of bathing girl (swan maiden).,Deceptions,Seduction or deceptive marriage,,,Girl tricked into man's room (or power)
352,469,ATU 413 Stolen Clothing,C311. Tabu: seeing the supernatural.,413,C311,Tabu: seeing the supernatural.,C. Tabu.,C300–C399. Looking tabu.,,,C310. Tabu: looking at certain person or thing.,C311. Tabu: seeing the supernatural.,Tabu,Looking tabu,,,Tabu: looking at certain person or thing
353,470,ATU 413 Stolen Clothing,"E121.5. Resuscitation by holy man (priest, etc.).",413,E121.5,"Resuscitation by holy man (priest, etc.).",E. The dead.,E0–E199. Resuscitation.,,,E120. Other means of resuscitation.,"E121.5. Resuscitation by holy man (priest, etc.).",The dead,Resuscitation,,,Other means of resuscitation
354,471,ATU 425A The Animal as Bridegroom,L221. Modest request: present from the journey,425A,L221,Modest request: present from the journey,L. Reversal of fortune.,L200–L299. Modesty brings reward.,,,L220. Modest request best.,"L221. Modest request: present from the journey. Asked what her father shall bring her as a present, the heroine chooses a modest gift. It is usually a flower but sometimes does not turn out to be such a simple gift after all (golden cloak, golden apple).",Reversal of fortune,Modesty brings reward,,,Modest request best
355,472,ATU 425A The Animal as Bridegroom,"S241. Child unwittingly promised: ""first thing you meet.""",425A,S241,"Child unwittingly promised: ""first thing you meet.""",S. Unnatural cruelty.,S200–S299. Cruel sacrifices.,,,S240. Children unwittingly promised (sold).,"S241. Child unwittingly promised: ""first thing you meet."" (Jephthah's vow.)",Unnatural cruelty,Cruel sacrifices,,,Children unwittingly promised (sold)
356,473,ATU 425A The Animal as Bridegroom,C757.1. Tabu: destroying animal skin of enchanted person too soon.,425A,C757.1,Tabu: destroying animal skin of enchanted person too soon.,C. Tabu.,C700–C899. Miscellaneous tabus.,,,C750. Time tabus.,C757.1. Tabu: destroying animal skin of enchanted person too soon.,Tabu,Miscellaneous tabus,,,Time tabus
357,474,ATU 425A The Animal as Bridegroom,C32.1. Tabu: looking at supernatural husband.,425A,C32.1,Tabu: looking at supernatural husband.,C. Tabu.,C0–C99. Tabu connected with supernatural beings.,,,C30. Tabu: offending supernatural relative.,C32.1. Tabu: looking at supernatural husband.,Tabu,Tabu connected with supernatural beings,,,Tabu: offending supernatural relative
358,476,ATU 425A The Animal as Bridegroom,H1385.4. Quest for vanished husband.,425A,H1385.4,Quest for vanished husband.,H. Tests.,H1200–H1399. Tests of prowess: quests.,H1250–H1399. Nature of quests.,,H1370. Miscellaneous quests.,H1385.4. Quest for vanished husband.,Tests,Tests of prowess: quests,Nature of quests,,Miscellaneous quests
359,477,ATU 425A The Animal as Bridegroom,"H1232. Directions on quest given by sun, moon, wind, and stars.",425A,H1232,"Directions on quest given by sun, moon, wind, and stars.",H. Tests.,H1200–H1399. Tests of prowess: quests.,H1200–H1249. Attendant circumstances of quests.,,H1230. Accomplishment of quests.,"H1232. Directions on quest given by sun, moon, wind, and stars.",Tests,Tests of prowess: quests,Attendant circumstances of quests,,Accomplishment of quests
360,478,ATU 425A The Animal as Bridegroom,Q482.1. Princess serves as menial.,425A,Q482.1,Princess serves as menial.,Q. Rewards and punishments.,Q400–Q599. Kinds of punishment.,,,Q470. Humiliating punishments.,Q482.1. Princess serves as menial.,Rewards and punishments,Kinds of punishment,,,Humiliating punishments
361,479,ATU 425A The Animal as Bridegroom,D2006.1.4. Forgotten fiancée buys place in husband's bed and reawakens his memory.,425A,D2006.1.4,Forgotten fiancée buys place in husband's bed and reawakens his memory.,D. Magic.,D1700–D2199. Magic powers and manifestations.,D1800–D2199. Manifestations of magic power.,D1950–D2049. Temporary magic characteristics.,D2000. Magic forgetfulness.,D2006.1.4. Forgotten fiancée buys place in husband's bed and reawakens his memory.,Magic,Magic powers and manifestations,Manifestations of magic power,Temporary magic characteristics,Magic forgetfulness
362,480,ATU 425C Beauty and the Beast,L221. Modest request: present from the journey.,425C,L221,Modest request: present from the journey.,L. Reversal of fortune.,L200–L299. Modesty brings reward.,,,L220. Modest request best.,"L221. Modest request: present from the journey. Asked what her father shall bring her as a present, the heroine chooses a modest gift. It is usually a flower but sometimes does not turn out to be such a simple gift after all (golden cloak, golden apple).",Reversal of fortune,Modesty brings reward,,,Modest request best
363,481,ATU 425C Beauty and the Beast,C761.2. Tabu: staying too long at home.,425C,C761.2,Tabu: staying too long at home.,C. Tabu.,C700–C899. Miscellaneous tabus.,,,C750. Time tabus.,C761.2. Tabu: staying too long at home.,Tabu,Miscellaneous tabus,,,Time tabus
364,482,ATU 425C Beauty and the Beast,D735.1. Beauty and the beast. disenchantment by kiss,425C,D735.1,Beauty and the beast. disenchantment by kiss,D. Magic.,D700–D799. Disenchantment.,,,D730. Disenchantment by submission.,D735.1. Beauty and the beast. Disenchantment of animal by being kissed by woman (man).,Magic,Disenchantment,,,Disenchantment by submission
365,483,ATU 425D The Vanished Husband,C932. Loss of wife (husband) for breaking tabu.,425D,C932,Loss of wife (husband) for breaking tabu.,C. Tabu.,C900–C999. Punishment for breaking tabu.,,,C930. Loss of fortune for breaking tabu.,C932. Loss of wife (husband) for breaking tabu.,Tabu,Punishment for breaking tabu,,,Loss of fortune for breaking tabu
366,484,ATU 425D The Vanished Husband,"H11.1.1. Recognition at inn (hospital, etc.) where all must tell their life histories.",425D,H11.1.1,"Recognition at inn (hospital, etc.) where all must tell their life histories.",H. Tests.,H0–H199. Identity tests: Recognition.,,,H10. Recognition through common knowledge.,"H11.1.1. Recognition at inn (hospital, etc.) where all must tell their life histories.",Tests,Identity tests: Recognition,,,Recognition through common knowledge
367,485,ATU 425D The Vanished Husband,D150. Transformation: man to bird.,425D,D150,Transformation: man to bird.,D. Magic.,D0–D699. Transformation.,D100–D199. Transformation: man to animal.,,D150. Transformation: man to bird.,D150. Transformation: man to bird. (Cf. B644.),Magic,Transformation,Transformation: man to animal,,Transformation: man to bird
368,486,ATU 425D The Vanished Husband,D753. Disenchantment by accomplishment of tasks,425D,D753,Disenchantment by accomplishment of tasks,D. Magic.,D700–D799. Disenchantment.,,,D750. Disenchantment by faithfulness of others.,D753. Disenchantment by accomplishment of tasks.,Magic,Disenchantment,,,Disenchantment by faithfulness of others
369,489,ATU 425E Enchanted Husband Sings Lullaby,C611. †C611. Forbidden chamber.,425E,C611,Forbidden chamber.,C. Tabu.,C600–C699. Unique prohibitions and compulsions.,C600–C649. The one forbidden thing.,,C610. The one forbidden place.,C611. Forbidden chamber. Person allowed to enter all chambers of house except one.,Tabu,Unique prohibitions and compulsions,The one forbidden thing,,The one forbidden place
370,491,"ATU 426 Two Girls, the Bear, and the Dwarf ( Snow White and Rose Red)",F451.5.2.1. Ungrateful dwarf.,426,F451.5.2.1,Ungrateful dwarf.,F. Marvels.,F200–F699. Marvelous creatures.,F400–F499. Spirits and demons.,,F450. Underground spirits.,F451.5.2.1. Ungrateful dwarf.,Marvels,Marvelous creatures,Spirits and demons,,Underground spirits
371,492,"ATU 426 Two Girls, the Bear, and the Dwarf ( Snow White and Rose Red)",D763. Disenchantment by destroying enchanter.,426,D763,Disenchantment by destroying enchanter.,D. Magic.,D700–D799. Disenchantment.,,,D760. Disenchantment by miscellaneous means.,D763. Disenchantment by destroying enchanter.,Magic,Disenchantment,,,Disenchantment by miscellaneous means
372,493,ATU 430 Donkey,T554. Woman gives birth to animal.,430,T554,Woman gives birth to animal.,T. Sex.,T500–T599. Conception and birth.,,,T550. Monstrous births.,T554. Woman gives birth to animal.,Sex,Conception and birth,,,Monstrous births
373,494,ATU 430 Donkey,641.4. Marriage to person in ass form.,430,B641.4,Marriage to person in ass form,B. Animals.,B600–B699. Marriage of person to animal.,,,B640. Marriage to person in animal form.,B641.4. Marriage to person in ass form. (Cf. D132.1.),Animals,Marriage of person to animal,,,Marriage to person in animal form
374,495,ATU 430 Donkey,D721.3. Disenchantment by destroying skin (covering).,430,D721.3,Disenchantment by destroying skin (covering).,D. Magic.,D700–D799. Disenchantment.,,,D720. Disenchantment by removing (destroying) covering of enchanted person.,D721.3. Disenchantment by destroying skin (covering).,Magic,Disenchantment,,,Disenchantment by removing (destroying) covering of enchanted person
375,496,ATU 431 The House in the Forest,D1890. Magic aging.,431,D1890,Magic aging.,D. Magic.,D1700–D2199. Magic powers and manifestations.,D1800–D2199. Manifestations of magic power.,D1800–D1949. Lasting magic qualities.,D1890. Magic aging.,D1890. Magic aging. (Cf. D1857.),Magic,Magic powers and manifestations,Manifestations of magic power,Lasting magic qualities,Magic aging
376,497,ATU 431 The House in the Forest,Q2. Kind and unkind.,431,Q2,Kind and unkind.,Q. Rewards and punishments.,,,,Q0. Rewards and punishments.,Q2. Kind and unkind. Churlish person disregards requests of old person (animal) and is punished. Courteous person (often youngest brother or sister) complies and is rewarded.,Rewards and punishments,,,,Rewards and punishments
377,498,ATU 431 The House in the Forest,L54. Compassionate youngest daughter.,431,L54,Compassionate youngest daughter.,L. Reversal of fortune.,L0–L99. Victorious youngest child.,,,L50. Victorious youngest daughter.,L54. Compassionate youngest daughter.,Reversal of fortune,Victorious youngest child,,,Victorious youngest daughter
378,499,ATU 431 The House in the Forest,L162. Lowly heroine marries prince (king).,431,L162,Lowly heroine marries prince (king).,L. Reversal of fortune.,L100–L199. Unpromising hero (heroine).,,,L160. Success of the unpromising hero (heroine).,L162. Lowly heroine marries prince (king).,Reversal of fortune,Unpromising hero (heroine),,,Success of the unpromising hero (heroine)
379,500,ATU 432 The Prince as a Bird,L221. Modest request: present from the journey,432,L221,Modest request: present from the journey,L. Reversal of fortune.,L200–L299. Modesty brings reward.,,,L220. Modest request best.,"L221. Modest request: present from the journey. Asked what her father shall bring her as a present, the heroine chooses a modest gift. It is usually a flower but sometimes does not turn out to be such a simple gift after all (golden cloak, golden apple).",Reversal of fortune,Modesty brings reward,,,Modest request best
380,501,ATU 432 The Prince as a Bird,D641.1. Lover as bird visits mistress.,432,D641.1,Lover as bird visits mistress.,D. Magic.,D0–D699. Transformation.,D600–D699. Miscellaneous transformation incidents.,,D640. Reasons for voluntary transformation.,D641.1. Lover as bird visits mistress.,Magic,Transformation,Miscellaneous transformation incidents,,Reasons for voluntary transformation
381,502,ATU 432 The Prince as a Bird,K2212.1. Treacherous stepsisters.,432,K2212.1,Treacherous stepsisters.,K. Deceptions.,K2200–K2299. Villains and traitors.,,,K2210. Treacherous relatives.,K2212.1. Treacherous stepsisters.,Deceptions,Villains and traitors,,,Treacherous relatives
382,503,ATU 432 The Prince as a Bird,S181. Wounding by trapping with sharp knives (glass).,432,S181,Wounding by trapping with sharp knives (glass).,S. Unnatural cruelty.,S100–S199. Revolting murders or mutilations.,,,S180. Wounding or torturing.,S181. Wounding by trapping with sharp knives (glass).,Unnatural cruelty,Revolting murders or mutilations,,,Wounding or torturing
383,504,ATU 432 The Prince as a Bird,K1837. Disguise of woman in man's clothes.,432,K1837,Disguise of woman in man's clothes.,K. Deceptions.,K1700–K2099. Deception through shams.,K1800–K1899. Deception by disguise or illusion.,,K1810. Deception by disguise.,K1837. Disguise of woman in man's clothes. (Cf. K1825.),Deceptions,Deception through shams,Deception by disguise or illusion,,Deception by disguise
384,505,ATU 432 The Prince as a Bird,H1385.5. Quest for vanished lover.,432,H1385.5,Quest for vanished lover.,H. Tests.,H1200–H1399. Tests of prowess: quests.,H1250–H1399. Nature of quests.,,H1370. Miscellaneous quests.,H1385.5. Quest for vanished lover. (Cf. H1381.2.1.1.),Tests,Tests of prowess: quests,Nature of quests,,Miscellaneous quests
385,506,ATU 432 The Prince as a Bird,N452. Secret remedy overheard in conversation of animals (witches).,432,N452,Secret remedy overheard in conversation of animals (witches).,N. Chance and fate.,N400–N699. Lucky accidents.,N440–N499. Valuable secrets learned.,,N450. Secrets overheard.,N452. Secret remedy overheard in conversation of animals (witches).,Chance and fate,Lucky accidents,Valuable secrets learned,,Secrets overheard
386,508,ATU 433B King Lindorm,T554.7. Woman gives birth to a snake.,433B,T554.7,Woman gives birth to a snake.,T. Sex.,T500–T599. Conception and birth.,,,T550. Monstrous births.,T554.7. Woman gives birth to a snake.,Sex,Conception and birth,,,Monstrous births
387,509,433B King Lindorm,D766. Disenchantment by liquid.,433B,D766,Disenchantment by liquid.,D. Magic.,D700–D799. Disenchantment.,,,D760. Disenchantment by miscellaneous means.,D766. Disenchantment by liquid.,Magic,Disenchantment,,,Disenchantment by miscellaneous means
388,510,433B King Lindorm,Transformation: man to bird,433B,D150,Transformation: man to bird,D. Magic.,D0–D699. Transformation.,D100–D199. Transformation: man to animal.,,D150. Transformation: man to bird.,D150. Transformation: man to bird. (Cf. B644.),Magic,Transformation,Transformation: man to animal,,Transformation: man to bird
389,511,ATU 434 Stolen Jewelry,T24.1. Love-sickness.,434,T24.1,Love-sickness.,T. Sex.,T0–T99. Love.,,,T10. Falling in love.,T24.1. Love-sickness.,Sex,Love,,,Falling in love
390,512,ATU 434 Stolen Jewelry,H1385.5. Quest for vanished lover.,434,H1385.5,Quest for vanished lover.,H. Tests.,H1200–H1399. Tests of prowess: quests.,H1250–H1399. Nature of quests.,,H1370. Miscellaneous quests.,H1385.5. Quest for vanished lover. (Cf. H1381.2.1.1.),Tests,Tests of prowess: quests,Nature of quests,,Miscellaneous quests
391,513,ATU 434 Stolen Jewelry,H1233.1. Old person as helper on quest.,434,H1233.1,Old person as helper on quest.,H. Tests.,H1200–H1399. Tests of prowess: quests.,H1200–H1249. Attendant circumstances of quests.,,H1230. Accomplishment of quests.,H1233.1. Old person as helper on quest.,Tests,Tests of prowess: quests,Attendant circumstances of quests,,Accomplishment of quests
392,514,ATU 434 Stolen Jewelry,D700. Person disenchanted.,434,D700,Person disenchanted.,D. Magic.,D700–D799. Disenchantment.,,,D700. Person disenchanted.,D700. Person disenchanted.,Magic,Disenchantment,,,Person disenchanted
393,515,ATU 440 The Frog King or Iron Henry,C41.2. Tabu: letting ball fall into water.,440,C41.2,Tabu: letting ball fall into water.,C. Tabu.,C0–C99. Tabu connected with supernatural beings.,,,"C40. Tabu: offending spirits of water, mountain, etc.",C41.2. Tabu: letting ball fall into water.,Tabu,Tabu connected with supernatural beings,,,"Tabu: offending spirits of water, mountain, etc"
394,516,ATU 440 The Frog King or Iron Henry,B211.7.1. Speaking frog.,440,B211.7.1,Speaking frog.,B. Animals.,B200–B299. Animals with human traits.,,,B210. Speaking animals.,B211.7.1. Speaking frog.,Animals,Animals with human traits,,,Speaking animals
395,517,ATU 440 The Frog King or Iron Henry,S215.1. Girl promises herself to animal suitor.,440,S215.1,Girl promises herself to animal suitor.,S. Unnatural cruelty.,S200–S299. Cruel sacrifices.,,,S210. Children sold or promised.,S215.1. Girl promises herself to animal suitor.,Unnatural cruelty,Cruel sacrifices,,,Children sold or promised
396,518,ATU 440 The Frog King or Iron Henry,D789. Other means of disenchantment.,440,D789,Other means of disenchantment.,D. Magic.,D700–D799. Disenchantment.,,,D760. Disenchantment by miscellaneous means.,D789. Other means of disenchantment.,Magic,Disenchantment,,,Disenchantment by miscellaneous means
397,519,ATU 440 The Frog King or Iron Henry,F875. Iron bands around heart to keep it from breaking.,440,F875,Iron bands around heart to keep it from breaking.,F. Marvels.,F700-F899. Extraordinary places and things.,,,F840. Other extraordinary objects and places.,"F875. Iron bands around heart to keep it from breaking. When master is disenchanted, bands around heart of faithful servant snap one by one.",Marvels,-F899. Extraordinary places and things,,,Other extraordinary objects and places
398,520,ATU 441 Hans My Hedgehog,C758.1. Monster born because of hasty (inconsiderate) wish of parents.,441,C758.1,Monster born because of hasty (inconsiderate) wish of parents.,C. Tabu.,C700–C899. Miscellaneous tabus.,,,C750. Time tabus.,C758.1. Monster born because of hasty (inconsiderate) wish of parents.,Tabu,Miscellaneous tabus,,,Time tabus
399,521,ATU 441 Hans My Hedgehog,T554. Woman gives birth to animal.,441,T554,Woman gives birth to animal.,T. Sex.,T500–T599. Conception and birth.,,,T550. Monstrous births.,T554. Woman gives birth to animal.,Sex,Conception and birth,,,Monstrous births
400,522,ATU 441 Hans My Hedgehog,S226. Child promised to devil for directions out of woods when father is lost.,441,S226,Child promised to devil for directions out of woods when father is lost.,S. Unnatural cruelty.,S200–S299. Cruel sacrifices.,,,S220. Reasons for promise (sale) of child.,S226. Child promised to devil for directions out of woods when father is lost.,Unnatural cruelty,Cruel sacrifices,,,Reasons for promise (sale) of child
401,523,ATU 441 Hans My Hedgehog,B641.5. Marriage to person in hedgehog form.,441,B641.5,Marriage to person in hedgehog form.,B. Animals.,B600–B699. Marriage of person to animal.,,,B640. Marriage to person in animal form.,B641.5. Marriage to person in hedgehog form.,Animals,Marriage of person to animal,,,Marriage to person in animal form
402,524,ATU 441 Hans My Hedgehog,D721.3. Disenchantment by destroying skin (covering).,441,D721.3,Disenchantment by destroying skin (covering).,D. Magic.,D700–D799. Disenchantment.,,,D720. Disenchantment by removing (destroying) covering of enchanted person.,D721.3. Disenchantment by destroying skin (covering).,Magic,Disenchantment,,,Disenchantment by removing (destroying) covering of enchanted person
403,525,ATU 442 The Old Woman in the Forest,D1076. Magic ring.,442,D1076,Magic ring.,D. Magic.,D800–D1699. Magic objects.,D900–D1299. Kinds of magic objects.,,D1070. Magic ornaments.,D1076. Magic ring.,Magic,Magic objects,Kinds of magic objects,,Magic ornaments
404,526,ATU 442 The Old Woman in the Forest,D431.2. Transformation: tree to person.,442,D431.2,Transformation: tree to person.,D. Magic.,D0–D699. Transformation.,D400–D499. Other forms of transformation.,,D430. Transformation: object to person.,D431.2. Transformation: tree to person.,Magic,Transformation,Other forms of transformation,,Transformation: object to person
405,527,ATU 442 The Old Woman in the Forest,L162. Lowly heroine marries prince (king).,442,L162,Lowly heroine marries prince (king).,L. Reversal of fortune.,L100–L199. Unpromising hero (heroine).,,,L160. Success of the unpromising hero (heroine).,L162. Lowly heroine marries prince (king).,Reversal of fortune,Unpromising hero (heroine),,,Success of the unpromising hero (heroine)
406,529,ATU 444* Enchanted Prince Disenchanted,D100. Transformation: man to animal.,444*,D100,Transformation: man to animal.,D. Magic.,D0–D699. Transformation.,D100–D199. Transformation: man to animal.,,D100. Transformation: man to animal.,D100. Transformation: man to animal.,Magic,Transformation,Transformation: man to animal,,Transformation: man to animal
407,530,ATU 444* Enchanted Prince Disenchanted,D700. Person disenchanted.,444*,D700,Person disenchanted.,D. Magic.,D700–D799. Disenchantment.,,,D700. Person disenchanted.,D700. Person disenchanted.,Magic,Disenchantment,,,Person disenchanted
408,531,ATU 449 Sidi Numan,D141. Transformation: man to dog,449,D141,Transformation: man to dog,D. Magic.,D0–D699. Transformation.,D100–D199. Transformation: man to animal.,D110–D149. Transformation: man to mammal.,D130. Transformation: man to domestic beast (mammal).,D141. Transformation: man to dog. (Cf. B641.1.),Magic,Transformation,Transformation: man to animal,Transformation: man to mammal,Transformation: man to domestic beast (mammal)
409,532,ATU 449 Sidi Numan,D700. Person disenchanted.,449,D700,Person disenchanted.,D. Magic.,D700–D799. Disenchantment.,,,D700. Person disenchanted.,D700. Person disenchanted.,Magic,Disenchantment,,,Person disenchanted
410,533,ATU 449 Sidi Numan,D132.1. Transformation: man to ass. (woman),449,D132.1,Transformation: man to ass. (woman),D. Magic.,D0–D699. Transformation.,D100–D199. Transformation: man to animal.,D110–D149. Transformation: man to mammal.,D130. Transformation: man to domestic beast (mammal).,D132.1. Transformation: man to ass. (Cf. B641.4.),Magic,Transformation,Transformation: man to animal,Transformation: man to mammal,Transformation: man to domestic beast (mammal)
411,534,ATU 450 Little Brother and Little Sister,S31. Cruel stepmother.,450,S31,Cruel stepmother.,S. Unnatural cruelty.,S0–S99. Cruel relatives.,,,S30. Cruel step- and foster relatives.,S31. Cruel stepmother.,Unnatural cruelty,Cruel relatives,,,Cruel step- and foster relatives
412,535,ATU 450 Little Brother and Little Sister,D555. Transformation by drinking.,450,D555,Transformation by drinking.,D. Magic.,D0–D699. Transformation.,D500–D599. Means of transformation.,,D550. Transformation by eating or drinking.,D555. Transformation by drinking.,Magic,Transformation,Means of transformation,,Transformation by eating or drinking
413,536,ATU 450 Little Brother and Little Sister,D114.1.1. Transformation: man to deer.,450,D114.1.1,Transformation: man to deer.,D. Magic.,D0–D699. Transformation.,D100–D199. Transformation: man to animal.,D110–D149. Transformation: man to mammal.,D110. Transformation: man to wild beast (mammal).,D114.1.1. Transformation: man to deer. (Cf. B641.2.),Magic,Transformation,Transformation: man to animal,Transformation: man to mammal,Transformation: man to wild beast (mammal)
414,537,ATU 450 Little Brother and Little Sister,P253.2. Sister faithful to transformed brother.,450,P253.2,Sister faithful to transformed brother.,P. Society.,P200–P299. The family.,,,P250. Brothers and sisters.,P253.2. Sister faithful to transformed brother.,Society,The family,,,Brothers and sisters
415,538,ATU 450 Little Brother and Little Sister,N711.1. King (prince) finds maiden in woods (tree) and marries her.,450,N711.1,King (prince) finds maiden in woods (tree) and marries her.,N. Chance and fate.,N700–N799. Accidental encounters.,,,N710. Accidental meeting of hero and heroine.,N711.1. King (prince) finds maiden in woods (tree) and marries her.,Chance and fate,Accidental encounters,,,Accidental meeting of hero and heroine
416,539,ATU 450 Little Brother and Little Sister,K1911.1.2. False bride takes true bride's place when child is born.,450,K1911.1.2,False bride takes true bride's place when child is born.,K. Deceptions.,K1700–K2099. Deception through shams.,K1900–K1999. Impostures.,,K1910. Marital impostors.,K1911.1.2. False bride takes true bride's place when child is born.,Deceptions,Deception through shams,Impostures,,Marital impostors
417,540,ATU 450 Little Brother and Little Sister,D150. Transformation: man to bird.,450,D150,Transformation: man to bird.,D. Magic.,D0–D699. Transformation.,D100–D199. Transformation: man to animal.,,D150. Transformation: man to bird.,D150. Transformation: man to bird. (Cf. B644.),Magic,Transformation,Transformation: man to animal,,Transformation: man to bird
418,541,ATU 450 Little Brother and Little Sister,D688. Transformed mother suckles child.,450,D688,Transformed mother suckles child.,D. Magic.,D0–D699. Transformation.,D600–D699. Miscellaneous transformation incidents.,,D680. Miscellaneous circumstances of transformation.,D688. Transformed mother suckles child.,Magic,Transformation,Miscellaneous transformation incidents,,Miscellaneous circumstances of transformation
419,542,ATU 450 Little Brother and Little Sister,H13. Recognition by overheard conversation (usually with animals or objects).,450,H13,Recognition by overheard conversation (usually with animals or objects).,H. Tests.,H0–H199. Identity tests: Recognition.,,,H10. Recognition through common knowledge.,H13. Recognition by overheard conversation (usually with animals or objects). Person not daring to reveal self directly thus attracts attention and recognition.,Tests,Identity tests: Recognition,,,Recognition through common knowledge
420,543,451 The Maiden who Seeks Her Brothers,"P253.0.5. One sister and six (seven, eleven, twelve) brothers.",451,P253.0.5,"One sister and six (seven, eleven, twelve) brothers.",P. Society.,P200–P299. The family.,,,P250. Brothers and sisters.,"P253.0.5. One sister and six (seven, eleven, twelve) brothers.",Society,The family,,,Brothers and sisters
421,544,451 The Maiden who Seeks Her Brothers,P253.2. Sister faithful to transformed brother.,451,P253.2,Sister faithful to transformed brother.,P. Society.,P200–P299. The family.,,,P250. Brothers and sisters.,P253.2. Sister faithful to transformed brother.,Society,The family,,,Brothers and sisters
422,545,451 The Maiden who Seeks Her Brothers,D161.1. Transformation: man to swan,451,D161.1,Transformation: man to swan,D. Magic.,D0–D699. Transformation.,D100–D199. Transformation: man to animal.,,D150. Transformation: man to bird.,D161.1. Transformation: man to swan.,Magic,Transformation,Transformation: man to animal,,Transformation: man to bird
423,546,451 The Maiden who Seeks Her Brothers,D758. Disenchantment by maintaining silence,451,D758,Disenchantment by maintaining silence,D. Magic.,D700–D799. Disenchantment.,,,D750. Disenchantment by faithfulness of others.,D758. Disenchantment by maintaining silence.,Magic,Disenchantment,,,Disenchantment by faithfulness of others
424,547,451 The Maiden who Seeks Her Brothers,D753.1. Disenchantment by sewing shirts for enchanted brothers.,451,D753.1,Disenchantment by sewing shirts for enchanted brothers.,D. Magic.,D700–D799. Disenchantment.,,,D750. Disenchantment by faithfulness of others.,D753.1. Disenchantment by sewing shirts for enchanted brothers.,Magic,Disenchantment,,,Disenchantment by faithfulness of others
425,548,451 The Maiden who Seeks Her Brothers,K2116.1.1. Innocent woman accused of killing her new-born children.,451,K2116.1.1,Innocent woman accused of killing her new-born children.,K. Deceptions.,K2100–K2199. False accusations.,,,K2110. Slanders.,K2116.1.1. Innocent woman accused of killing her new-born children.,Deceptions,False accusations,,,Slanders
426,549,ATU 460A Journey to God (Fortune),"J1262.5. †J1262.5. Parishioner hears preacher say that alms are returned ""100 to 1"".",460A,J1262.5,"Parishioner hears preacher say that alms are returned ""100 to 1"".",J. The wise and the foolish.,J1100–J1699. Cleverness.,J1250–J1499. Clever verbal retorts (repartee).,,J1260. Repartee based on church or clergy.,"J1262.5. Parishioner hears preacher say that alms are returned ""100 to 1"". Chops down crucifix and takes money from box. Is told that such return would take place in other world. ""I won't need money then, but I can use it now.""",The wise and the foolish,Cleverness,Clever verbal retorts (repartee),,Repartee based on church or clergy
427,550,ATU 460A Journey to God (Fortune),H1291. †H1291. Questions asked on way to other world.,460A,H1291,Questions asked on way to other world.,H. Tests.,H1200–H1399. Tests of prowess: quests.,H1250–H1399. Nature of quests.,H1250–H1299. Quests to the other world.,H1290. Quests to the other world – miscellaneous motifs.,H1291. Questions asked on way to other world.,Tests,Tests of prowess: quests,Nature of quests,Quests to the other world,Quests to the other world – miscellaneous motifs
428,551,ATU 460A Journey to God (Fortune),H1292. †H1292. Answers found in other world to questions propounded on the way.,460A,H1292,Answers found in other world to questions propounded on the way.,H. Tests.,H1200–H1399. Tests of prowess: quests.,H1250–H1399. Nature of quests.,H1250–H1299. Quests to the other world.,H1290. Quests to the other world – miscellaneous motifs.,"H1292. Answers found in other world to questions propounded on the way. (Cf. H1278, H1282, H1283, H1284.)",Tests,Tests of prowess: quests,Nature of quests,Quests to the other world,Quests to the other world – miscellaneous motifs
429,552,ATU 460B Journey in Search of Fortune,H1281. †H1281. Quest to Fortune to seek fortune.,460B,H1281,Quest to Fortune to seek fortune.,H. Tests.,H1200–H1399. Tests of prowess: quests.,H1250–H1399. Nature of quests.,H1250–H1299. Quests to the other world.,H1280. Quests to other realms.,H1281. Quest to Fortune to seek fortune.,Tests,Tests of prowess: quests,Nature of quests,Quests to the other world,Quests to other realms
430,553,ATU 460B Journey in Search of Fortune,N127.0.1. †N127.0.1. Different kinds of luck attending persons born on the several days of the week.,460B,N127.0.1,Different kinds of luck attending persons born on the several days of the week.,N. Chance and fate.,N100–N299. The ways of luck and fate.,N100–N169. Nature of luck and fate.,,N120. Determination of luck or fate.,N127.0.1. Different kinds of luck attending persons born on the several days of the week.,Chance and fate,The ways of luck and fate,Nature of luck and fate,,Determination of luck or fate
431,554,ATU 461 Three Hairs from the Devil's Beard,H1273.2. †H1273.2. Quest for three hairs from devil's beard.,461,H1273.2,Quest for three hairs from devil's beard.,H. Tests.,H1200–H1399. Tests of prowess: quests.,H1250–H1399. Nature of quests.,H1250–H1299. Quests to the other world.,H1270. Quest to lower world.,H1273.2. Quest for three hairs from devil's beard.,Tests,Tests of prowess: quests,Nature of quests,Quests to the other world,Quest to lower world
432,555,ATU 461 Three Hairs from the Devil's Beard,H1291. †H1291. Questions asked on way to other world.,461,H1291,Questions asked on way to other world.,H. Tests.,H1200–H1399. Tests of prowess: quests.,H1250–H1399. Nature of quests.,H1250–H1299. Quests to the other world.,H1290. Quests to the other world – miscellaneous motifs.,H1291. Questions asked on way to other world.,Tests,Tests of prowess: quests,Nature of quests,Quests to the other world,Quests to the other world – miscellaneous motifs
433,556,ATU 461 Three Hairs from the Devil's Beard,G530.1. †G530.1. Help from ogre's wife (mistress).,461,G530.1,Help from ogre's wife (mistress).,G. Ogres.,G500–G599. Ogre defeated.,,,G530. Ogre's relative aids hero.,G530.1. Help from ogre's wife (mistress).,Ogres,Ogre defeated,,,Ogre's relative aids hero
434,557,ATU 461 Three Hairs from the Devil's Beard,Q521.5. †Q521.5. Penance: ferryman setting people over a stream until relieved by another.,461,Q521.5,Penance: ferryman setting people over a stream until relieved by another.,Q. Rewards and punishments.,Q400–Q599. Kinds of punishment.,,,Q520. Penances.,Q521.5. Penance: ferryman setting people over a stream until relieved by another.,Rewards and punishments,Kinds of punishment,,,Penances
435,558,ATU 461 Three Hairs from the Devil's Beard,A1111. †A1111. Impounded water.,461,A1111,Impounded water.,A. Mythological motifs.,A1100–A1199. Establishment of natural order.,,,A1110. Establishment of present order: waters.,A1111. Impounded water. Water is kept by monster so that mankind cannot use it. A hero defeats the monster and releases the water. (The monster is sometimes a giant frog.),Mythological motifs,Establishment of natural order,,,Establishment of present order: waters
436,559,ATU 461 Three Hairs from the Devil's Beard,P413.1.1. †P413.1.1. Ferryman puts oar into king's hand and he must remain ferryman.,461,P413.1.1,Ferryman puts oar into king's hand and he must remain ferryman.,P. Society.,P400–P499. Trades and professions.,,,P410. Laborers.,P413.1.1. Ferryman puts oar into king's hand and he must remain ferryman.,Society,Trades and professions,,,Laborers
437,561,ATU 462 The Outcast Queens and the Ogress Queen,G405. †G405. Man on hunt falls into ogre's (witch's) power.,462,G405,Man on hunt falls into ogre's (witch's) power.,G. Ogres.,G400–G499. Falling into ogre's power.,,,G400. Person falls into ogre's power.,G405. Man on hunt falls into ogre's (witch's) power.,Ogres,Falling into ogre's power,,,Person falls into ogre's power
438,562,ATU 462 The Outcast Queens and the Ogress Queen,G264. †G264. La Belle Dame Sans Merci.,462,G264,La Belle Dame Sans Merci.,G. Ogres.,G10–G399. Kinds of ogres.,G200–G299. Witches.,,G260. Evil deeds of witches.,G264. La Belle Dame Sans Merci. Witch entices men with offers of love and then deserts or destroys them.,Ogres,Kinds of ogres,Witches,,Evil deeds of witches
439,563,ATU 462 The Outcast Queens and the Ogress Queen,S435. †S435. Cast-off wife abandoned in pit.,462,S435,Cast-off wife abandoned in pit.,S. Unnatural cruelty.,S400–S499. Cruel persecutions.,,,S430. Disposal of cast-off wife.,S435. Cast-off wife abandoned in pit. (Cf. T581.2.),Unnatural cruelty,Cruel persecutions,,,Disposal of cast-off wife
440,564,ATU 462 The Outcast Queens and the Ogress Queen,S438. †S438. Abandoned queen blinded.,462,S438,Abandoned queen blinded.,S. Unnatural cruelty.,S400–S499. Cruel persecutions.,,,S430. Disposal of cast-off wife.,S438. Abandoned queen blinded.,Unnatural cruelty,Cruel persecutions,,,Disposal of cast-off wife
441,565,ATU 462 The Outcast Queens and the Ogress Queen,L71. †L71. Only the youngest of group of imprisoned women refuses to eat her newborn child.,462,L71,Only the youngest of group of imprisoned women refuses to eat her newborn child.,L. Reversal of fortune.,L0–L99. Victorious youngest child.,,,L70. Youngest of group victorious.,L71. Only the youngest of group of imprisoned women refuses to eat her newborn child.,Reversal of fortune,Victorious youngest child,,,Youngest of group victorious
442,566,ATU 462 The Outcast Queens and the Ogress Queen,K511. †K511. Uriah letter changed. Falsified order of execution,462,K511,Uriah letter changed. Falsified order of execution,K. Deceptions.,K500–K699. Escape by deception.,,,K510. Death order evaded.,K511. Uriah letter changed. Falsified order of execution. A messenger is sent with a letter ordering the recipient to kill the bearer. On the way the letter is changed so that the bearer is honored.,Deceptions,Escape by deception,,,Death order evaded
443,567,ATU 465 Man Persecuted because of his Beautiful Wife,B642. †B642. Marriage to person in bird form,465,B642,Marriage to person in bird form,B. Animals.,B600–B699. Marriage of person to animal.,,,B640. Marriage to person in animal form.,"B642. Marriage to person in bird form. (Cf. B602, D150.)",Animals,Marriage of person to animal,,,Marriage to person in animal form
444,568,ATU 465 Man Persecuted because of his Beautiful Wife,D721.3. †D721.3. Disenchantment by destroying skin (covering).,465,D721.3,Disenchantment by destroying skin (covering).,D. Magic.,D700–D799. Disenchantment.,,,D720. Disenchantment by removing (destroying) covering of enchanted person.,D721.3. Disenchantment by destroying skin (covering).,Magic,Disenchantment,,,Disenchantment by removing (destroying) covering of enchanted person
445,569,ATU 465 Man Persecuted because of his Beautiful Wife,H911. †H911. Tasks assigned at suggestion of jealous rivals.,465,H911,Tasks assigned at suggestion of jealous rivals.,H. Tests.,H900–H1199. Tests of prowess: tasks.,H900–H999. Assignment and performance of tasks.,H900–H949. Assignment of tasks.,H910. Assignment of tasks in response to suggestion.,H911. Tasks assigned at suggestion of jealous rivals.,Tests,Tests of prowess: tasks,Assignment and performance of tasks,Assignment of tasks,Assignment of tasks in response to suggestion
446,570,ATU 465 Man Persecuted because of his Beautiful Wife,H931. †H931. Tasks assigned in order to get rid of hero,465,H931,Tasks assigned in order to get rid of hero,H. Tests.,H900–H1199. Tests of prowess: tasks.,H900–H999. Assignment and performance of tasks.,H900–H949. Assignment of tasks.,H920. Assigners of tasks.,H931. Tasks assigned in order to get rid of hero.,Tests,Tests of prowess: tasks,Assignment and performance of tasks,Assignment of tasks,Assigners of tasks
447,571,ATU 465 Man Persecuted because of his Beautiful Wife,H1335. †H1335. Quest for the living harp.,465,H1335,Quest for the living harp.,H. Tests.,H1200–H1399. Tests of prowess: quests.,H1250–H1399. Nature of quests.,,H1320. Quest for marvelous objects or animals.,H1335. Quest for the living harp.,Tests,Tests of prowess: quests,Nature of quests,,Quest for marvelous objects or animals
448,572,ATU 465 Man Persecuted because of his Beautiful Wife,H1090. †H1090. Tasks requiring miraculous speed.,465,H1090,Tasks requiring miraculous speed.,H. Tests.,H900–H1199. Tests of prowess: tasks.,H1000–H1199. Nature of tasks.,,H1090. Tasks requiring miraculous speed.,H1090. Tasks requiring miraculous speed.,Tests,Tests of prowess: tasks,Nature of tasks,,Tasks requiring miraculous speed
449,573,ATU 465 Man Persecuted because of his Beautiful Wife,"H1023.3. †H1023.3. Task: bringing berries (fruit, roses) in winter.",465,H1023.3,"Task: bringing berries (fruit, roses) in winter.",H. Tests.,H900–H1199. Tests of prowess: tasks.,H1000–H1199. Nature of tasks.,H1010–H1049. Impossible or absurd tasks.,H1020. Tasks contrary to laws of nature.,"H1023.3. Task: bringing berries (fruit, roses) in winter.",Tests,Tests of prowess: tasks,Nature of tasks,Impossible or absurd tasks,Tasks contrary to laws of nature
450,574,ATU 465 Man Persecuted because of his Beautiful Wife,H1233.2.1. †H1233.2.1. Quest accomplished with aid of wife.,465,H1233.2.1,Quest accomplished with aid of wife.,H. Tests.,H1200–H1399. Tests of prowess: quests.,H1200–H1249. Attendant circumstances of quests.,,H1230. Accomplishment of quests.,H1233.2.1. Quest accomplished with aid of wife.,Tests,Tests of prowess: quests,Attendant circumstances of quests,,Accomplishment of quests
451,579,ATU 317 The Tree That Grows uo tp the Sky,F54.1. †F54.1. Tree stretches to sky,317,F54.1,Tree stretches to sky,F. Marvels.,F0–F199. Other world journeys.,F10–F79. The upper world.,,F50. Access to upper world.,F54.1. Tree stretches to sky.,Marvels,Other world journeys,The upper world,,Access to upper world
452,580,ATU 317 The Tree That Grows uo tp the Sky,B11.11. †B11.11. Fight with dragon.,317,B11.11,Fight with dragon.,B. Animals.,B0–B99. Mythical animals.,,,B10. Mythical beasts and hybrids.,B11.11. Fight with dragon.,Animals,Mythical animals,,,Mythical beasts and hybrids
453,581,ATU 470 Friends in Life and Death,M253. †M253. Friends in life and death.,470,M253,Friends in life and death.,M. Ordaining the future.,M200–M299. Bargains and promises.,,,M250. Promises connected with death.,"M253. Friends in life and death. In pursuance of the pledge, the living follows the other to the world of the dead.",Ordaining the future,Bargains and promises,,,Promises connected with death
454,582,ATU 470 Friends in Life and Death,E238. †E238. Dinner with the dead.,470,E238,Dinner with the dead.,E. The dead.,E200–E599. Ghosts and other revenants.,E200–E299. Malevolent return from the dead.,,E230. Return from dead to inflict punishment.,E238. Dinner with the dead. Dead man is invited to dinner. Takes his host to other world.,The dead,Ghosts and other revenants,Malevolent return from the dead,,Return from dead to inflict punishment
455,583,ATU 470 Friends in Life and Death,F171.2. †F171.2. Broad and narrow road in otherworld.,470,F171.2,Broad and narrow road in otherworld.,F. Marvels.,F0–F199. Other world journeys.,F110–F199. Miscellaneous otherworlds.,,F170. Otherworld – miscellaneous motifs.,F171.2. Broad and narrow road in otherworld.,Marvels,Other world journeys,Miscellaneous otherworlds,,Otherworld – miscellaneous motifs
456,584,ATU 470 Friends in Life and Death,F171.1. †F171.1. Fat and lean kine in otherworld.,470,F171.1,Fat and lean kine in otherworld.,F. Marvels.,F0–F199. Other world journeys.,F110–F199. Miscellaneous otherworlds.,,F170. Otherworld – miscellaneous motifs.,F171.1. Fat and lean kine in otherworld.,Marvels,Other world journeys,Miscellaneous otherworlds,,Otherworld – miscellaneous motifs
457,585,ATU 470 Friends in Life and Death,D2011. †D2011. Years thought days,470,D2011,Years thought days,D. Magic.,D1700–D2199. Magic powers and manifestations.,D1800–D2199. Manifestations of magic power.,D1950–D2049. Temporary magic characteristics.,D2000. Magic forgetfulness.,D2011. Years thought days. (Cf. F379.5.) Years spent in the other world or asleep seem as days because of magic forgetfulness.,Magic,Magic powers and manifestations,Manifestations of magic power,Temporary magic characteristics,Magic forgetfulness
458,586,ATU 470A The Offended Skull,E238. †E238. Dinner with the dead,470A,E238,Dinner with the dead,E. The dead.,E200–E599. Ghosts and other revenants.,E200–E299. Malevolent return from the dead.,,E230. Return from dead to inflict punishment.,E238. Dinner with the dead. Dead man is invited to dinner. Takes his host to other world.,The dead,Ghosts and other revenants,Malevolent return from the dead,,Return from dead to inflict punishment
459,587,ATU 470A The Offended Skull,C13. †C13. The offended skull (statue) (Festin de Pierre).,470A,C13,The offended skull (statue) (Festin de Pierre).,C. Tabu.,C0–C99. Tabu connected with supernatural beings.,,,"C10. Tabu: profanely calling up spirit (devil, etc.).",C13. The offended skull (statue) (Festin de Pierre). A skull (statue) is invited to dinner. Attends the dinner and takes his host off to the other world.,Tabu,Tabu connected with supernatural beings,,,"Tabu: profanely calling up spirit (devil, etc.)"
460,588,ATU 470B Land Where No One Dies,F116. †F116. Journey to the Land of the Immortals.,470B,F116,Journey to the Land of the Immortals.,F. Marvels.,F0–F199. Other world journeys.,F110–F199. Miscellaneous otherworlds.,,F110. Journey to terrestrial otherworlds.,F116. Journey to the Land of the Immortals.,Marvels,Other world journeys,Miscellaneous otherworlds,,Journey to terrestrial otherworlds
461,589,ATU 471 The Bridge to the Otherworld,H1385.6. †H1385.6. Quest for lost sister,471,H1385.6,Quest for lost sister,H. Tests.,H1200–H1399. Tests of prowess: quests.,H1250–H1399. Nature of quests.,,H1370. Miscellaneous quests.,H1385.6. Quest for lost sister.,Tests,Tests of prowess: quests,Nature of quests,,Miscellaneous quests
462,590,ATU 471 The Bridge to the Otherworld,H1251. †H1251. Quest to other world for samples of magic animals' food.,471,H1251,Quest to other world for samples of magic animals' food.,H. Tests.,H1200–H1399. Tests of prowess: quests.,H1250–H1399. Nature of quests.,H1250–H1299. Quests to the other world.,H1250. Quests to the other world.,H1251. Quest to other world for samples of magic animals' food.,Tests,Tests of prowess: quests,Nature of quests,Quests to the other world,Quests to the other world
463,591,ATU 471 The Bridge to the Otherworld,E481.2.1. †E481.2.1. Bridge to land of dead.,471,E481.2.1,Bridge to land of dead.,E. The dead.,E200–E599. Ghosts and other revenants.,E400–E599. Ghosts and revenants – miscellaneous.,,E480. Abode of the dead.,E481.2.1. Bridge to land of dead.,The dead,Ghosts and other revenants,Ghosts and revenants – miscellaneous,,Abode of the dead
464,592,ATU 471 The Bridge to the Otherworld,F171. †F171. Extraordinary sights in otherworld.,471,F171,Extraordinary sights in otherworld.,F. Marvels.,F0–F199. Other world journeys.,F110–F199. Miscellaneous otherworlds.,,F170. Otherworld – miscellaneous motifs.,F171. Extraordinary sights in otherworld.,Marvels,Other world journeys,Miscellaneous otherworlds,,Otherworld – miscellaneous motifs
465,593,ATU 471 The Bridge to the Otherworld,F171.3. †F171.3. People and things that strike one another in otherworld.,471,F171.3,People and things that strike one another in otherworld.,F. Marvels.,F0–F199. Other world journeys.,F110–F199. Miscellaneous otherworlds.,,F170. Otherworld – miscellaneous motifs.,F171.3. People and things that strike one another in otherworld.,Marvels,Other world journeys,Miscellaneous otherworlds,,Otherworld – miscellaneous motifs
466,594,ATU 471 The Bridge to the Otherworld,F171.5. †F171.5. Animals in otherworld pass in and out of church and become human beings,471,F171.5,Animals in otherworld pass in and out of church and become human beings,F. Marvels.,F0–F199. Other world journeys.,F110–F199. Miscellaneous otherworlds.,,F170. Otherworld – miscellaneous motifs.,F171.5. Animals in otherworld pass in and out of church and become human beings.,Marvels,Other world journeys,Miscellaneous otherworlds,,Otherworld – miscellaneous motifs
467,595,ATU 471 The Bridge to the Otherworld,"F171.0.1. †F171.0.1. Enigmatic happenings in otherworld, which are later explained.",471,F171.0.1,"Enigmatic happenings in otherworld, which are later explained.",F. Marvels.,F0–F199. Other world journeys.,F110–F199. Miscellaneous otherworlds.,,F170. Otherworld – miscellaneous motifs.,"F171.0.1. Enigmatic happenings in otherworld, which are later explained.",Marvels,Other world journeys,Miscellaneous otherworlds,,Otherworld – miscellaneous motifs
468,596,ATU 471 The Bridge to the Otherworld,R155.1. †R155.1. Youngest brother rescues his elder brothers,471,R155.1,Youngest brother rescues his elder brothers,R. Captives and fugitives.,R100–R199. Rescues.,,,R150. Rescuers.,R155.1. Youngest brother rescues his elder brothers. (Cf. L31.),Captives and fugitives,Rescues,,,Rescuers
469,597,ATU 471A Monk and the Bird,D2011.1. †D2011.1. Years seem moments while man listens to song of bird.,471A,D2011.1,Years seem moments while man listens to song of bird.,D. Magic.,D1700–D2199. Magic powers and manifestations.,D1800–D2199. Manifestations of magic power.,D1950–D2049. Temporary magic characteristics.,D2000. Magic forgetfulness.,D2011.1. Years seem moments while man listens to song of bird.,Magic,Magic powers and manifestations,Manifestations of magic power,Temporary magic characteristics,Magic forgetfulness
470,598,ATU 475 The Man as Heater of Hell's Kettle,M210. †M210. Bargain with devil.,475,M210,Bargain with devil.,M. Ordaining the future.,M200–M299. Bargains and promises.,,,M210. Bargain with devil.,M210. Bargain with devil.,Ordaining the future,Bargains and promises,,,Bargain with devil
471,599,ATU 475 The Man as Heater of Hell's Kettle,C721.1. †C721.1. Tabu: bathing during certain time.,475,C721.1,Tabu: bathing during certain time.,C. Tabu.,C700–C899. Miscellaneous tabus.,,,C720. Tabu: attending toilet needs.,C721.1. Tabu: bathing during certain time.,Tabu,Miscellaneous tabus,,,Tabu: attending toilet needs
472,600,ATU 475 The Man as Heater of Hell's Kettle,C325. †C325. Tabu: looking into the pots in hell.,475,C325,Tabu: looking into the pots in hell.,C. Tabu.,C300–C399. Looking tabu.,,,C320. Tabu: looking into certain receptacle.,C325. Tabu: looking into the pots in hell.,Tabu,Looking tabu,,,Tabu: looking into certain receptacle
473,601,ATU 475 The Man as Heater of Hell's Kettle,D475.1. †D475.1. Transformation: objects to gold,475,D475.1,Transformation: objects to gold,D. Magic.,D0–D699. Transformation.,D400–D499. Other forms of transformation.,D450–D499. Transformation: object to object.,D470. Transformation: material of object changed.,D475.1. Transformation: objects to gold.,Magic,Transformation,Other forms of transformation,Transformation: object to object,Transformation: material of object changed
474,602,ATU 475 The Man as Heater of Hell's Kettle,D861.1. †D861.1. Magic object stolen by host (at inn.),475,D861.1,Magic object stolen by host (at inn.),D. Magic.,D800–D1699. Magic objects.,D800–D899. Ownership of magic objects.,,D860. Loss of magic object.,D861.1. Magic object stolen by host (at inn.),Magic,Magic objects,Ownership of magic objects,,Loss of magic object
475,603,ATU 475 The Man as Heater of Hell's Kettle,D885. †D885. Magic object recovered with devil's help,475,D885,Magic object recovered with devil's help,D. Magic.,D800–D1699. Magic objects.,D800–D899. Ownership of magic objects.,,D880. Recovery of magic object.,D885. Magic object recovered with devil's help.,Magic,Magic objects,Ownership of magic objects,,Recovery of magic object
476,605,ATU 476** Midwife in the Underworld,B81.6. †B81.6. Mermaid has human midwife.,476**,B81.6,Mermaid has human midwife.,B. Animals.,B0–B99. Mythical animals.,,,B80. Fish-men.,B81.6. Mermaid has human midwife.,Animals,Mythical animals,,,Fish-men
477,606,ATU 476** Midwife in the Underworld,F372.1. †F372.1. Fairies take human midwife to attend fairy woman.,476**,F372.1,Fairies take human midwife to attend fairy woman.,F. Marvels.,F200–F699. Marvelous creatures.,F200–F399. Fairies and elves.,F300–F399. Fairies and mortals.,F370. Visit to fairyland.,F372.1. Fairies take human midwife to attend fairy woman. (Cf. F333.),Marvels,Marvelous creatures,Fairies and elves,Fairies and mortals,Visit to fairyland
478,607,ATU 476** Midwife in the Underworld,D475.1. †D475.1. Transformation: objects to gold.,476**,D475.1,Transformation: objects to gold.,D. Magic.,D0–D699. Transformation.,D400–D499. Other forms of transformation.,D450–D499. Transformation: object to object.,D470. Transformation: material of object changed.,D475.1. Transformation: objects to gold.,Magic,Transformation,Other forms of transformation,Transformation: object to object,Transformation: material of object changed
479,608,ATU 480 The Kind and the Unkind Girls,Q2. †Q2. Kind and unkind,480,Q2,Kind and unkind,Q. Rewards and punishments.,,,,Q0. Rewards and punishments.,Q2. Kind and unkind. Churlish person disregards requests of old person (animal) and is punished. Courteous person (often youngest brother or sister) complies and is rewarded.,Rewards and punishments,,,,Rewards and punishments
480,609,ATU 480 The Kind and the Unkind Girls,S31. †S31. Cruel stepmother.,480,S31,Cruel stepmother.,S. Unnatural cruelty.,S0–S99. Cruel relatives.,,,S30. Cruel step- and foster relatives.,S31. Cruel stepmother.,Unnatural cruelty,Cruel relatives,,,Cruel step- and foster relatives
481,610,ATU 480 The Kind and the Unkind Girls,H934.3. †H934.3. Tasks assigned by stepmother.,480,H934.3,Tasks assigned by stepmother.,H. Tests.,H900–H1199. Tests of prowess: tasks.,H900–H999. Assignment and performance of tasks.,H900–H949. Assignment of tasks.,H920. Assigners of tasks.,H934.3. Tasks assigned by stepmother.,Tests,Tests of prowess: tasks,Assignment and performance of tasks,Assignment of tasks,Assigners of tasks
482,611,ATU 480 The Kind and the Unkind Girls,N791. †N791. Adventures from pursuing object carried off by river.,480,N791,Adventures from pursuing object carried off by river.,N. Chance and fate.,N700–N799. Accidental encounters.,,,N770. Experiences leading to adventures.,N791. Adventures from pursuing object carried off by river.,Chance and fate,Accidental encounters,,,Experiences leading to adventures
483,612,ATU 480 The Kind and the Unkind Girls,H935. †H935. Witch assigns tasks,480,H935,Witch assigns tasks,H. Tests.,H900–H1199. Tests of prowess: tasks.,H900–H999. Assignment and performance of tasks.,H900–H949. Assignment of tasks.,H920. Assigners of tasks.,H935. Witch assigns tasks.,Tests,Tests of prowess: tasks,Assignment and performance of tasks,Assignment of tasks,Assigners of tasks
484,613,ATU 480 The Kind and the Unkind Girls,Q41.2. †Q41.2. Reward for cleansing loathsome person.,480,Q41.2,Reward for cleansing loathsome person.,Q. Rewards and punishments.,Q10–Q99. Deeds rewarded.,,,Q40. Kindness rewarded.,"Q41.2. Reward for cleansing loathsome person. Cleansing eyelids, bathing, lousing etc.",Rewards and punishments,Deeds rewarded,,,Kindness rewarded
485,614,ATU 480 The Kind and the Unkind Girls,L211. †L211. Modest choice: three caskets type.,480,L211,Modest choice: three caskets type.,L. Reversal of fortune.,L200–L299. Modesty brings reward.,,,L210. Modest choice best.,L211. Modest choice: three caskets type. Objects from which choice is to be made are hidden in caskets (or the like). The worst looking casket proves to be the best choice.,Reversal of fortune,Modesty brings reward,,,Modest choice best
486,615,ATU 480 The Kind and the Unkind Girls,Q41. †Q41. Politeness rewarded.,480,Q41,Politeness rewarded.,Q. Rewards and punishments.,Q10–Q99. Deeds rewarded.,,,Q40. Kindness rewarded.,Q41. Politeness rewarded.,Rewards and punishments,Deeds rewarded,,,Kindness rewarded
487,616,ATU 480 The Kind and the Unkind Girls,D1860. †D1860. Magic beautification.,480,D1860,Magic beautification.,D. Magic.,D1700–D2199. Magic powers and manifestations.,D1800–D2199. Manifestations of magic power.,D1800–D1949. Lasting magic qualities.,D1860. Magic beautification.,D1860. Magic beautification.,Magic,Magic powers and manifestations,Manifestations of magic power,Lasting magic qualities,Magic beautification
488,617,ATU 500 Name of the Supernatural Helper,H914. †H914. Tasks assigned because of mother's foolish boasting,500,H914,Tasks assigned because of mother's foolish boasting,H. Tests.,H900–H1199. Tests of prowess: tasks.,H900–H999. Assignment and performance of tasks.,H900–H949. Assignment of tasks.,H910. Assignment of tasks in response to suggestion.,H914. Tasks assigned because of mother's foolish boasting. The mother foolishly boasts to the king that the daughter can perform an impossible task (often spinning).,Tests,Tests of prowess: tasks,Assignment and performance of tasks,Assignment of tasks,Assignment of tasks in response to suggestion
489,618,ATU 500 Name of the Supernatural Helper,H1021.8. †H1021.8. Task: spinning gold.,500,H1021.8,Task: spinning gold.,H. Tests.,H900–H1199. Tests of prowess: tasks.,H1000–H1199. Nature of tasks.,H1010–H1049. Impossible or absurd tasks.,H1020. Tasks contrary to laws of nature.,H1021.8. Task: spinning gold.,Tests,Tests of prowess: tasks,Nature of tasks,Impossible or absurd tasks,Tasks contrary to laws of nature
490,619,ATU 500 Name of the Supernatural Helper,D2183. †D2183. Magic spinning,500,D2183,Magic spinning,D. Magic.,D1700–D2199. Magic powers and manifestations.,D1800–D2199. Manifestations of magic power.,D2150–D2199. Miscellaneous magical manifestations.,D2150. Miscellaneous magical manifestations.,D2183. Magic spinning. Usually performed by a supernatural helper.,Magic,Magic powers and manifestations,Manifestations of magic power,Miscellaneous magical manifestations,Miscellaneous magical manifestations
491,620,ATU 500 Name of the Supernatural Helper,H521. †H521. Test: guessing unknown propounder's name,500,H521,Test: guessing unknown propounder's name,H. Tests.,H500–H899. Tests of cleverness.,,,H510. Tests in guessing.,H521. Test: guessing unknown propounder's name.,Tests,Tests of cleverness,,,Tests in guessing
492,621,ATU 500 Name of the Supernatural Helper,S222.1. †S222.1. Woman promises her unborn child to appease offended witch.,500,S222.1,Woman promises her unborn child to appease offended witch.,S. Unnatural cruelty.,S200–S299. Cruel sacrifices.,,,S220. Reasons for promise (sale) of child.,S222.1. Woman promises her unborn child to appease offended witch.,Unnatural cruelty,Cruel sacrifices,,,Reasons for promise (sale) of child
493,622,ATU 500 Name of the Supernatural Helper,N475. †N475. Secret name overheard by eavesdropper.,500,N475,Secret name overheard by eavesdropper.,N. Chance and fate.,N400–N699. Lucky accidents.,N440–N499. Valuable secrets learned.,,N450. Secrets overheard.,N475. Secret name overheard by eavesdropper.,Chance and fate,Lucky accidents,Valuable secrets learned,,Secrets overheard
494,623,ATU 500 Name of the Supernatural Helper,C432.1. †C432.1. Guessing name of supernatural creature gives power over him,500,C432.1,Guessing name of supernatural creature gives power over him,C. Tabu.,C400–C499. Speaking tabu.,,,C430. Name tabu.,C432.1. Guessing name of supernatural creature gives power over him. (Tom-Tit-Tot).,Tabu,Speaking tabu,,,Name tabu
495,624,ATU 501 The Three Old Spinning Women,H914. †H914. Tasks assigned because of mother's foolish boasting,501,H914,Tasks assigned because of mother's foolish boasting,H. Tests.,H900–H1199. Tests of prowess: tasks.,H900–H999. Assignment and performance of tasks.,H900–H949. Assignment of tasks.,H910. Assignment of tasks in response to suggestion.,H914. Tasks assigned because of mother's foolish boasting. The mother foolishly boasts to the king that the daughter can perform an impossible task (often spinning).,Tests,Tests of prowess: tasks,Assignment and performance of tasks,Assignment of tasks,Assignment of tasks in response to suggestion
496,625,ATU 501 The Three Old Spinning Women,H1092. †H1092. Task: spinning impossible amount in one night.,501,H1092,Task: spinning impossible amount in one night.,H. Tests.,H900–H1199. Tests of prowess: tasks.,H1000–H1199. Nature of tasks.,,H1090. Tasks requiring miraculous speed.,H1092. Task: spinning impossible amount in one night. (Cf. H1022.2.),Tests,Tests of prowess: tasks,Nature of tasks,,Tasks requiring miraculous speed
497,626,ATU 501 The Three Old Spinning Women,G201.1. †G201.1. Three witches (hags) deformed from much spinning.,501,G201.1,Three witches (hags) deformed from much spinning.,G. Ogres.,G10–G399. Kinds of ogres.,G200–G299. Witches.,,G200. Witch.,G201.1. Three witches (hags) deformed from much spinning.,Ogres,Kinds of ogres,Witches,,Witch
498,627,ATU 501 The Three Old Spinning Women,G244. †G244. Witch spins.,501,G244,Witch spins.,G. Ogres.,G10–G399. Kinds of ogres.,G200–G299. Witches.,,G240. Habits of witches.,G244. Witch spins.,Ogres,Kinds of ogres,Witches,,Habits of witches
499,628,ATU 502 The Wild Man,G671. †G671. Wild man released from captivity aids hero.,502,G671,Wild man released from captivity aids hero.,G. Ogres.,G600–G699. Other ogre motifs.,,,G650. Unclassified ogre motifs.,G671. Wild man released from captivity aids hero.,Ogres,Other ogre motifs,,,Unclassified ogre motifs
500,629,ATU 502 The Wild Man,R222. †R222. Unknown knight.,502,R222,Unknown knight.,R. Captives and fugitives.,R200–R299. Escapes and pursuits.,,,R220. Flights.,R222. Unknown knight. (Three days' tournament.) For three days in succession an unknown knight in different armor wins a tournament and escapes without recognition. Finally identified by tokens.,Captives and fugitives,Escapes and pursuits,,,Flights
501,630,ATU 503 Gifts of the Little People,F331.1. †F331.1. Mortal wins fairies' gratitude by joining in their dance.,503,F331.1,Mortal wins fairies' gratitude by joining in their dance.,F. Marvels.,F200–F699. Marvelous creatures.,F200–F399. Fairies and elves.,F300–F399. Fairies and mortals.,F330. Grateful fairies.,F331.1. Mortal wins fairies' gratitude by joining in their dance.,Marvels,Marvelous creatures,Fairies and elves,Fairies and mortals,Grateful fairies
502,631,ATU 503 Gifts of the Little People,F331.3. †F331.3. Mortal wins fairies' gratitude by joining in their song and completing it by adding the names of the days of the week.,503,F331.3,Mortal wins fairies' gratitude by joining in their song and completing it by adding the names of the days of the week.,F. Marvels.,F200–F699. Marvelous creatures.,F200–F399. Fairies and elves.,F300–F399. Fairies and mortals.,F330. Grateful fairies.,F331.3. Mortal wins fairies' gratitude by joining in their song and completing it by adding the names of the days of the week.,Marvels,Marvelous creatures,Fairies and elves,Fairies and mortals,Grateful fairies
503,632,ATU 503 Gifts of the Little People,F344.1. †F344.1. Fairies remove hunchback's hump (or replace it).,503,F344.1,Fairies remove hunchback's hump (or replace it).,F. Marvels.,F200–F699. Marvelous creatures.,F200–F399. Fairies and elves.,F300–F399. Fairies and mortals.,F340. Gifts from fairies.,F344.1. Fairies remove hunchback's hump (or replace it).,Marvels,Marvelous creatures,Fairies and elves,Fairies and mortals,Gifts from fairies
504,635,ATU 505 Grateful dead,E341. †E341. The grateful dead.,505,E341,The grateful dead.,E. The dead.,E200–E599. Ghosts and other revenants.,E300–E399. Friendly return from the dead.,,E340. Return from dead to repay obligation.,E341. The grateful dead.,The dead,Ghosts and other revenants,Friendly return from the dead,,Return from dead to repay obligation
505,636,ATU 505 Grateful dead,M241. †M241. Bargain: to divide all winnings.,505,M241,Bargain: to divide all winnings.,M. Ordaining the future.,M200–M299. Bargains and promises.,,,M220. Other bargains.,M241. Bargain: to divide all winnings.,Ordaining the future,Bargains and promises,,,Other bargains
506,637,ATU 505 Grateful dead,H972. †H972. Tasks accomplished with help of grateful dead.,505,H972,Tasks accomplished with help of grateful dead.,H. Tests.,H900–H1199. Tests of prowess: tasks.,H900–H999. Assignment and performance of tasks.,H950–H999. Performance of tasks.,H970. Help in performing tasks.,H972. Tasks accomplished with help of grateful dead.,Tests,Tests of prowess: tasks,Assignment and performance of tasks,Performance of tasks,Help in performing tasks
507,638,ATU 505 Grateful dead,M241.1. †M241.1. Dividing the winnings: half of the bride demanded.,505,M241.1,Dividing the winnings: half of the bride demanded.,M. Ordaining the future.,M200–M299. Bargains and promises.,,,M220. Other bargains.,"M241.1. Dividing the winnings: half of the bride demanded. When the hero shows that he is willing to carry out the bargain, his helper relents.",Ordaining the future,Bargains and promises,,,Other bargains
508,640,ATU 507 The Monster's Bride,H322.1. †H322.1. Suitor test: finding object hidden by princess,507,H322.1,Suitor test: finding object hidden by princess,H. Tests.,H300–H499. Marriage tests.,H310–H359. Suitor tests.,,H310. Suitor tests.,H322.1. Suitor test: finding object hidden by princess.,Tests,Marriage tests,Suitor tests,,Suitor tests
509,641,ATU 507 The Monster's Bride,H972. †H972. Tasks accomplished with help of grateful dead.,507,H972,Tasks accomplished with help of grateful dead.,H. Tests.,H900–H1199. Tests of prowess: tasks.,H900–H999. Assignment and performance of tasks.,H950–H999. Performance of tasks.,H970. Help in performing tasks.,H972. Tasks accomplished with help of grateful dead.,Tests,Tests of prowess: tasks,Assignment and performance of tasks,Performance of tasks,Help in performing tasks
510,642,ATU 507 The Monster's Bride,T172.2.1. †T172.2.1. Grateful dead man kills princess's monster husband.,507,T172.2.1,Grateful dead man kills princess's monster husband.,T. Sex.,T100–T199. Marriage.,,,T160. Consummation of marriage.,T172.2.1. Grateful dead man kills princess's monster husband. (Or otherwise renders her innocuous to the bridegroom.),Sex,Marriage,,,Consummation of marriage
511,643,ATU 507 The Monster's Bride,T172.0.1. †T172.0.1. All husbands have perished on bridal night.,507,T172.0.1,All husbands have perished on bridal night.,T. Sex.,T100–T199. Marriage.,,,T160. Consummation of marriage.,"T172.0.1. All husbands have perished on bridal night. See references to F547.1.1, F582, F582.1.",Sex,Marriage,,,Consummation of marriage
512,645,ATU 510A Cinderella,S31. †S31. Cruel stepmother.,510A,S31,Cruel stepmother.,S. Unnatural cruelty.,S0–S99. Cruel relatives.,,,S30. Cruel step- and foster relatives.,S31. Cruel stepmother.,Unnatural cruelty,Cruel relatives,,,Cruel step- and foster relatives
513,646,ATU 510A Cinderella,L55. †L55. Stepdaughter heroine,510A,L55,Stepdaughter heroine,L. Reversal of fortune.,L0–L99. Victorious youngest child.,,,L50. Victorious youngest daughter.,L55. Stepdaughter heroine.,Reversal of fortune,Victorious youngest child,,,Victorious youngest daughter
514,647,ATU 510A Cinderella,B450. †B450. Helpful birds,510A,B450,Helpful birds,B. Animals.,B300–B599. Friendly animals.,B400–B499. Kinds of helpful animals.,,B450. Helpful birds.,B450. Helpful birds.,Animals,Friendly animals,Kinds of helpful animals,,Helpful birds
515,648,ATU 510A Cinderella,D1050.1. †D1050.1. Clothes produced by magic,510A,D1050.1,Clothes produced by magic,D. Magic.,D800–D1699. Magic objects.,D900–D1299. Kinds of magic objects.,,D1050. Magic clothes.,D1050.1. Clothes produced by magic.,Magic,Magic objects,Kinds of magic objects,,Magic clothes
516,649,ATU 510A Cinderella,N815. †N815. Fairy as helper.,510A,N815,Fairy as helper.,N. Chance and fate.,N800–N899. Helpers.,,,N810. Supernatural helpers.,N815. Fairy as helper.,Chance and fate,Helpers,,,Supernatural helpers
517,650,ATU 510A Cinderella,N711.6. †N711.6. Prince sees heroine at ball and is enamored.,510A,N711.6,Prince sees heroine at ball and is enamored.,N. Chance and fate.,N700–N799. Accidental encounters.,,,N710. Accidental meeting of hero and heroine.,N711.6. Prince sees heroine at ball and is enamored.,Chance and fate,Accidental encounters,,,Accidental meeting of hero and heroine
518,651,ATU 510A Cinderella,C761.3. †C761.3. Tabu: staying too long at ball.,510A,C761.3,Tabu: staying too long at ball.,C. Tabu.,C700–C899. Miscellaneous tabus.,,,C750. Time tabus.,C761.3. Tabu: staying too long at ball. Must leave before certain hour.,Tabu,Miscellaneous tabus,,,Time tabus
519,652,ATU 510A Cinderella,F823.2. †F823.2. Glass shoes,510A,F823.2,Glass shoes,F. Marvels.,F700-F899. Extraordinary places and things.,,,F820. Extraordinary clothing and ornaments.,F823.2. Glass shoes.,Marvels,-F899. Extraordinary places and things,,,Extraordinary clothing and ornaments
520,653,ATU 510A Cinderella,H36.1. †H36.1. Slipper test.,510A,H36.1,Slipper test.,H. Tests.,H0–H199. Identity tests: Recognition.,,,H30. Recognition through personal peculiarities,H36.1. Slipper test. Identification by fitting of slipper.,Tests,Identity tests: Recognition,,,Recognition through personal peculiarities
521,654,ATU 510A Cinderella,K1911.3.3.1. †K1911.3.3.1. False bride's mutilated feet.,510A,K1911.3.3.1,False bride's mutilated feet.,K. Deceptions.,K1700–K2099. Deception through shams.,K1900–K1999. Impostures.,,K1910. Marital impostors.,"K1911.3.3.1. False bride's mutilated feet. In order to wear the shoes with which the husband is testing the identity of his bride, the false bride cuts her feet. She is detected.",Deceptions,Deception through shams,Impostures,,Marital impostors
522,655,ATU 510B Peau d'Asne,M255. †M255. Deathbed promise concerning the second wife.,510B,M255,Deathbed promise concerning the second wife.,M. Ordaining the future.,M200–M299. Bargains and promises.,,,M250. Promises connected with death.,M255. Deathbed promise concerning the second wife. Promises his dying wife that he will not marry unless the bride meets the specifications the dying wife imposes.,Ordaining the future,Bargains and promises,,,Promises connected with death
523,656,ATU 510B Peau d'Asne,T411.1. †T411.1. Lecherous father,510B,T411.1,Lecherous father,T. Sex.,T400–T499. Illicit sexual relations.,,,T410. Incest.,T411.1. Lecherous father. Unnatural father wants to marry his daughter. (Manekine.),Sex,Illicit sexual relations,,,Incest
524,657,ATU 510B Peau d'Asne,T311.1. †T311.1. Flight of maiden (bridegroom) to escape marriage.,510B,T311.1,Flight of maiden (bridegroom) to escape marriage.,T. Sex.,T300–T399. Chastity and celibacy.,,,T310. Celibacy and continence.,T311.1. Flight of maiden (bridegroom) to escape marriage.,Sex,Chastity and celibacy,,,Celibacy and continence
525,658,ATU 510B Peau d'Asne,"K521.1. †K521.1. Escape by dressing in animal (bird, human) skin.",510B,K521.1,"Escape by dressing in animal (bird, human) skin.",K. Deceptions.,K500–K699. Escape by deception.,,,"K520. Death escaped through disguise, shamming, or substitution.","K521.1. Escape by dressing in animal (bird, human) skin.",Deceptions,Escape by deception,,,"Death escaped through disguise, shamming, or substitution"
526,659,ATU 510B Peau d'Asne,N711.6. †N711.6. Prince sees heroine at ball and is enamored.,510B,N711.6,Prince sees heroine at ball and is enamored.,N. Chance and fate.,N700–N799. Accidental encounters.,,,N710. Accidental meeting of hero and heroine.,N711.6. Prince sees heroine at ball and is enamored.,Chance and fate,Accidental encounters,,,Accidental meeting of hero and heroine
527,660,ATU 510B Peau d'Asne,"R255. †R255. Formula for girl fleeing: behind me night, etc.",510B,R255,"Formula for girl fleeing: behind me night, etc.",R. Captives and fugitives.,R200–R299. Escapes and pursuits.,,,R220. Flights.,"R255. Formula for girl fleeing: behind me night, etc. ""Behind me night and before me day that no one shall see where I go.""",Captives and fugitives,Escapes and pursuits,,,Flights
528,661,ATU 510B Peau d'Asne,H151.5. †H151.5. Attention attracted by hints dropped by heroine as menial: recognition follows.,510B,H151.5,Attention attracted by hints dropped by heroine as menial: recognition follows.,H. Tests.,H0–H199. Identity tests: Recognition.,,,H150. Circumstances of recognition.,H151.5. Attention attracted by hints dropped by heroine as menial: recognition follows.,Tests,Identity tests: Recognition,,,Circumstances of recognition
529,662,ATU 510B Peau d'Asne,H94.2. †H94.2. Identification by ring baked in bread.,510B,H94.2,Identification by ring baked in bread.,H. Tests.,H0–H199. Identity tests: Recognition.,H80–H149. Identification by tokens.,,H90. Identification by ornaments.,H94.2. Identification by ring baked in bread.,Tests,Identity tests: Recognition,Identification by tokens,,Identification by ornaments
530,663,"ATU 511 One-Eye, Two-Eyes, and Three-Eyes",S31. †S31. Cruel stepmother.,511,S31,Cruel stepmother.,S. Unnatural cruelty.,S0–S99. Cruel relatives.,,,S30. Cruel step- and foster relatives.,S31. Cruel stepmother.,Unnatural cruelty,Cruel relatives,,,Cruel step- and foster relatives
531,664,"ATU 511 One-Eye, Two-Eyes, and Three-Eyes",B535.0.1. †B535.0.1. Cow as nurse cares for children.,511,B535.0.1,Cow as nurse cares for children.,B. Animals.,B300–B599. Friendly animals.,B500–B599. Services of helpful animals.,,B530. Animals nourish men.,B535.0.1. Cow as nurse cares for children.,Animals,Friendly animals,Services of helpful animals,,Animals nourish men
532,665,"ATU 511 One-Eye, Two-Eyes, and Three-Eyes",F512.1. †F512.1. Person with one eye.,511,F512.1,Person with one eye.,F. Marvels.,F200–F699. Marvelous creatures.,F500–F599. Remarkable persons.,,F510. Monstrous persons.,F512.1. Person with one eye.,Marvels,Marvelous creatures,Remarkable persons,,Monstrous persons
533,666,"ATU 511 One-Eye, Two-Eyes, and Three-Eyes",F512.2.1.1. †F512.2.1.1. Three-eyed person.,511,F512.2.1.1,Three-eyed person.,F. Marvels.,F200–F699. Marvelous creatures.,F500–F599. Remarkable persons.,,F510. Monstrous persons.,F512.2.1.1. Three-eyed person.,Marvels,Marvelous creatures,Remarkable persons,,Monstrous persons
534,667,"ATU 511 One-Eye, Two-Eyes, and Three-Eyes",D830.1. †D830.1. Attempt to learn about magic object by spying.,511,D830.1,Attempt to learn about magic object by spying.,D. Magic.,D800–D1699. Magic objects.,D800–D899. Ownership of magic objects.,D810–D859. Acquisition of magic object.,D830. Magic object acquired by trickery.,D830.1. Attempt to learn about magic object by spying.,Magic,Magic objects,Ownership of magic objects,Acquisition of magic object,Magic object acquired by trickery
535,668,"ATU 511 One-Eye, Two-Eyes, and Three-Eyes",B100.1. †B100.1. Treasure found in slain helpful animal.,511,B100.1,Treasure found in slain helpful animal.,B. Animals.,B100–B199. Magic animals.,B100–B119. Treasure animals.,,B100. Treasure animals – general.,B100.1. Treasure found in slain helpful animal.,Animals,Magic animals,Treasure animals,,Treasure animals – general
536,669,"ATU 511 One-Eye, Two-Eyes, and Three-Eyes",D1470.2.1. †D1470.2.1. Provisions received from magic tree.,511,D1470.2.1,Provisions received from magic tree.,D. Magic.,D800–D1699. Magic objects.,D1300–D1599. Function of magic objects.,,D1470. Magic object as provider.,D1470.2.1. Provisions received from magic tree. (Cf. D950.),Magic,Magic objects,Function of magic objects,,Magic object as provider
537,670,"ATU 511 One-Eye, Two-Eyes, and Three-Eyes",H31.12. †H31.12. Only one man is able to pluck fruits from tree.,511,H31.12,Only one man is able to pluck fruits from tree.,H. Tests.,H0–H199. Identity tests: Recognition.,,,H30. Recognition through personal peculiarities,H31.12. Only one man is able to pluck fruits from tree.,Tests,Identity tests: Recognition,,,Recognition through personal peculiarities
538,671,"ATU 511 One-Eye, Two-Eyes, and Three-Eyes",L162. †L162. Lowly heroine marries prince (king).,511,L162,Lowly heroine marries prince (king).,L. Reversal of fortune.,L100–L199. Unpromising hero (heroine).,,,L160. Success of the unpromising hero (heroine).,L162. Lowly heroine marries prince (king).,Reversal of fortune,Unpromising hero (heroine),,,Success of the unpromising hero (heroine)
539,673,ATU 513A Six Go Through the Whole World,F601. †F601. Extraordinary companions.,513A,F601,Extraordinary companions.,F. Marvels.,F200–F699. Marvelous creatures.,F600-F699. Persons with extraordinary powers.,,F600. Persons with extraordinary powers.,F601. Extraordinary companions. A group of men with extraordinary powers travel together.,Marvels,Marvelous creatures,-F699. Persons with extraordinary powers,,Persons with extraordinary powers
540,674,ATU 513A Six Go Through the Whole World,F681.1. †F681.1. Marvelous runner keeps leg tied up.,513A,F681.1,Marvelous runner keeps leg tied up.,F. Marvels.,F200–F699. Marvelous creatures.,F600-F699. Persons with extraordinary powers.,,F680. Other marvelous powers.,F681.1. Marvelous runner keeps leg tied up. To prevent him from running away.,Marvels,Marvelous creatures,-F699. Persons with extraordinary powers,,Other marvelous powers
541,675,ATU 513A Six Go Through the Whole World,F632. †F632. Mighty eater,513A,F632,Mighty eater,F. Marvels.,F200–F699. Marvelous creatures.,F600-F699. Persons with extraordinary powers.,,F610. Remarkably strong man.,"F632. Mighty eater. Eats whole ox at time, or the like. (Cf. X931.)",Marvels,Marvelous creatures,-F699. Persons with extraordinary powers,,Remarkably strong man
542,676,ATU 513A Six Go Through the Whole World,F641. †F641. Person of remarkable hearing.,513A,F641,Person of remarkable hearing.,F. Marvels.,F200–F699. Marvelous creatures.,F600-F699. Persons with extraordinary powers.,,F640. Extraordinary powers of perception.,F641. Person of remarkable hearing. (Cf. X936.),Marvels,Marvelous creatures,-F699. Persons with extraordinary powers,,Extraordinary powers of perception
543,677,ATU 513A Six Go Through the Whole World,F621. †F621. Strong man: tree-puller.,513A,F621,Strong man: tree-puller.,F. Marvels.,F200–F699. Marvelous creatures.,F600-F699. Persons with extraordinary powers.,,F610. Remarkably strong man.,"F621. Strong man: tree-puller. Can uproot and carry off trees. (Cf. F611.3.1, F614.2.)",Marvels,Marvelous creatures,-F699. Persons with extraordinary powers,,Remarkably strong man
544,678,ATU 513A Six Go Through the Whole World,F661.5.3. †F661.5.3. Skillful marksman shoots left eye of fly at two miles.,513A,F661.5.3,Skillful marksman shoots left eye of fly at two miles.,F. Marvels.,F200–F699. Marvelous creatures.,F600-F699. Persons with extraordinary powers.,,F660. Remarkable skill.,F661.5.3. Skillful marksman shoots left eye of fly at two miles.,Marvels,Marvelous creatures,-F699. Persons with extraordinary powers,,Remarkable skill
545,679,ATU 513A Six Go Through the Whole World,D2144.1.2. †D2144.1.2. Man with power to make everything freeze.,513A,D2144.1.2,Man with power to make everything freeze.,D. Magic.,D1700–D2199. Magic powers and manifestations.,D1800–D2199. Manifestations of magic power.,D2100–D2149. Other manifestations of magic power.,D2140. Magic control of the elements.,D2144.1.2. Man with power to make everything freeze. Wears cap over ear. Should he wear it straight everything would freeze.,Magic,Magic powers and manifestations,Manifestations of magic power,Other manifestations of magic power,Magic control of the elements
546,680,ATU 513A Six Go Through the Whole World,H331.5.1. †H331.5.1. Race with princess for her hand.,513A,H331.5.1,Race with princess for her hand.,H. Tests.,H300–H499. Marriage tests.,H310–H359. Suitor tests.,,H310. Suitor tests.,H331.5.1. Race with princess for her hand.,Tests,Marriage tests,Suitor tests,,Suitor tests
547,681,ATU 513A Six Go Through the Whole World,H1142. †H1142. Task: drinking enormous amount.,513A,H1142,Task: drinking enormous amount.,H. Tests.,H900–H1199. Tests of prowess: tasks.,H1000–H1199. Nature of tasks.,,H1130. Superhuman tasks.,H1142. Task: drinking enormous amount.,Tests,Tests of prowess: tasks,Nature of tasks,,Superhuman tasks
548,682,ATU 513A Six Go Through the Whole World,H1511. †H1511. Heat test.,513A,H1511,Heat test.,H. Tests.,H1400–H1599. Other tests.,H1500–H1549. Tests of endurance and power of survival.,,H1510. Tests of power to survive.,H1511. Heat test. Attempt to kill hero by burning him in fire.,Tests,Other tests,Tests of endurance and power of survival,,Tests of power to survive
549,683,ATU 513A Six Go Through the Whole World,H1127. †H1127. Task: carrying off huge quantity of money.,513A,H1127,Task: carrying off huge quantity of money.,H. Tests.,H900–H1199. Tests of prowess: tasks.,H1000–H1199. Nature of tasks.,,H1110. Tedious tasks.,H1127. Task: carrying off huge quantity of money.,Tests,Tests of prowess: tasks,Nature of tasks,,Tedious tasks
550,684,ATU 513B Land and Water Ship,H331. †H331. Suitor contests: bride offered as prize.,513B,H331,Suitor contests: bride offered as prize.,H. Tests.,H300–H499. Marriage tests.,H310–H359. Suitor tests.,,H310. Suitor tests.,H331. Suitor contests: bride offered as prize.,Tests,Marriage tests,Suitor tests,,Suitor tests
551,685,ATU 513B Land and Water Ship,D1533.1.1. †D1533.1.1. Magic land and water ship.,513B,D1533.1.1,Magic land and water ship.,D. Magic.,D800–D1699. Magic objects.,D1300–D1599. Function of magic objects.,,D1520. Magic object affords miraculous transportation.,D1533.1.1. Magic land and water ship. (Cf. D1123.),Magic,Magic objects,Function of magic objects,,Magic object affords miraculous transportation
552,686,ATU 513B Land and Water Ship,N825.2. †N825.2. Old man helper.,513B,N825.2,Old man helper.,N. Chance and fate.,N800–N899. Helpers.,,,N820. Human helpers.,N825.2. Old man helper.,Chance and fate,Helpers,,,Human helpers
553,687,ATU 513B Land and Water Ship,F601. †F601. Extraordinary companions.,513B,F601,Extraordinary companions.,F. Marvels.,F200–F699. Marvelous creatures.,F600-F699. Persons with extraordinary powers.,,F600. Persons with extraordinary powers.,F601. Extraordinary companions. A group of men with extraordinary powers travel together.,Marvels,Marvelous creatures,-F699. Persons with extraordinary powers,,Persons with extraordinary powers
554,688,ATU 513B Land and Water Ship,F601.2. †F601.2. Extraordinary companions help hero in suitor tests.,513B,F601.2,Extraordinary companions help hero in suitor tests.,F. Marvels.,F200–F699. Marvelous creatures.,F600-F699. Persons with extraordinary powers.,,F600. Persons with extraordinary powers.,F601.2. Extraordinary companions help hero in suitor tests.,Marvels,Marvelous creatures,-F699. Persons with extraordinary powers,,Persons with extraordinary powers
555,689,ATU 513B Land and Water Ship,L161. †L161. Lowly hero marries princess.,513B,L161,Lowly hero marries princess.,L. Reversal of fortune.,L100–L199. Unpromising hero (heroine).,,,L160. Success of the unpromising hero (heroine).,L161. Lowly hero marries princess.,Reversal of fortune,Unpromising hero (heroine),,,Success of the unpromising hero (heroine)
556,691,ATU 514 The Shift of Sex,K1837. †K1837. Disguise of woman in man's clothes,514,K1837,Disguise of woman in man's clothes,K. Deceptions.,K1700–K2099. Deception through shams.,K1800–K1899. Deception by disguise or illusion.,,K1810. Deception by disguise.,K1837. Disguise of woman in man's clothes. (Cf. K1825.),Deceptions,Deception through shams,Deception by disguise or illusion,,Deception by disguise
557,692,ATU 514 The Shift of Sex,D11. †D11. Transformation woman to man.,514,D11,Transformation woman to man.,D. Magic.,D0–D699. Transformation.,D10–D99. Transformation: man to different man.,,D10. Transformation to person of different sex.,D11. Transformation woman to man.,Magic,Transformation,Transformation: man to different man,,Transformation to person of different sex
558,693,ATU 514** Young Woman Disguised as Man is Wooed by Queen,K1837. †K1837. Disguise of woman in man's clothes,514**,K1837,Disguise of woman in man's clothes,K. Deceptions.,K1700–K2099. Deception through shams.,K1800–K1899. Deception by disguise or illusion.,,K1810. Deception by disguise.,K1837. Disguise of woman in man's clothes. (Cf. K1825.),Deceptions,Deception through shams,Deception by disguise or illusion,,Deception by disguise
559,694,ATU 514** Young Woman Disguised as Man is Wooed by Queen,K1825.1. †K1825.1. Disguise as doctor.,514**,K1825.1,Disguise as doctor.,K. Deceptions.,K1700–K2099. Deception through shams.,K1800–K1899. Deception by disguise or illusion.,,K1810. Deception by disguise.,K1825.1. Disguise as doctor.,Deceptions,Deception through shams,Deception by disguise or illusion,,Deception by disguise
560,695,ATU 514** Young Woman Disguised as Man is Wooed by Queen,K2111. †K2111. Potiphar's wife.,514**,K2111,Potiphar's wife.,K. Deceptions.,K2100–K2199. False accusations.,,,K2110. Slanders.,K2111. Potiphar's wife. A woman makes vain overtures to a man and then accuses him of attempting to force her.,Deceptions,False accusations,,,Slanders
561,696,ATU 514** Young Woman Disguised as Man is Wooed by Queen,F954. †F954. Dumb person brought to speak.,514**,F954,Dumb person brought to speak.,F. Marvels.,F900-F1099. Extraordinary occurrences.,,,F950. Marvelous cures.,F954. Dumb person brought to speak.,Marvels,-F1099. Extraordinary occurrences,,,Marvelous cures
562,697,ATU 514** Young Woman Disguised as Man is Wooed by Queen,L162. †L162. Lowly heroine marries prince (king).,514**,L162,Lowly heroine marries prince (king).,L. Reversal of fortune.,L100–L199. Unpromising hero (heroine).,,,L160. Success of the unpromising hero (heroine).,L162. Lowly heroine marries prince (king).,Reversal of fortune,Unpromising hero (heroine),,,Success of the unpromising hero (heroine)
563,698,ATU 516 Faithful John,T11.3. †T11.3. Love through dream.,516,T11.3,Love through dream.,T. Sex.,T0–T99. Love.,,,T10. Falling in love.,T11.3. Love through dream. Falling in love with a person seen in a dream.,Sex,Love,,,Falling in love
564,699,ATU 516 Faithful John,P361. †P361. Faithful servant.,516,P361,Faithful servant.,P. Society.,P300–P399. Other social relationships.,,,P360. Master and servant.,P361. Faithful servant.,Society,Other social relationships,,,Master and servant
565,700,ATU 516 Faithful John,K1332. †K1332. Seduction by taking aboard ship to inspect wares.,516,K1332,Seduction by taking aboard ship to inspect wares.,K. Deceptions.,K1300–K1399. Seduction or deceptive marriage.,,,K1330. Girl tricked into man's room (or power).,K1332. Seduction by taking aboard ship to inspect wares.,Deceptions,Seduction or deceptive marriage,,,Girl tricked into man's room (or power)
566,701,ATU 516 Faithful John,B211.3. †B211.3. Speaking bird.,516,B211.3,Speaking bird.,B. Animals.,B200–B299. Animals with human traits.,,,B210. Speaking animals.,B211.3. Speaking bird.,Animals,Animals with human traits,,,Speaking animals
567,702,ATU 516 Faithful John,N451. †N451. Secrets overheard from animal (demon) conversation.,516,N451,Secrets overheard from animal (demon) conversation.,N. Chance and fate.,N400–N699. Lucky accidents.,N440–N499. Valuable secrets learned.,,N450. Secrets overheard.,N451. Secrets overheard from animal (demon) conversation.,Chance and fate,Lucky accidents,Valuable secrets learned,,Secrets overheard
568,703,ATU 516 Faithful John,H1515. †H1515. Poisoned food test.,516,H1515,Poisoned food test.,H. Tests.,H1400–H1599. Other tests.,H1500–H1549. Tests of endurance and power of survival.,,H1510. Tests of power to survive.,H1515. Poisoned food test. Attempt to kill hero by feeding him poisoned food.,Tests,Other tests,Tests of endurance and power of survival,,Tests of power to survive
569,704,ATU 516 Faithful John,T172.2. †T172.2. Bridal chamber invaded by magic dragon (serpent).,516,T172.2,Bridal chamber invaded by magic dragon (serpent).,T. Sex.,T100–T199. Marriage.,,,T160. Consummation of marriage.,T172.2. Bridal chamber invaded by magic dragon (serpent). (Cf. B176.1.),Sex,Marriage,,,Consummation of marriage
570,705,ATU 516 Faithful John,N342.1. †N342.1. Faithful servant guarding master's wife from danger falsely condemned for betraying his master.,516,N342.1,Faithful servant guarding master's wife from danger falsely condemned for betraying his master.,N. Chance and fate.,N300–N399. Unlucky accidents.,,,N340. Hasty killing or condemnation (mistake).,N342.1. Faithful servant guarding master's wife from danger falsely condemned for betraying his master.,Chance and fate,Unlucky accidents,,,Hasty killing or condemnation (mistake)
571,706,ATU 516 Faithful John,C423.4. †C423.4. Tabu: uttering secrets heard from spirits.,516,C423.4,Tabu: uttering secrets heard from spirits.,C. Tabu.,C400–C499. Speaking tabu.,,,C420. Tabu: uttering secrets.,C423.4. Tabu: uttering secrets heard from spirits.,Tabu,Speaking tabu,,,Tabu: uttering secrets
572,707,ATU 516 Faithful John,C961.2. †C961.2. Transformation to stone for breaking tabu.,516,C961.2,Transformation to stone for breaking tabu.,C. Tabu.,C900–C999. Punishment for breaking tabu.,,,C960. Transformation for breaking tabu.,"C961.2. Transformation to stone for breaking tabu. (Cf. C331, C452.)",Tabu,Punishment for breaking tabu,,,Transformation for breaking tabu
573,708,ATU 516 Faithful John,D766.2. †D766.2. Disenchantment by application of blood.,516,D766.2,Disenchantment by application of blood.,D. Magic.,D700–D799. Disenchantment.,,,D760. Disenchantment by miscellaneous means.,"D766.2. Disenchantment by application of blood. (Cf. D712.4, D712.4.1).",Magic,Disenchantment,,,Disenchantment by miscellaneous means
574,709,ATU 516 Faithful John,S268. †S268. Child sacrificed to provide blood for cure of friend.,516,S268,Child sacrificed to provide blood for cure of friend.,S. Unnatural cruelty.,S200–S299. Cruel sacrifices.,,,S260. Sacrifices.,S268. Child sacrificed to provide blood for cure of friend. (Cf. S260.1.4.),Unnatural cruelty,Cruel sacrifices,,,Sacrifices
575,710,ATU 516C Amicus and Amelius,S268. †S268. Child sacrificed to provide blood for cure of friend.,516C,S268,Child sacrificed to provide blood for cure of friend.,S. Unnatural cruelty.,S200–S299. Cruel sacrifices.,,,S260. Sacrifices.,S268. Child sacrificed to provide blood for cure of friend. (Cf. S260.1.4.),Unnatural cruelty,Cruel sacrifices,,,Sacrifices
576,711,ATU 517 The Boy and the Bird-language,B215.1. †B215.1. Bird language.,517,B215.1,Bird language.,B. Animals.,B200–B299. Animals with human traits.,,,B210. Speaking animals.,B215.1. Bird language.,Animals,Animals with human traits,,,Speaking animals
577,712,ATU 517 The Boy and the Bird-language,B143.1. †B143.1. Bird gives warning.,517,B143.1,Bird gives warning.,B. Animals.,B100–B199. Magic animals.,B120–B169. Animals with magic wisdom.,,B140. Prophetic animals.,B143.1. Bird gives warning. (Cf. B131.5.),Animals,Magic animals,Animals with magic wisdom,,Prophetic animals
578,713,ATU 517 The Boy and the Bird-language,M312. †M312. Prophecy of future greatness for youth.,517,M312,Prophecy of future greatness for youth.,M. Ordaining the future.,M300–M399. Prophecies.,,,M310. Favorable prophecies.,M312. Prophecy of future greatness for youth.,Ordaining the future,Prophecies,,,Favorable prophecies
579,714,ATU 517 The Boy and the Bird-language,M373. †M373. Expulsion to avoid fulfillment of prophecy.,517,M373,Expulsion to avoid fulfillment of prophecy.,M. Ordaining the future.,M300–M399. Prophecies.,,,M370. Vain attempts to escape fulfillment of prophecy.,M373. Expulsion to avoid fulfillment of prophecy.,Ordaining the future,Prophecies,,,Vain attempts to escape fulfillment of prophecy
580,715,ATU 517 The Boy and the Bird-language,N682. †N682. Prophecy of future greatness fulfilled when hero returns home unknown.,517,N682,Prophecy of future greatness fulfilled when hero returns home unknown.,N. Chance and fate.,N400–N699. Lucky accidents.,N600–N699. Other lucky accidents.,,N680. Lucky accidents – miscellaneous.,N682. Prophecy of future greatness fulfilled when hero returns home unknown. Parents serve him.,Chance and fate,Lucky accidents,Other lucky accidents,,Lucky accidents – miscellaneous
581,716,ATU 518 Men Fight over Magic Objects,D1361.12. †D1361.12. Magic cloak of invisibility,518,D1361.12,Magic cloak of invisibility,D. Magic.,D800–D1699. Magic objects.,D1300–D1599. Function of magic objects.,D1300–D1379. Magic objects effect changes in persons.,D1360. Magic object effects temporary change in person.,D1361.12. Magic cloak of invisibility. (Cf. D1053.),Magic,Magic objects,Function of magic objects,Magic objects effect changes in persons,Magic object effects temporary change in person
582,717,ATU 518 Men Fight over Magic Objects,D832. †D832. Magic objects acquired by acting as umpire for fighting heirs.,518,D832,Magic objects acquired by acting as umpire for fighting heirs.,D. Magic.,D800–D1699. Magic objects.,D800–D899. Ownership of magic objects.,D810–D859. Acquisition of magic object.,D830. Magic object acquired by trickery.,D832. Magic objects acquired by acting as umpire for fighting heirs. When hero gets hold of objects he refuses to return it.,Magic,Magic objects,Ownership of magic objects,Acquisition of magic object,Magic object acquired by trickery
583,718,ATU 518 Men Fight over Magic Objects,D1521.1. †D1521.1. Seven-league boots.,518,D1521.1,Seven-league boots.,D. Magic.,D800–D1699. Magic objects.,D1300–D1599. Function of magic objects.,,D1520. Magic object affords miraculous transportation.,D1521.1. Seven-league boots. Boots with miraculous speed. (Cf. D1065.1.),Magic,Magic objects,Function of magic objects,,Magic object affords miraculous transportation
584,719,ATU 518 Men Fight over Magic Objects,D1520.19. †D1520.19. Magic transportation by carpet.,518,D1520.19,Magic transportation by carpet.,D. Magic.,D800–D1699. Magic objects.,D1300–D1599. Function of magic objects.,,D1520. Magic object affords miraculous transportation.,"D1520.19. Magic transportation by carpet. (Cf. D1155, D1118, D1118.1.)",Magic,Magic objects,Function of magic objects,,Magic object affords miraculous transportation
585,721,ATU 519 The Strong Woman as Bride (Brunhilde),T58. †T58. Wooing the strong and beautiful bride.,519,T58,Wooing the strong and beautiful bride.,T. Sex.,T0–T99. Love.,,,T50. Wooing.,T58. Wooing the strong and beautiful bride.,Sex,Love,,,Wooing
586,722,ATU 519 The Strong Woman as Bride (Brunhilde),H345.1. †H345.1. Suitor test: lifting strong princess's giant weapon.,519,H345.1,Suitor test: lifting strong princess's giant weapon.,H. Tests.,H300–H499. Marriage tests.,H310–H359. Suitor tests.,,H310. Suitor tests.,H345.1. Suitor test: lifting strong princess's giant weapon.,Tests,Marriage tests,Suitor tests,,Suitor tests
587,723,ATU 519 The Strong Woman as Bride (Brunhilde),H345.2. †H345.2. Suitor test: riding strong princess's horse.,519,H345.2,Suitor test: riding strong princess's horse.,H. Tests.,H300–H499. Marriage tests.,H310–H359. Suitor tests.,,H310. Suitor tests.,H345.2. Suitor test: riding strong princess's horse.,Tests,Marriage tests,Suitor tests,,Suitor tests
588,724,ATU 519 The Strong Woman as Bride (Brunhilde),H345. †H345. Suitor test: overcoming princess in strength.,519,H345,Suitor test: overcoming princess in strength.,H. Tests.,H300–H499. Marriage tests.,H310–H359. Suitor tests.,,H310. Suitor tests.,H345. Suitor test: overcoming princess in strength.,Tests,Marriage tests,Suitor tests,,Suitor tests
589,725,ATU 519 The Strong Woman as Bride (Brunhilde),T173.1. †T173.1. Strong bride tries to stifle husband in bed.,519,T173.1,Strong bride tries to stifle husband in bed.,T. Sex.,T100–T199. Marriage.,,,T160. Consummation of marriage.,T173.1. Strong bride tries to stifle husband in bed.,Sex,Marriage,,,Consummation of marriage
590,726,ATU 519 The Strong Woman as Bride (Brunhilde),K1844.1. †K1844.1. Husband has his strong servant substitute in bed with strong wife.,519,K1844.1,Husband has his strong servant substitute in bed with strong wife.,K. Deceptions.,K1700–K2099. Deception through shams.,K1800–K1899. Deception by disguise or illusion.,,K1840. Deception by substitution.,K1844.1. Husband has his strong servant substitute in bed with strong wife. The supernaturally strong wife is about to kill her husband.,Deceptions,Deception through shams,Deception by disguise or illusion,,Deception by substitution
591,727,ATU 519 The Strong Woman as Bride (Brunhilde),Q451.2. †Q451.2. Laming as punishment.,519,Q451.2,Laming as punishment.,Q. Rewards and punishments.,Q400–Q599. Kinds of punishment.,,,Q450. Cruel punishments.,Q451.2. Laming as punishment. (Cf. S162.),Rewards and punishments,Kinds of punishment,,,Cruel punishments
592,728,ATU 519 The Strong Woman as Bride (Brunhilde),D1500.1.18. †D1500.1.18. Magic healing water.,519,D1500.1.18,Magic healing water.,D. Magic.,D800–D1699. Magic objects.,D1300–D1599. Function of magic objects.,,D1500. Magic object controls disease.,D1500.1.18. Magic healing water. (Cf. D1242.1.),Magic,Magic objects,Function of magic objects,,Magic object controls disease
593,729,ATU 519 The Strong Woman as Bride (Brunhilde),R169.4. †R169.4. Hero rescued by servant.,519,R169.4,Hero rescued by servant.,R. Captives and fugitives.,R100–R199. Rescues.,,,R150. Rescuers.,"R169.4. Hero rescued by servant. (Cf. P361, R53.4.)",Captives and fugitives,Rescues,,,Rescuers
594,730,ATU 530 Princess on the Glass Mountain,H1471. †H1471. Watch for devastating monster,530,H1471,Watch for devastating monster,H. Tests.,H1400–H1599. Other tests.,H1450–H1499. Tests of vigilance.,,H1470. Other vigilance tests.,H1471. Watch for devastating monster. Youngest alone successful.,Tests,Other tests,Tests of vigilance,,Other vigilance tests
595,731,ATU 530 Princess on the Glass Mountain,B315. †B315. Animal helpful after being conquered.,530,B315,Animal helpful after being conquered.,B. Animals.,B300–B599. Friendly animals.,B300–B349. Helpful animals – general.,,B310. Acquisition of helpful animal.,B315. Animal helpful after being conquered.,Animals,Friendly animals,Helpful animals – general,,Acquisition of helpful animal
596,732,ATU 530 Princess on the Glass Mountain,B401. †B401. Helpful horse,530,B401,Helpful horse,B. Animals.,B300–B599. Friendly animals.,B400–B499. Kinds of helpful animals.,B400–B449. Helpful beasts.,B400. Helpful domestic beasts.,B401. Helpful horse.,Animals,Friendly animals,Kinds of helpful animals,Helpful beasts,Helpful domestic beasts
597,733,ATU 530 Princess on the Glass Mountain,H331.1.1. †H331.1.1. Suitor contest: riding up glass mountain.,530,H331.1.1,Suitor contest: riding up glass mountain.,H. Tests.,H300–H499. Marriage tests.,H310–H359. Suitor tests.,,H310. Suitor tests.,H331.1.1. Suitor contest: riding up glass mountain.,Tests,Marriage tests,Suitor tests,,Suitor tests
598,734,ATU 530 Princess on the Glass Mountain,H80. †H80. Identification by tokens.,530,H80,Identification by tokens.,H. Tests.,H0–H199. Identity tests: Recognition.,H80–H149. Identification by tokens.,,H80. Identification by tokens.,H80. Identification by tokens.,Tests,Identity tests: Recognition,Identification by tokens,,Identification by tokens
599,735,ATU 531 The Clever Horse,H1381.2.2.1. †H1381.2.2.1. Son seeks unknown father.,531,H1381.2.2.1,Son seeks unknown father.,H. Tests.,H1200–H1399. Tests of prowess: quests.,H1250–H1399. Nature of quests.,,H1370. Miscellaneous quests.,H1381.2.2.1. Son seeks unknown father.,Tests,Tests of prowess: quests,Nature of quests,,Miscellaneous quests
600,736,ATU 531 The Clever Horse,B211.1.3. †B211.1.3. Speaking horse.,531,B211.1.3,Speaking horse.,B. Animals.,B200–B299. Animals with human traits.,,,B210. Speaking animals.,B211.1.3. Speaking horse.,Animals,Animals with human traits,,,Speaking animals
601,737,ATU 531 The Clever Horse,B401. †B401. Helpful horse.,531,B401,Helpful horse.,B. Animals.,B300–B599. Friendly animals.,B400–B499. Kinds of helpful animals.,B400–B449. Helpful beasts.,B400. Helpful domestic beasts.,B401. Helpful horse.,Animals,Friendly animals,Kinds of helpful animals,Helpful beasts,Helpful domestic beasts
602,738,ATU 531 The Clever Horse,B341. †B341. Helpful animal's injunctions disobeyed.,531,B341,Helpful animal's injunctions disobeyed.,B. Animals.,B300–B599. Friendly animals.,B300–B349. Helpful animals – general.,,B340. Treatment of helpful animals – miscellaneous.,B341. Helpful animal's injunctions disobeyed. Disaster follows.,Animals,Friendly animals,Helpful animals – general,,Treatment of helpful animals – miscellaneous
603,739,ATU 531 The Clever Horse,K1934. †K1934. Impostor forces hero (heroine) to change places with him (her).,531,K1934,Impostor forces hero (heroine) to change places with him (her).,K. Deceptions.,K1700–K2099. Deception through shams.,K1900–K1999. Impostures.,,K1930. Treacherous impostors.,K1934. Impostor forces hero (heroine) to change places with him (her).,Deceptions,Deception through shams,Impostures,,Treacherous impostors
604,740,ATU 531 The Clever Horse,B350. †B350. Grateful animals.,531,B350,Grateful animals.,B. Animals.,B300–B599. Friendly animals.,B350–B399. Grateful animals.,,B350. Grateful animals.,B350. Grateful animals.,Animals,Friendly animals,Grateful animals,,Grateful animals
605,741,ATU 531 The Clever Horse,H1213.1. †H1213.1. Quest for princess caused by sight of one of her hairs dropped by a bird (or floating on river),531,H1213.1,Quest for princess caused by sight of one of her hairs dropped by a bird (or floating on river),H. Tests.,H1200–H1399. Tests of prowess: quests.,H1200–H1249. Attendant circumstances of quests.,,H1210. Quest assigned.,H1213.1. Quest for princess caused by sight of one of her hairs dropped by a bird (or floating on river).,Tests,Tests of prowess: quests,Attendant circumstances of quests,,Quest assigned
606,742,ATU 531 The Clever Horse,H911. †H911. Tasks assigned at suggestion of jealous rivals,531,H911,Tasks assigned at suggestion of jealous rivals,H. Tests.,H900–H1199. Tests of prowess: tasks.,H900–H999. Assignment and performance of tasks.,H900–H949. Assignment of tasks.,H910. Assignment of tasks in response to suggestion.,H911. Tasks assigned at suggestion of jealous rivals.,Tests,Tests of prowess: tasks,Assignment and performance of tasks,Assignment of tasks,Assignment of tasks in response to suggestion
607,743,ATU 531 The Clever Horse,E15.1. †E15.1. Resuscitation by boiling.,531,E15.1,Resuscitation by boiling.,E. The dead.,E0–E199. Resuscitation.,,,E10. Resuscitation by rough treatment.,E15.1. Resuscitation by boiling.,The dead,Resuscitation,,,Resuscitation by rough treatment
608,744,ATU 531 The Clever Horse,J2411.1. †J2411.1. Imitation of magic rejuvenation unsuccessful.,531,J2411.1,Imitation of magic rejuvenation unsuccessful.,J. The wise and the foolish.,J1700–J2749. Fools (and other unwise persons).,J2400–J2449. Foolish imitation.,,J2410. Types of foolish imitation.,J2411.1. Imitation of magic rejuvenation unsuccessful. (Cf. J2401.),The wise and the foolish,Fools (and other unwise persons),Foolish imitation,,Types of foolish imitation
609,745,ATU 531 The Clever Horse,B313. †B313. Helpful animal an enchanted person.,531,B313,Helpful animal an enchanted person.,B. Animals.,B300–B599. Friendly animals.,B300–B349. Helpful animals – general.,,B310. Acquisition of helpful animal.,B313. Helpful animal an enchanted person.,Animals,Friendly animals,Helpful animals – general,,Acquisition of helpful animal
610,746,ATU 532* Magic Ox,B411.2. †B411.2. Helpful ox.,532*,B411.2,Helpful ox.,B. Animals.,B300–B599. Friendly animals.,B400–B499. Kinds of helpful animals.,B400–B449. Helpful beasts.,B400. Helpful domestic beasts.,B411.2. Helpful ox.,Animals,Friendly animals,Kinds of helpful animals,Helpful beasts,Helpful domestic beasts
611,747,ATU 533 Speaking Horsehead,K2252. †K2252. Treacherous maidservant.,533,K2252,Treacherous maidservant.,K. Deceptions.,K2200–K2299. Villains and traitors.,,,K2250. Treacherous servants and workmen.,K2252. Treacherous maidservant.,Deceptions,Villains and traitors,,,Treacherous servants and workmen
612,748,ATU 533 Speaking Horsehead,K1911.1.1. †K1911.1.1. False bride takes true bride's place on the way to the wedding.,533,K1911.1.1,False bride takes true bride's place on the way to the wedding.,K. Deceptions.,K1700–K2099. Deception through shams.,K1900–K1999. Impostures.,,K1910. Marital impostors.,K1911.1.1. False bride takes true bride's place on the way to the wedding.,Deceptions,Deception through shams,Impostures,,Marital impostors
613,749,ATU 533 Speaking Horsehead,K1934. †K1934. Impostor forces hero (heroine) to change places with him (her).,533,K1934,Impostor forces hero (heroine) to change places with him (her).,K. Deceptions.,K1700–K2099. Deception through shams.,K1900–K1999. Impostures.,,K1930. Treacherous impostors.,K1934. Impostor forces hero (heroine) to change places with him (her).,Deceptions,Deception through shams,Impostures,,Treacherous impostors
614,750,ATU 533 Speaking Horsehead,K1933. †K1933. Impostor forces oath of secrecy.,533,K1933,Impostor forces oath of secrecy.,K. Deceptions.,K1700–K2099. Deception through shams.,K1900–K1999. Impostures.,,K1930. Treacherous impostors.,K1933. Impostor forces oath of secrecy. Hero or heroine swears not to tell of imposture.,Deceptions,Deception through shams,Impostures,,Treacherous impostors
615,751,ATU 533 Speaking Horsehead,K1816.5. †K1816.5. Disguise as goose-girl (turkey-girl).,533,K1816.5,Disguise as goose-girl (turkey-girl).,K. Deceptions.,K1700–K2099. Deception through shams.,K1800–K1899. Deception by disguise or illusion.,,K1810. Deception by disguise.,K1816.5. Disguise as goose-girl (turkey-girl).,Deceptions,Deception through shams,Deception by disguise or illusion,,Deception by disguise
616,752,ATU 533 Speaking Horsehead,B335. †B335. Helpful animal killed by hero's enemy.,533,B335,Helpful animal killed by hero's enemy.,B. Animals.,B300–B599. Friendly animals.,B300–B349. Helpful animals – general.,,B330. Death of helpful animal.,B335. Helpful animal killed by hero's enemy.,Animals,Friendly animals,Helpful animals – general,,Death of helpful animal
617,753,ATU 533 Speaking Horsehead,B133.3. †B133.3. Speaking horse-head.,533,B133.3,Speaking horse-head.,B. Animals.,B100–B199. Magic animals.,B120–B169. Animals with magic wisdom.,,B130. Truth-telling animals.,B133.3. Speaking horse-head. The helpful magic horse (B181) is killed (B330). The head is preserved and placed on the wall. It speaks and reveals the treachery practiced against the heroine.,Animals,Magic animals,Animals with magic wisdom,,Truth-telling animals
618,754,ATU 533 Speaking Horsehead,H13.2.7. †H13.2.7. Recognition by overheard conversation with stove.,533,H13.2.7,Recognition by overheard conversation with stove.,H. Tests.,H0–H199. Identity tests: Recognition.,,,H10. Recognition through common knowledge.,H13.2.7. Recognition by overheard conversation with stove.,Tests,Identity tests: Recognition,,,Recognition through common knowledge
619,755,ATU 404 Blinded Bride,D1454.2. †D1454.2. Treasure falls from mouth.,404,D1454.2,Treasure falls from mouth.,D. Magic.,D800–D1699. Magic objects.,D1300–D1599. Function of magic objects.,,D1450. Magic object furnishes treasure.,"D1454.2. Treasure falls from mouth. (Cf. D992.2, D1454.3.)",Magic,Magic objects,Function of magic objects,,Magic object furnishes treasure
620,756,ATU 404 Blinded Bride,S31. †S31. Cruel stepmother.,404,S31,Cruel stepmother.,S. Unnatural cruelty.,S0–S99. Cruel relatives.,,,S30. Cruel step- and foster relatives.,S31. Cruel stepmother.,Unnatural cruelty,Cruel relatives,,,Cruel step- and foster relatives
621,757,ATU 404 Blinded Bride,S165. †S165. Mutilation: putting out eyes.,404,S165,Mutilation: putting out eyes.,S. Unnatural cruelty.,S100–S199. Revolting murders or mutilations.,,,S160. Mutilations.,S165. Mutilation: putting out eyes.,Unnatural cruelty,Revolting murders or mutilations,,,Mutilations
622,758,ATU 404 Blinded Bride,K1911.1.1. †K1911.1.1. False bride takes true bride's place on the way to the wedding.,404,K1911.1.1,False bride takes true bride's place on the way to the wedding.,K. Deceptions.,K1700–K2099. Deception through shams.,K1900–K1999. Impostures.,,K1910. Marital impostors.,K1911.1.1. False bride takes true bride's place on the way to the wedding.,Deceptions,Deception through shams,Impostures,,Marital impostors
623,759,ATU 404 Blinded Bride,E781.2. †E781.2. Eyes bought back and replaced.,404,E781.2,Eyes bought back and replaced.,E. The dead.,E700–E799. The soul.,,,E780. Vital bodily members.,E781.2. Eyes bought back and replaced.,The dead,The soul,,,Vital bodily members
624,760,ATU 404 Blinded Bride,H35. †H35. Recognition by unique manner of performing an act.,404,H35,Recognition by unique manner of performing an act.,H. Tests.,H0–H199. Identity tests: Recognition.,,,H30. Recognition through personal peculiarities,H35. Recognition by unique manner of performing an act.,Tests,Identity tests: Recognition,,,Recognition through personal peculiarities
625,761,ATU 545A The Cat Castle,N411.1.1. †N411.1.1. Cat as sole inheritance.,545A,N411.1.1,Cat as sole inheritance.,N. Chance and fate.,N400–N699. Lucky accidents.,N410–N439. Lucky business ventures.,,N410. Lucky business venture.,N411.1.1. Cat as sole inheritance.,Chance and fate,Lucky accidents,Lucky business ventures,,Lucky business venture
626,762,ATU 545A The Cat Castle,B211.1.8. †B211.1.8. Speaking cat.,545A,B211.1.8,Speaking cat.,B. Animals.,B200–B299. Animals with human traits.,,,B210. Speaking animals.,B211.1.8. Speaking cat.,Animals,Animals with human traits,,,Speaking animals
627,763,ATU 545A The Cat Castle,B422. †B422. Helpful cat,545A,B422,Helpful cat,B. Animals.,B300–B599. Friendly animals.,B400–B499. Kinds of helpful animals.,B400–B449. Helpful beasts.,B400. Helpful domestic beasts.,B422. Helpful cat.,Animals,Friendly animals,Kinds of helpful animals,Helpful beasts,Helpful domestic beasts
628,764,ATU 545A The Cat Castle,F771.4.1. †F771.4.1. Castle inhabited by ogres.,545A,F771.4.1,Castle inhabited by ogres.,F. Marvels.,F700-F899. Extraordinary places and things.,,,F770. Extraordinary buildings and furnishings.,F771.4.1. Castle inhabited by ogres.,Marvels,-F899. Extraordinary places and things,,,Extraordinary buildings and furnishings
629,765,ATU 545A The Cat Castle,"G510. †G510. Ogre killed, maimed, or captured.",545A,G510,"Ogre killed, maimed, or captured.",G. Ogres.,G500–G599. Ogre defeated.,,,"G510. Ogre killed, maimed, or captured.","G510. Ogre killed, maimed, or captured.",Ogres,Ogre defeated,,,"Ogre killed, maimed, or captured"
630,766,ATU 545A The Cat Castle,D711. †D711. Disenchantment by decapitation.,545A,D711,Disenchantment by decapitation.,D. Magic.,D700–D799. Disenchantment.,,,D710. Disenchantment by rough treatment.,D711. Disenchantment by decapitation.,Magic,Disenchantment,,,Disenchantment by rough treatment
631,767,ATU 545B Puss In Boots,B211.1.8. †B211.1.8. Speaking cat.,545B,B211.1.8,Speaking cat.,B. Animals.,B200–B299. Animals with human traits.,,,B210. Speaking animals.,B211.1.8. Speaking cat.,Animals,Animals with human traits,,,Speaking animals
632,768,ATU 545B Puss In Boots,B580. †B580. Animal helps men to wealth and greatness.,545B,B580,Animal helps men to wealth and greatness.,B. Animals.,B300–B599. Friendly animals.,B500–B599. Services of helpful animals.,,B580. Animal helps men to wealth and greatness.,B580. Animal helps men to wealth and greatness.,Animals,Friendly animals,Services of helpful animals,,Animal helps men to wealth and greatness
633,769,ATU 545B Puss In Boots,B582.1.1. †B582.1.1. Animal wins wife for his master (Puss in Boots).,545B,B582.1.1,Animal wins wife for his master (Puss in Boots).,B. Animals.,B300–B599. Friendly animals.,B500–B599. Services of helpful animals.,,B580. Animal helps men to wealth and greatness.,B582.1.1. Animal wins wife for his master (Puss in Boots).,Animals,Friendly animals,Services of helpful animals,,Animal helps men to wealth and greatness
634,770,ATU 545B Puss In Boots,K1917.3. †K1917.3. Penniless wooer: helpful animal reports master wealthy and thus wins girl for him,545B,K1917.3,Penniless wooer: helpful animal reports master wealthy and thus wins girl for him,K. Deceptions.,K1700–K2099. Deception through shams.,K1900–K1999. Impostures.,,K1910. Marital impostors.,K1917.3. Penniless wooer: helpful animal reports master wealthy and thus wins girl for him.,Deceptions,Deception through shams,Impostures,,Marital impostors
635,771,ATU 545B Puss In Boots,K1952.1.1. †K1952.1.1. Poor boy said by helpful animal to be dispossessed prince (wealthy man) who has lost clothes while swimming (in shipwreck).,545B,K1952.1.1,Poor boy said by helpful animal to be dispossessed prince (wealthy man) who has lost clothes while swimming (in shipwreck).,K. Deceptions.,K1700–K2099. Deception through shams.,K1900–K1999. Impostures.,,K1950. Sham prowess.,K1952.1.1. Poor boy said by helpful animal to be dispossessed prince (wealthy man) who has lost clothes while swimming (in shipwreck).,Deceptions,Deception through shams,Impostures,,Sham prowess
636,772,ATU 545B Puss In Boots,F771.4.1. †F771.4.1. Castle inhabited by ogres,545B,F771.4.1,Castle inhabited by ogres,F. Marvels.,F700-F899. Extraordinary places and things.,,,F770. Extraordinary buildings and furnishings.,F771.4.1. Castle inhabited by ogres.,Marvels,-F899. Extraordinary places and things,,,Extraordinary buildings and furnishings
637,773,ATU 545B Puss In Boots,D711. †D711. Disenchantment by decapitation.,545B,D711,Disenchantment by decapitation.,D. Magic.,D700–D799. Disenchantment.,,,D710. Disenchantment by rough treatment.,D711. Disenchantment by decapitation.,Magic,Disenchantment,,,Disenchantment by rough treatment
638,775,ATU 546 The Clever Parrot,B469.9. †B469.9. Helpful parrot.,546,B469.9,Helpful parrot.,B. Animals.,B300–B599. Friendly animals.,B400–B499. Kinds of helpful animals.,,B450. Helpful birds.,B469.9. Helpful parrot.,Animals,Friendly animals,Kinds of helpful animals,,Helpful birds
639,776,"ATU 550 Bird, Horse, and Princess",H1331.1. †H1331.1. Quest for marvelous bird.,550,H1331.1,Quest for marvelous bird.,H. Tests.,H1200–H1399. Tests of prowess: quests.,H1250–H1399. Nature of quests.,,H1320. Quest for marvelous objects or animals.,H1331.1. Quest for marvelous bird.,Tests,Tests of prowess: quests,Nature of quests,,Quest for marvelous objects or animals
640,777,"ATU 550 Bird, Horse, and Princess",L13. †L13. Compassionate youngest son,550,L13,Compassionate youngest son,L. Reversal of fortune.,L0–L99. Victorious youngest child.,,,L10. Victorious youngest son.,L13. Compassionate youngest son. Kind to people or animals: rewarded.,Reversal of fortune,Victorious youngest child,,,Victorious youngest son
641,778,"ATU 550 Bird, Horse, and Princess",B313. †B313. Helpful animal an enchanted person.,550,B313,Helpful animal an enchanted person.,B. Animals.,B300–B599. Friendly animals.,B300–B349. Helpful animals – general.,,B310. Acquisition of helpful animal.,B313. Helpful animal an enchanted person.,Animals,Friendly animals,Helpful animals – general,,Acquisition of helpful animal
642,779,"ATU 550 Bird, Horse, and Princess",B560. †B560. Animals advise men.,550,B560,Animals advise men.,B. Animals.,B300–B599. Friendly animals.,B500–B599. Services of helpful animals.,,B560. Animals advise men.,B560. Animals advise men.,Animals,Friendly animals,Services of helpful animals,,Animals advise men
643,780,"ATU 550 Bird, Horse, and Princess",B184.1. †B184.1. Magic horse,550,B184.1,Magic horse,B. Animals.,B100–B199. Magic animals.,B170–B189. Other magic animals.,,B180. Magic quadrupeds.,B184.1. Magic horse.,Animals,Magic animals,Other magic animals,,Magic quadrupeds
644,781,"ATU 550 Bird, Horse, and Princess",N711.3. †N711.3. Hero finds maiden in (magic) garden.,550,N711.3,Hero finds maiden in (magic) garden.,N. Chance and fate.,N700–N799. Accidental encounters.,,,N710. Accidental meeting of hero and heroine.,N711.3. Hero finds maiden in (magic) garden.,Chance and fate,Accidental encounters,,,Accidental meeting of hero and heroine
645,782,"ATU 550 Bird, Horse, and Princess",B435.1. †B435.1. Helpful fox.,550,B435.1,Helpful fox.,B. Animals.,B300–B599. Friendly animals.,B400–B499. Kinds of helpful animals.,B400–B449. Helpful beasts.,B430. Helpful wild beasts.,B435.1. Helpful fox.,Animals,Friendly animals,Kinds of helpful animals,Helpful beasts,Helpful wild beasts
646,783,"ATU 550 Bird, Horse, and Princess",H1242. †H1242. Youngest brother alone succeeds on quest.,550,H1242,Youngest brother alone succeeds on quest.,H. Tests.,H1200–H1399. Tests of prowess: quests.,H1200–H1249. Attendant circumstances of quests.,,H1240. Other circumstances of quests.,H1242. Youngest brother alone succeeds on quest.,Tests,Tests of prowess: quests,Attendant circumstances of quests,,Other circumstances of quests
647,784,"ATU 550 Bird, Horse, and Princess",W154.12.3. †W154.12.3. Ungrateful brothers plot against rescuer.,550,W154.12.3,Ungrateful brothers plot against rescuer.,W. Traits of character.,W100–W199. Unfavorable traits of character.,,,W150. Unfavorable traits of character – social.,W154.12.3. Ungrateful brothers plot against rescuer.,Traits of character,Unfavorable traits of character,,,Unfavorable traits of character – social
648,785,"ATU 550 Bird, Horse, and Princess",K1932. †K1932. Impostors claim reward (prize) earned by hero.,550,K1932,Impostors claim reward (prize) earned by hero.,K. Deceptions.,K1700–K2099. Deception through shams.,K1900–K1999. Impostures.,,K1930. Treacherous impostors.,K1932. Impostors claim reward (prize) earned by hero.,Deceptions,Deception through shams,Impostures,,Treacherous impostors
649,786,"ATU 550 Bird, Horse, and Princess",L161. †L161. Lowly hero marries princess.,550,L161,Lowly hero marries princess.,L. Reversal of fortune.,L100–L199. Unpromising hero (heroine).,,,L160. Success of the unpromising hero (heroine).,L161. Lowly hero marries princess.,Reversal of fortune,Unpromising hero (heroine),,,Success of the unpromising hero (heroine)
650,787,ATU 551 The Water of Life,H1321.1. †H1321.1. Quest for Water of Life (water which will resuscitate).,551,H1321.1,Quest for Water of Life (water which will resuscitate).,H. Tests.,H1200–H1399. Tests of prowess: quests.,H1250–H1399. Nature of quests.,,H1320. Quest for marvelous objects or animals.,H1321.1. Quest for Water of Life (water which will resuscitate).,Tests,Tests of prowess: quests,Nature of quests,,Quest for marvelous objects or animals
651,788,ATU 551 The Water of Life,H1210.1. †H1210.1. Quest assigned by father,551,H1210.1,Quest assigned by father,H. Tests.,H1200–H1399. Tests of prowess: quests.,H1200–H1249. Attendant circumstances of quests.,,H1210. Quest assigned.,H1210.1. Quest assigned by father.,Tests,Tests of prowess: quests,Attendant circumstances of quests,,Quest assigned
652,789,ATU 551 The Water of Life,N825.2. †N825.2. Old man helper.,551,N825.2,Old man helper.,N. Chance and fate.,N800–N899. Helpers.,,,N820. Human helpers.,N825.2. Old man helper.,Chance and fate,Helpers,,,Human helpers
653,790,ATU 551 The Water of Life,H1242. †H1242. Youngest brother alone succeeds on quest.,551,H1242,Youngest brother alone succeeds on quest.,H. Tests.,H1200–H1399. Tests of prowess: quests.,H1200–H1249. Attendant circumstances of quests.,,H1240. Other circumstances of quests.,H1242. Youngest brother alone succeeds on quest.,Tests,Tests of prowess: quests,Attendant circumstances of quests,,Other circumstances of quests
654,791,ATU 551 The Water of Life,N711.3. †N711.3. Hero finds maiden in (magic) garden.,551,N711.3,Hero finds maiden in (magic) garden.,N. Chance and fate.,N700–N799. Accidental encounters.,,,N710. Accidental meeting of hero and heroine.,N711.3. Hero finds maiden in (magic) garden.,Chance and fate,Accidental encounters,,,Accidental meeting of hero and heroine
655,792,ATU 551 The Water of Life,T475.2. †T475.2. Hero lies by princess in magic sleep and begets child,551,T475.2,Hero lies by princess in magic sleep and begets child,T. Sex.,T400–T499. Illicit sexual relations.,,,T470. Illicit sexual relations – miscellaneous motifs.,T475.2. Hero lies by princess in magic sleep and begets child.,Sex,Illicit sexual relations,,,Illicit sexual relations – miscellaneous motifs
656,793,ATU 551 The Water of Life,H81.1. †H81.1. Hero lies by sleeping girl and leaves identification token with her.,551,H81.1,Hero lies by sleeping girl and leaves identification token with her.,H. Tests.,H0–H199. Identity tests: Recognition.,H80–H149. Identification by tokens.,,H80. Identification by tokens.,H81.1. Hero lies by sleeping girl and leaves identification token with her.,Tests,Identity tests: Recognition,Identification by tokens,,Identification by tokens
657,794,ATU 551 The Water of Life,K2211. †K2211. Treacherous brother.,551,K2211,Treacherous brother.,K. Deceptions.,K2200–K2299. Villains and traitors.,,,K2210. Treacherous relatives.,K2211. Treacherous brother. Usually elder brother.,Deceptions,Villains and traitors,,,Treacherous relatives
658,795,ATU 551 The Water of Life,W154.12.3. †W154.12.3. Ungrateful brothers plot against rescuer.,551,W154.12.3,Ungrateful brothers plot against rescuer.,W. Traits of character.,W100–W199. Unfavorable traits of character.,,,W150. Unfavorable traits of character – social.,W154.12.3. Ungrateful brothers plot against rescuer.,Traits of character,Unfavorable traits of character,,,Unfavorable traits of character – social
659,796,ATU 551 The Water of Life,K1932. †K1932. Impostors claim reward (prize) earned by hero,551,K1932,Impostors claim reward (prize) earned by hero,K. Deceptions.,K1700–K2099. Deception through shams.,K1900–K1999. Impostures.,,K1930. Treacherous impostors.,K1932. Impostors claim reward (prize) earned by hero.,Deceptions,Deception through shams,Impostures,,Treacherous impostors
660,797,ATU 551 The Water of Life,H1381.2.1. †H1381.2.1. Woman seeks unknown father of her child.,551,H1381.2.1,Woman seeks unknown father of her child.,H. Tests.,H1200–H1399. Tests of prowess: quests.,H1250–H1399. Nature of quests.,,H1370. Miscellaneous quests.,H1381.2.1. Woman seeks unknown father of her child.,Tests,Tests of prowess: quests,Nature of quests,,Miscellaneous quests
661,798,ATU 551 The Water of Life,H80. †H80. Identification by tokens.,551,H80,Identification by tokens.,H. Tests.,H0–H199. Identity tests: Recognition.,H80–H149. Identification by tokens.,,H80. Identification by tokens.,H80. Identification by tokens.,Tests,Identity tests: Recognition,Identification by tokens,,Identification by tokens
662,799,ATU 551 The Water of Life,L161. †L161. Lowly hero marries princess.,551,L161,Lowly hero marries princess.,L. Reversal of fortune.,L100–L199. Unpromising hero (heroine).,,,L160. Success of the unpromising hero (heroine).,L161. Lowly hero marries princess.,Reversal of fortune,Unpromising hero (heroine),,,Success of the unpromising hero (heroine)
663,800,ATU 552 Girls Who Married Animals,S221.1. †S221.1. Bankrupt father sells his daughters in marriage to animals.,552,S221.1,Bankrupt father sells his daughters in marriage to animals.,S. Unnatural cruelty.,S200–S299. Cruel sacrifices.,,,S220. Reasons for promise (sale) of child.,S221.1. Bankrupt father sells his daughters in marriage to animals. (Sometimes to pay gambling debt.) (Cf. S215.),Unnatural cruelty,Cruel sacrifices,,,Reasons for promise (sale) of child
664,801,ATU 552 Girls Who Married Animals,B640. †B640. Marriage to person in animal form.,552,B640,Marriage to person in animal form.,B. Animals.,B600–B699. Marriage of person to animal.,,,B640. Marriage to person in animal form.,B640. Marriage to person in animal form.,Animals,Marriage of person to animal,,,Marriage to person in animal form
665,802,ATU 552 Girls Who Married Animals,D621.1. †D621.1. Animal by day; man by night.,552,D621.1,Animal by day; man by night.,D. Magic.,D0–D699. Transformation.,D600–D699. Miscellaneous transformation incidents.,,D620. Periodic transformation.,D621.1. Animal by day; man by night.,Magic,Transformation,Miscellaneous transformation incidents,,Periodic transformation
666,803,ATU 552 Girls Who Married Animals,B501. †B501. Animal gives part of body as talisman for summoning its aid.,552,B501,Animal gives part of body as talisman for summoning its aid.,B. Animals.,B300–B599. Friendly animals.,B500–B599. Services of helpful animals.,,B500. Magic power from animals.,B501. Animal gives part of body as talisman for summoning its aid.,Animals,Friendly animals,Services of helpful animals,,Magic power from animals
667,805,ATU 554 The Grateful Animals,B582.2. †B582.2. Animals help hero win princess.,554,B582.2,Animals help hero win princess.,B. Animals.,B300–B599. Friendly animals.,B500–B599. Services of helpful animals.,,B580. Animal helps men to wealth and greatness.,B582.2. Animals help hero win princess.,Animals,Friendly animals,Services of helpful animals,,Animal helps men to wealth and greatness
668,806,ATU 554 The Grateful Animals,B571. †B571. Animals perform tasks for man.,554,B571,Animals perform tasks for man.,B. Animals.,B300–B599. Friendly animals.,B500–B599. Services of helpful animals.,,B570. Animals serve men.,B571. Animals perform tasks for man.,Animals,Friendly animals,Services of helpful animals,,Animals serve men
669,807,ATU 554 The Grateful Animals,H982. †H982. Animals help man perform task.,554,H982,Animals help man perform task.,H. Tests.,H900–H1199. Tests of prowess: tasks.,H900–H999. Assignment and performance of tasks.,H950–H999. Performance of tasks.,H970. Help in performing tasks.,H982. Animals help man perform task.,Tests,Tests of prowess: tasks,Assignment and performance of tasks,Performance of tasks,Help in performing tasks
670,808,"ATU 555 The Fisherman and his Wife,","B170. †B170. Magic birds, fish, reptiles, etc.",555,B170,"Magic birds, fish, reptiles, etc.",B. Animals.,B100–B199. Magic animals.,B170–B189. Other magic animals.,,"B170. Magic birds, fish, reptiles, etc.","B170. Magic birds, fish, reptiles, etc.",Animals,Magic animals,Other magic animals,,"Magic birds, fish, reptiles, etc"
671,809,"ATU 555 The Fisherman and his Wife,",B375.1. †B375.1. Fish returned to water: grateful.,555,B375.1,Fish returned to water: grateful.,B. Animals.,B300–B599. Friendly animals.,B350–B399. Grateful animals.,,B370. Animal grateful to captor for release.,B375.1. Fish returned to water: grateful.,Animals,Friendly animals,Grateful animals,,Animal grateful to captor for release
672,810,"ATU 555 The Fisherman and his Wife,",D1761.0.1. †D1761.0.1. Wishes granted without limit.,555,D1761.0.1,Wishes granted without limit.,D. Magic.,D1700–D2199. Magic powers and manifestations.,D1710–D1799. Possession and means of employment of magic powers.,,D1760. Means of producing magic power.,D1761.0.1. Wishes granted without limit.,Magic,Magic powers and manifestations,Possession and means of employment of magic powers,,Means of producing magic power
673,811,"ATU 555 The Fisherman and his Wife,",C773.1. †C773.1. Tabu: making unreasonable requests.,555,C773.1,Tabu: making unreasonable requests.,C. Tabu.,C700–C899. Miscellaneous tabus.,,,C770. Tabu: overweening pride.,"C773.1. Tabu: making unreasonable requests. Given power of fulfilling all wishes, person oversteps moderation and is punished.",Tabu,Miscellaneous tabus,,,Tabu: overweening pride
674,812,"ATU 555 The Fisherman and his Wife,",J514. †J514. One should not be too greedy.,555,J514,One should not be too greedy.,J. The wise and the foolish.,J200–J1099. Wise and unwise conduct.,J500–J599. Prudence and Discretion.,,J510. Prudence in ambition.,J514. One should not be too greedy.,The wise and the foolish,Wise and unwise conduct,Prudence and Discretion,,Prudence in ambition
675,813,"ATU 555 The Fisherman and his Wife,",Q338. †Q338. Immoderate request punished.,555,Q338,Immoderate request punished.,Q. Rewards and punishments.,Q200–Q399. Deeds punished.,,,Q330. Overweening punished.,"Q338. Immoderate request punished. (Cf. Q501.8, Q559.6, Q572.4, Q582.6, Q585.2.)",Rewards and punishments,Deeds punished,,,Overweening punished
676,814,ATU 559 Dungbeetle,T68. †T68. Princess offered as prize.,559,T68,Princess offered as prize.,T. Sex.,T0–T99. Love.,,,T50. Wooing.,T68. Princess offered as prize.,Sex,Love,,,Wooing
677,815,ATU 559 Dungbeetle,F591. †F591. Person who never laughs,559,F591,Person who never laughs,F. Marvels.,F200–F699. Marvelous creatures.,F500–F599. Remarkable persons.,,F570. Other extraordinary human beings.,F591. Person who never laughs.,Marvels,Marvelous creatures,Remarkable persons,,Other extraordinary human beings
678,816,ATU 559 Dungbeetle,H341. †H341. Suitor test: making princess laugh.,559,H341,Suitor test: making princess laugh.,H. Tests.,H300–H499. Marriage tests.,H310–H359. Suitor tests.,,H310. Suitor tests.,H341. Suitor test: making princess laugh. Sadfaced princess has never laughed.,Tests,Marriage tests,Suitor tests,,Suitor tests
679,817,ATU 559 Dungbeetle,H982. †H982. Animals help man perform task.,559,H982,Animals help man perform task.,H. Tests.,H900–H1199. Tests of prowess: tasks.,H900–H999. Assignment and performance of tasks.,H950–H999. Performance of tasks.,H970. Help in performing tasks.,H982. Animals help man perform task.,Tests,Tests of prowess: tasks,Assignment and performance of tasks,Performance of tasks,Help in performing tasks
680,818,ATU 559 Dungbeetle,B571. †B571. Animals perform tasks for man,559,B571,Animals perform tasks for man,B. Animals.,B300–B599. Friendly animals.,B500–B599. Services of helpful animals.,,B570. Animals serve men.,B571. Animals perform tasks for man.,Animals,Friendly animals,Services of helpful animals,,Animals serve men
681,819,ATU 559 Dungbeetle,B582.2. †B582.2. Animals help hero win princess.,559,B582.2,Animals help hero win princess.,B. Animals.,B300–B599. Friendly animals.,B500–B599. Services of helpful animals.,,B580. Animal helps men to wealth and greatness.,B582.2. Animals help hero win princess.,Animals,Friendly animals,Services of helpful animals,,Animal helps men to wealth and greatness
682,820,ATU 559 Dungbeetle,T171. †T171. Bridegroom driven from bridal chamber by magic.,559,T171,Bridegroom driven from bridal chamber by magic.,T. Sex.,T100–T199. Marriage.,,,T160. Consummation of marriage.,T171. Bridegroom driven from bridal chamber by magic. Usually by hornets or wasps.,Sex,Marriage,,,Consummation of marriage
683,821,ATU 559 Dungbeetle,L161. †L161. Lowly hero marries princess.,559,L161,Lowly hero marries princess.,L. Reversal of fortune.,L100–L199. Unpromising hero (heroine).,,,L160. Success of the unpromising hero (heroine).,L161. Lowly hero marries princess.,Reversal of fortune,Unpromising hero (heroine),,,Success of the unpromising hero (heroine)
684,822,ATU 560 The Magic Ring,B360. †B360. Animals grateful for rescue from peril of death.,560,B360,Animals grateful for rescue from peril of death.,B. Animals.,B300–B599. Friendly animals.,B350–B399. Grateful animals.,,B360. Animals grateful for rescue from peril of death.,B360. Animals grateful for rescue from peril of death.,Animals,Friendly animals,Grateful animals,,Animals grateful for rescue from peril of death
685,823,ATU 560 The Magic Ring,D810. †D810. Magic object a gift.,560,D810,Magic object a gift.,D. Magic.,D800–D1699. Magic objects.,D800–D899. Ownership of magic objects.,D810–D859. Acquisition of magic object.,D810. Magic object a gift.,D810. Magic object a gift.,Magic,Magic objects,Ownership of magic objects,Acquisition of magic object,Magic object a gift
686,824,ATU 560 The Magic Ring,D812. †D812. Magic object received from supernatural being.,560,D812,Magic object received from supernatural being.,D. Magic.,D800–D1699. Magic objects.,D800–D899. Ownership of magic objects.,D810–D859. Acquisition of magic object.,D810. Magic object a gift.,D812. Magic object received from supernatural being.,Magic,Magic objects,Ownership of magic objects,Acquisition of magic object,Magic object a gift
687,825,ATU 560 The Magic Ring,D1470.1.15. †D1470.1.15. Magic wishing-ring.,560,D1470.1.15,Magic wishing-ring.,D. Magic.,D800–D1699. Magic objects.,D1300–D1599. Function of magic objects.,,D1470. Magic object as provider.,D1470.1.15. Magic wishing-ring. (Cf. D1076.),Magic,Magic objects,Function of magic objects,,Magic object as provider
688,826,ATU 560 The Magic Ring,D1662.1. †D1662.1. Magic ring works by being stroked.,560,D1662.1,Magic ring works by being stroked.,D. Magic.,D800–D1699. Magic objects.,D1600–D1699. Characteristics of magic objects.,,D1650. Other characteristics of magic objects.,D1662.1. Magic ring works by being stroked. (Cf. D1076.),Magic,Magic objects,Characteristics of magic objects,,Other characteristics of magic objects
689,827,ATU 560 The Magic Ring,D1131.1. †D1131.1. Castle produced by magic.,560,D1131.1,Castle produced by magic.,D. Magic.,D800–D1699. Magic objects.,D900–D1299. Kinds of magic objects.,,D1130. Magic buildings and parts.,D1131.1. Castle produced by magic.,Magic,Magic objects,Kinds of magic objects,,Magic buildings and parts
690,828,ATU 560 The Magic Ring,D861.5. †D861.5. Magic object stolen by hero's wife.,560,D861.5,Magic object stolen by hero's wife.,D. Magic.,D800–D1699. Magic objects.,D800–D899. Ownership of magic objects.,,D860. Loss of magic object.,D861.5. Magic object stolen by hero's wife.,Magic,Magic objects,Ownership of magic objects,,Loss of magic object
691,829,ATU 560 The Magic Ring,D2136.2. †D2136.2. Castle magically transported.,560,D2136.2,Castle magically transported.,D. Magic.,D1700–D2199. Magic powers and manifestations.,D1800–D2199. Manifestations of magic power.,D2100–D2149. Other manifestations of magic power.,D2120. Magic transportation.,D2136.2. Castle magically transported.,Magic,Magic powers and manifestations,Manifestations of magic power,Other manifestations of magic power,Magic transportation
692,830,ATU 560 The Magic Ring,D882.1.1. †D882.1.1. Stolen magic object stolen back by helpful cat and dog,560,D882.1.1,Stolen magic object stolen back by helpful cat and dog,D. Magic.,D800–D1699. Magic objects.,D800–D899. Ownership of magic objects.,,D880. Recovery of magic object.,D882.1.1. Stolen magic object stolen back by helpful cat and dog. They steal the ring from the thief's mouth.,Magic,Magic objects,Ownership of magic objects,,Recovery of magic object
693,831,ATU 561 Aladdin,D1470.1.15. †D1470.1.15. Magic wishing-ring.,561,D1470.1.15,Magic wishing-ring.,D. Magic.,D800–D1699. Magic objects.,D1300–D1599. Function of magic objects.,,D1470. Magic object as provider.,D1470.1.15. Magic wishing-ring. (Cf. D1076.),Magic,Magic objects,Function of magic objects,,Magic object as provider
694,832,ATU 561 Aladdin,D840. †D840. Magic object found.,561,D840,Magic object found.,D. Magic.,D800–D1699. Magic objects.,D800–D899. Ownership of magic objects.,D810–D859. Acquisition of magic object.,D840. Magic object found.,D840. Magic object found.,Magic,Magic objects,Ownership of magic objects,Acquisition of magic object,Magic object found
695,833,ATU 561 Aladdin,D1470.1.16. †D1470.1.16. Magic wishing-lamp,561,D1470.1.16,Magic wishing-lamp,D. Magic.,D800–D1699. Magic objects.,D1300–D1599. Function of magic objects.,,D1470. Magic object as provider.,D1470.1.16. Magic wishing-lamp. (Cf. D1162.1.),Magic,Magic objects,Function of magic objects,,Magic object as provider
696,834,ATU 561 Aladdin,D1421.1.5. †D1421.1.5. Magic lamp summons genie.,561,D1421.1.5,Magic lamp summons genie.,D. Magic.,D800–D1699. Magic objects.,D1300–D1599. Function of magic objects.,D1400–D1439. Magic object gives power over other persons.,D1420. Magic object draws person (thing) to it.,D1421.1.5. Magic lamp summons genie. (Cf. D1162.1.),Magic,Magic objects,Function of magic objects,Magic object gives power over other persons,Magic object draws person (thing) to it
697,835,ATU 561 Aladdin,D1662.2. †D1662.2. Magic lamp works by being stroked.,561,D1662.2,Magic lamp works by being stroked.,D. Magic.,D800–D1699. Magic objects.,D1600–D1699. Characteristics of magic objects.,,D1650. Other characteristics of magic objects.,D1662.2. Magic lamp works by being stroked. (Cf. D1162.1.),Magic,Magic objects,Characteristics of magic objects,,Other characteristics of magic objects
698,836,ATU 561 Aladdin,D1131.1. †D1131.1. Castle produced by magic.,561,D1131.1,Castle produced by magic.,D. Magic.,D800–D1699. Magic objects.,D900–D1299. Kinds of magic objects.,,D1130. Magic buildings and parts.,D1131.1. Castle produced by magic.,Magic,Magic objects,Kinds of magic objects,,Magic buildings and parts
699,837,ATU 561 Aladdin,D860. †D860. Loss of magic object.,561,D860,Loss of magic object.,D. Magic.,D800–D1699. Magic objects.,D800–D899. Ownership of magic objects.,,D860. Loss of magic object.,D860. Loss of magic object.,Magic,Magic objects,Ownership of magic objects,,Loss of magic object
700,838,ATU 561 Aladdin,D2136.2. †D2136.2. Castle magically transported,561,D2136.2,Castle magically transported,D. Magic.,D1700–D2199. Magic powers and manifestations.,D1800–D2199. Manifestations of magic power.,D2100–D2149. Other manifestations of magic power.,D2120. Magic transportation.,D2136.2. Castle magically transported.,Magic,Magic powers and manifestations,Manifestations of magic power,Other manifestations of magic power,Magic transportation
701,839,ATU 561 Aladdin,D881. †D881. Magic object recovered by using second magic object.,561,D881,Magic object recovered by using second magic object.,D. Magic.,D800–D1699. Magic objects.,D800–D899. Ownership of magic objects.,,D880. Recovery of magic object.,D881. Magic object recovered by using second magic object.,Magic,Magic objects,Ownership of magic objects,,Recovery of magic object
702,840,ATU 562 The Spirit in the Blue Light,D845. †D845. Magic object found in underground room.,562,D845,Magic object found in underground room.,D. Magic.,D800–D1699. Magic objects.,D800–D899. Ownership of magic objects.,D810–D859. Acquisition of magic object.,D840. Magic object found.,D845. Magic object found in underground room.,Magic,Magic objects,Ownership of magic objects,Acquisition of magic object,Magic object found
703,841,ATU 562 The Spirit in the Blue Light,D1470.1. †D1470.1. Magic wishing-object.,562,D1470.1,Magic wishing-object.,D. Magic.,D800–D1699. Magic objects.,D1300–D1599. Function of magic objects.,,D1470. Magic object as provider.,D1470.1. Magic wishing-object. Object causes wishes to be fulfilled.,Magic,Magic objects,Function of magic objects,,Magic object as provider
704,842,ATU 562 The Spirit in the Blue Light,D1421.1.4. †D1421.1.4. Magic light summons genie.,562,D1421.1.4,Magic light summons genie.,D. Magic.,D800–D1699. Magic objects.,D1300–D1599. Function of magic objects.,D1400–D1439. Magic object gives power over other persons.,D1420. Magic object draws person (thing) to it.,D1421.1.4. Magic light summons genie. (Cf. D1162.),Magic,Magic objects,Function of magic objects,Magic object gives power over other persons,Magic object draws person (thing) to it
705,843,ATU 562 The Spirit in the Blue Light,N813. †N813. Helpful genie (spirit).,562,N813,Helpful genie (spirit).,N. Chance and fate.,N800–N899. Helpers.,,,N810. Supernatural helpers.,N813. Helpful genie (spirit).,Chance and fate,Helpers,,,Supernatural helpers
706,844,ATU 562 The Spirit in the Blue Light,D1426. †D1426. Magic object draws woman to man.,562,D1426,Magic object draws woman to man.,D. Magic.,D800–D1699. Magic objects.,D1300–D1599. Function of magic objects.,D1400–D1439. Magic object gives power over other persons.,D1420. Magic object draws person (thing) to it.,D1426. Magic object draws woman to man.,Magic,Magic objects,Function of magic objects,Magic object gives power over other persons,Magic object draws person (thing) to it
707,845,ATU 562 The Spirit in the Blue Light,D1391. †D1391. Magic object saves person from execution.,562,D1391,Magic object saves person from execution.,D. Magic.,D800–D1699. Magic objects.,D1300–D1599. Function of magic objects.,,D1390. Magic object rescues person.,D1391. Magic object saves person from execution.,Magic,Magic objects,Function of magic objects,,Magic object rescues person
708,846,"ATU 563 Table, Donkey, and Stick",D1472.1.7. †D1472.1.7. Magic table supplies food and drink.,563,D1472.1.7,Magic table supplies food and drink.,D. Magic.,D800–D1699. Magic objects.,D1300–D1599. Function of magic objects.,,D1470. Magic object as provider.,D1472.1.7. Magic table supplies food and drink. (Cf. D1153.),Magic,Magic objects,Function of magic objects,,Magic object as provider
709,847,"ATU 563 Table, Donkey, and Stick",J2355.1. †J2355.1. Fool loses magic objects by talking about them.,563,J2355.1,Fool loses magic objects by talking about them.,J. The wise and the foolish.,J1700–J2749. Fools (and other unwise persons).,J2350–J2369. Talkative fools.,,J2350. Talkative fools.,J2355.1. Fool loses magic objects by talking about them.,The wise and the foolish,Fools (and other unwise persons),Talkative fools,,Talkative fools
710,848,"ATU 563 Table, Donkey, and Stick",D861.1. †D861.1. Magic object stolen by host (at inn.),563,D861.1,Magic object stolen by host (at inn.),D. Magic.,D800–D1699. Magic objects.,D800–D899. Ownership of magic objects.,,D860. Loss of magic object.,D861.1. Magic object stolen by host (at inn.),Magic,Magic objects,Ownership of magic objects,,Loss of magic object
711,849,"ATU 563 Table, Donkey, and Stick",B103.1.1. †B103.1.1. Gold-producing ass.,563,B103.1.1,Gold-producing ass.,B. Animals.,B100–B199. Magic animals.,B100–B119. Treasure animals.,,B100. Treasure animals – general.,B103.1.1. Gold-producing ass. Droppings of gold.,Animals,Magic animals,Treasure animals,,Treasure animals – general
712,850,"ATU 563 Table, Donkey, and Stick",D1401.2. †D1401.2. Magic sack furnishes mannikin who cudgels owner's enemies.,563,D1401.2,Magic sack furnishes mannikin who cudgels owner's enemies.,D. Magic.,D800–D1699. Magic objects.,D1300–D1599. Function of magic objects.,D1400–D1439. Magic object gives power over other persons.,D1400. Magic object overcomes person.,D1401.2. Magic sack furnishes mannikin who cudgels owner's enemies. (Cf. D1193.),Magic,Magic objects,Function of magic objects,Magic object gives power over other persons,Magic object overcomes person
713,851,"ATU 563 Table, Donkey, and Stick",D881.2. †D881.2. Recovery of magic object by use of magic cudgel.,563,D881.2,Recovery of magic object by use of magic cudgel.,D. Magic.,D800–D1699. Magic objects.,D800–D899. Ownership of magic objects.,,D880. Recovery of magic object.,D881.2. Recovery of magic object by use of magic cudgel. (Cf. D1094.),Magic,Magic objects,Ownership of magic objects,,Recovery of magic object
714,852,ATU 564 Magic Providing Purse,D1193. †D1193. Magic bag (sack).,564,D1193,Magic bag (sack).,D. Magic.,D800–D1699. Magic objects.,D900–D1299. Kinds of magic objects.,,D1170. Magic utensils and implements.,D1193. Magic bag (sack).,Magic,Magic objects,Kinds of magic objects,,Magic utensils and implements
715,853,ATU 564 Magic Providing Purse,D1030.1. †D1030.1. Food supplied by magic,564,D1030.1,Food supplied by magic,D. Magic.,D800–D1699. Magic objects.,D900–D1299. Kinds of magic objects.,,D1030. Magic food.,D1030.1. Food supplied by magic. Most of the references in D1030 also belong here.,Magic,Magic objects,Kinds of magic objects,,Magic food
716,854,ATU 564 Magic Providing Purse,D861. †D861. Magic object stolen.,564,D861,Magic object stolen.,D. Magic.,D800–D1699. Magic objects.,D800–D899. Ownership of magic objects.,,D860. Loss of magic object.,D861. Magic object stolen.,Magic,Magic objects,Ownership of magic objects,,Loss of magic object
717,855,ATU 564 Magic Providing Purse,D1401.1. †D1401.1. Magic club (stick) beats person.,564,D1401.1,Magic club (stick) beats person.,D. Magic.,D800–D1699. Magic objects.,D1300–D1599. Function of magic objects.,D1400–D1439. Magic object gives power over other persons.,D1400. Magic object overcomes person.,D1401.1. Magic club (stick) beats person. (Cf. D1094.),Magic,Magic objects,Function of magic objects,Magic object gives power over other persons,Magic object overcomes person
718,856,ATU 565 The Magic Mill,D1601.21.1. †D1601.21.1. Self-grinding salt-mill.,565,D1601.21.1,Self-grinding salt-mill.,D. Magic.,D800–D1699. Magic objects.,D1600–D1699. Characteristics of magic objects.,D1600–D1649. Automatic magic objects.,D1600. Automatic object.,D1601.21.1. Self-grinding salt-mill. (Cf. D1263.),Magic,Magic objects,Characteristics of magic objects,Automatic magic objects,Automatic object
719,857,ATU 565 The Magic Mill,D1472.1.9. †D1472.1.9. Magic pot supplies food and drink.,565,D1472.1.9,Magic pot supplies food and drink.,D. Magic.,D800–D1699. Magic objects.,D1300–D1599. Function of magic objects.,,D1470. Magic object as provider.,D1472.1.9. Magic pot supplies food and drink. (Cf. D1171.1.),Magic,Magic objects,Function of magic objects,,Magic object as provider
720,858,ATU 565 The Magic Mill,D1651. †D1651. Magic object obeys master alone.,565,D1651,Magic object obeys master alone.,D. Magic.,D800–D1699. Magic objects.,D1600–D1699. Characteristics of magic objects.,,D1650. Other characteristics of magic objects.,D1651. Magic object obeys master alone.,Magic,Magic objects,Characteristics of magic objects,,Other characteristics of magic objects
721,859,ATU 565 The Magic Mill,D861. †D861. Magic object stolen.,565,D861,Magic object stolen.,D. Magic.,D800–D1699. Magic objects.,D800–D899. Ownership of magic objects.,,D860. Loss of magic object.,D861. Magic object stolen.,Magic,Magic objects,Ownership of magic objects,,Loss of magic object
722,860,ATU 565 The Magic Mill,C916.3. †C916.3. Magic porridge-pot keeps cooking.,565,C916.3,Magic porridge-pot keeps cooking.,C. Tabu.,C900–C999. Punishment for breaking tabu.,,,C910. Permanent sign of disobedience for breaking tabu.,"C916.3. Magic porridge-pot keeps cooking. Against command, mother of owner bids pot to cook. It fills house with porridge and will not stop until ordered by mistress.",Tabu,Punishment for breaking tabu,,,Permanent sign of disobedience for breaking tabu
723,861,ATU 565 The Magic Mill,A1115.2. †A1115.2. Why the sea is salt: magic salt mill.,565,A1115.2,Why the sea is salt: magic salt mill.,A. Mythological motifs.,A1100–A1199. Establishment of natural order.,,,A1110. Establishment of present order: waters.,"A1115.2. Why the sea is salt: magic salt mill. Stolen by sea-captain, who takes it aboard and orders it to grind. It will stop only for its master; ship sinks and mill keeps grinding salt.",Mythological motifs,Establishment of natural order,,,Establishment of present order: waters
724,862,ATU 566 Three Magic Objects and the Wonderful Fruits,D812. †D812. Magic object received from supernatural being.,566,D812,Magic object received from supernatural being.,D. Magic.,D800–D1699. Magic objects.,D800–D899. Ownership of magic objects.,D810–D859. Acquisition of magic object.,D810. Magic object a gift.,D812. Magic object received from supernatural being.,Magic,Magic objects,Ownership of magic objects,Acquisition of magic object,Magic object a gift
725,863,ATU 566 Three Magic Objects and the Wonderful Fruits,D1451. †D1451. Inexhaustible purse furnishes money.,566,D1451,Inexhaustible purse furnishes money.,D. Magic.,D800–D1699. Magic objects.,D1300–D1599. Function of magic objects.,,D1450. Magic object furnishes treasure.,D1451. Inexhaustible purse furnishes money. (Cf. D1192.),Magic,Magic objects,Function of magic objects,,Magic object furnishes treasure
726,864,ATU 566 Three Magic Objects and the Wonderful Fruits,D1520.11. †D1520.11. Magic transportation by cap (hat).,566,D1520.11,Magic transportation by cap (hat).,D. Magic.,D800–D1699. Magic objects.,D1300–D1599. Function of magic objects.,,D1520. Magic object affords miraculous transportation.,"D1520.11. Magic transportation by cap (hat). (Cf. D1067.1, D1067.2.)",Magic,Magic objects,Function of magic objects,,Magic object affords miraculous transportation
727,865,ATU 566 Three Magic Objects and the Wonderful Fruits,D1475.1. †D1475.1. Magic soldier-producing horn.,566,D1475.1,Magic soldier-producing horn.,D. Magic.,D800–D1699. Magic objects.,D1300–D1599. Function of magic objects.,,D1470. Magic object as provider.,"D1475.1. Magic soldier-producing horn. (Cf. D1222, D1470.2.3.)",Magic,Magic objects,Function of magic objects,,Magic object as provider
728,866,ATU 566 Three Magic Objects and the Wonderful Fruits,D861.6. †D861.6. Magic object stolen in card game.,566,D861.6,Magic object stolen in card game.,D. Magic.,D800–D1699. Magic objects.,D800–D899. Ownership of magic objects.,,D860. Loss of magic object.,D861.6. Magic object stolen in card game.,Magic,Magic objects,Ownership of magic objects,,Loss of magic object
729,867,ATU 566 Three Magic Objects and the Wonderful Fruits,D992.1. †D992.1. Magic horns (grow on person's forehead).,566,D992.1,Magic horns (grow on person's forehead).,D. Magic.,D800–D1699. Magic objects.,D900–D1299. Kinds of magic objects.,D990–D1029. Magic bodily members.,D990. Magic bodily members – human.,D992.1. Magic horns (grow on person's forehead). (Cf. D1011.1.),Magic,Magic objects,Kinds of magic objects,Magic bodily members,Magic bodily members – human
730,868,ATU 566 Three Magic Objects and the Wonderful Fruits,D895. †D895. Magic object returned in payment for removal of magic horns.,566,D895,Magic object returned in payment for removal of magic horns.,D. Magic.,D800–D1699. Magic objects.,D800–D899. Ownership of magic objects.,,D880. Recovery of magic object.,D895. Magic object returned in payment for removal of magic horns. (Cf. D881.1).,Magic,Magic objects,Ownership of magic objects,,Recovery of magic object
731,869,ATU 567 The Magic Bird- Heart,B113.1. †B113.1. Treasure-producing bird-heart.,567,B113.1,Treasure-producing bird-heart.,B. Animals.,B100–B199. Magic animals.,B100–B119. Treasure animals.,,B110. Treasure-producing parts of animals.,B113.1. Treasure-producing bird-heart. (Cf. D1015.1.1.) Brings riches when eaten.,Animals,Magic animals,Treasure animals,,Treasure-producing parts of animals
732,870,ATU 567 The Magic Bird- Heart,D1561.1.1. †D1561.1.1. Magic bird-heart (when eaten) brings man to kingship,567,D1561.1.1,Magic bird-heart (when eaten) brings man to kingship,D. Magic.,D800–D1699. Magic objects.,D1300–D1599. Function of magic objects.,,D1560. Magic object performs other services for owner.,"D1561.1.1. Magic bird-heart (when eaten) brings man to kingship. (Cf. D1015.1.1, B113.1.)",Magic,Magic objects,Function of magic objects,,Magic object performs other services for owner
733,871,ATU 567 The Magic Bird- Heart,M312.3. †M312.3. Eater of magic bird-heart will become rich (or king).,567,M312.3,Eater of magic bird-heart will become rich (or king).,M. Ordaining the future.,M300–M399. Prophecies.,,,M310. Favorable prophecies.,M312.3. Eater of magic bird-heart will become rich (or king).,Ordaining the future,Prophecies,,,Favorable prophecies
734,872,ATU 567 The Magic Bird- Heart,D861.5. †D861.5. Magic object stolen by hero's wife.,567,D861.5,Magic object stolen by hero's wife.,D. Magic.,D800–D1699. Magic objects.,D800–D899. Ownership of magic objects.,,D860. Loss of magic object.,D861.5. Magic object stolen by hero's wife.,Magic,Magic objects,Ownership of magic objects,,Loss of magic object
735,873,ATU 567 The Magic Bird- Heart,D965. †D965. Magic plant.,567,D965,Magic plant.,D. Magic.,D800–D1699. Magic objects.,D900–D1299. Kinds of magic objects.,,D960. Magic gardens and plants.,D965. Magic plant.,Magic,Magic objects,Kinds of magic objects,,Magic gardens and plants
736,874,ATU 567 The Magic Bird- Heart,D132.1. †D132.1. Transformation: man to ass.,567,D132.1,Transformation: man to ass.,D. Magic.,D0–D699. Transformation.,D100–D199. Transformation: man to animal.,D110–D149. Transformation: man to mammal.,D130. Transformation: man to domestic beast (mammal).,D132.1. Transformation: man to ass. (Cf. B641.4.),Magic,Transformation,Transformation: man to animal,Transformation: man to mammal,Transformation: man to domestic beast (mammal)
737,875,ATU 567A Magic Bird-Heart and Separated Brothers,S322.4. †S322.4. Evil stepmother casts boy forth.,567A,S322.4,Evil stepmother casts boy forth.,S. Unnatural cruelty.,S300–S399. Abandoned or murdered children.,,,S310. Reasons for abandonment of children.,S322.4. Evil stepmother casts boy forth.,Unnatural cruelty,Abandoned or murdered children,,,Reasons for abandonment of children
738,876,ATU 567A Magic Bird-Heart and Separated Brothers,K512. †K512. Compassionate executioner,567A,K512,Compassionate executioner,K. Deceptions.,K500–K699. Escape by deception.,,,K510. Death order evaded.,K512. Compassionate executioner. A servant charged with killing the hero (heroine) arranges the escape of the latter.,Deceptions,Escape by deception,,,Death order evaded
739,877,ATU 567A Magic Bird-Heart and Separated Brothers,D1561.1.1. †D1561.1.1. Magic bird-heart (when eaten) brings man to kingship,567A,D1561.1.1,Magic bird-heart (when eaten) brings man to kingship,D. Magic.,D800–D1699. Magic objects.,D1300–D1599. Function of magic objects.,,D1560. Magic object performs other services for owner.,"D1561.1.1. Magic bird-heart (when eaten) brings man to kingship. (Cf. D1015.1.1, B113.1.)",Magic,Magic objects,Function of magic objects,,Magic object performs other services for owner
740,878,ATU 567A Magic Bird-Heart and Separated Brothers,M312.3. †M312.3. Eater of magic bird-heart will become rich (or king).,567A,M312.3,Eater of magic bird-heart will become rich (or king).,M. Ordaining the future.,M300–M399. Prophecies.,,,M310. Favorable prophecies.,M312.3. Eater of magic bird-heart will become rich (or king).,Ordaining the future,Prophecies,,,Favorable prophecies
741,879,ATU 567A Magic Bird-Heart and Separated Brothers,N311. †N311. Separation of persons caused by looking for water.,567A,N311,Separation of persons caused by looking for water.,N. Chance and fate.,N300–N399. Unlucky accidents.,,,N310. Accidental separations.,N311. Separation of persons caused by looking for water.,Chance and fate,Unlucky accidents,,,Accidental separations
742,880,ATU 567A Magic Bird-Heart and Separated Brothers,N683. †N683. Stranger accidentally chosen king.,567A,N683,Stranger accidentally chosen king.,N. Chance and fate.,N400–N699. Lucky accidents.,N600–N699. Other lucky accidents.,,N680. Lucky accidents – miscellaneous.,N683. Stranger accidentally chosen king. Picked up by sacred elephant.,Chance and fate,Lucky accidents,Other lucky accidents,,Lucky accidents – miscellaneous
743,881,ATU 567A Magic Bird-Heart and Separated Brothers,S264.1. †S264.1. Man thrown overboard to placate storm.,567A,S264.1,Man thrown overboard to placate storm.,S. Unnatural cruelty.,S200–S299. Cruel sacrifices.,,,S260. Sacrifices.,S264.1. Man thrown overboard to placate storm. (Cf. S263.5.3.),Unnatural cruelty,Cruel sacrifices,,,Sacrifices
744,882,"ATU 569 The Knapsack, the Hat, and the Horn",D1470. †D1470. Magic object as provider.,569,D1470,Magic object as provider.,D. Magic.,D800–D1699. Magic objects.,D1300–D1599. Function of magic objects.,,D1470. Magic object as provider.,D1470. Magic object as provider.,Magic,Magic objects,Function of magic objects,,Magic object as provider
745,883,"ATU 569 The Knapsack, the Hat, and the Horn",D1472.1.22. †D1472.1.22. Magic bag (sack) supplies food.,569,D1472.1.22,Magic bag (sack) supplies food.,D. Magic.,D800–D1699. Magic objects.,D1300–D1599. Function of magic objects.,,D1470. Magic object as provider.,D1472.1.22. Magic bag (sack) supplies food. (Cf. D1193.),Magic,Magic objects,Function of magic objects,,Magic object as provider
746,884,"ATU 569 The Knapsack, the Hat, and the Horn",D1475.4. †D1475.4. Magic soldier-producing hat.,569,D1475.4,Magic soldier-producing hat.,D. Magic.,D800–D1699. Magic objects.,D1300–D1599. Function of magic objects.,,D1470. Magic object as provider.,D1475.4. Magic soldier-producing hat. (Cf. D1067.1.),Magic,Magic objects,Function of magic objects,,Magic object as provider
747,885,"ATU 569 The Knapsack, the Hat, and the Horn",D831. †D831. Magic object acquired by trick exchange.,569,D831,Magic object acquired by trick exchange.,D. Magic.,D800–D1699. Magic objects.,D800–D899. Ownership of magic objects.,D810–D859. Acquisition of magic object.,D830. Magic object acquired by trickery.,D831. Magic object acquired by trick exchange. By means of second magic object hero recovers first. (Often mixed with D832).,Magic,Magic objects,Ownership of magic objects,Acquisition of magic object,Magic object acquired by trickery
748,886,"ATU 569 The Knapsack, the Hat, and the Horn",D1222. †D1222. Magic horn (musical).,569,D1222,Magic horn (musical).,D. Magic.,D800–D1699. Magic objects.,D900–D1299. Kinds of magic objects.,,D1210. Magic musical instruments.,D1222. Magic horn (musical).,Magic,Magic objects,Kinds of magic objects,,Magic musical instruments
749,887,"ATU 569 The Knapsack, the Hat, and the Horn",D861. †D861. Magic object stolen.,569,D861,Magic object stolen.,D. Magic.,D800–D1699. Magic objects.,D800–D899. Ownership of magic objects.,,D860. Loss of magic object.,D861. Magic object stolen.,Magic,Magic objects,Ownership of magic objects,,Loss of magic object
750,889,ATU 570 Rabbit-Herd,T68. †T68. Princess offered as prize.,570,T68,Princess offered as prize.,T. Sex.,T0–T99. Love.,,,T50. Wooing.,T68. Princess offered as prize.,Sex,Love,,,Wooing
751,890,ATU 570 Rabbit-Herd,H1112. †H1112. Task: herding rabbits.,570,H1112,Task: herding rabbits.,H. Tests.,H900–H1199. Tests of prowess: tasks.,H1000–H1199. Nature of tasks.,,H1110. Tedious tasks.,H1112. Task: herding rabbits.,Tests,Tests of prowess: tasks,Nature of tasks,,Tedious tasks
752,891,ATU 570 Rabbit-Herd,D1441.1.2. †D1441.1.2. Magic pipe calls animals together.,570,D1441.1.2,Magic pipe calls animals together.,D. Magic.,D800–D1699. Magic objects.,D1300–D1599. Function of magic objects.,,D1440. Magic object gives power over animals.,D1441.1.2. Magic pipe calls animals together. (Cf. D1224.),Magic,Magic objects,Function of magic objects,,Magic object gives power over animals
753,892,ATU 570 Rabbit-Herd,K1288. †K1288. King induced to kiss horse's rump: trickster then threatens to tell.,570,K1288,King induced to kiss horse's rump: trickster then threatens to tell.,K. Deceptions.,K1200–K1299. Deception into humiliating position.,,,K1240. Deception into humiliating position – miscellaneous.,K1288. King induced to kiss horse's rump: trickster then threatens to tell.,Deceptions,Deception into humiliating position,,,Deception into humiliating position – miscellaneous
754,893,ATU 570 Rabbit-Herd,H1045. †H1045. Task: filling a sack full of lies (truths).,570,H1045,Task: filling a sack full of lies (truths).,H. Tests.,H900–H1199. Tests of prowess: tasks.,H1000–H1199. Nature of tasks.,H1010–H1049. Impossible or absurd tasks.,H1030. Other impossible tasks.,H1045. Task: filling a sack full of lies (truths).,Tests,Tests of prowess: tasks,Nature of tasks,Impossible or absurd tasks,Other impossible tasks
755,894,ATU 570 Rabbit-Herd,K1271.1.1. †K1271.1.1. The bag of lies: threat to tell of queen's adultery.,570,K1271.1.1,The bag of lies: threat to tell of queen's adultery.,K. Deceptions.,K1200–K1299. Deception into humiliating position.,,,K1240. Deception into humiliating position – miscellaneous.,"K1271.1.1. The bag of lies: threat to tell of queen's adultery. The boy, who is to tell the bag of lies, is stopped and his wishes granted.",Deceptions,Deception into humiliating position,,,Deception into humiliating position – miscellaneous
756,895,ATU 570* Rat-Catcher (Pied Piper),D1224. †D1224. Magic pipe (musical).,570*,D1224,Magic pipe (musical).,D. Magic.,D800–D1699. Magic objects.,D900–D1299. Kinds of magic objects.,,D1210. Magic musical instruments.,D1224. Magic pipe (musical).,Magic,Magic objects,Kinds of magic objects,,Magic musical instruments
757,896,ATU 570* Rat-Catcher (Pied Piper),D1427.1. †D1427.1. Magic pipe compels one to follow,570*,D1427.1,Magic pipe compels one to follow,D. Magic.,D800–D1699. Magic objects.,D1300–D1599. Function of magic objects.,D1400–D1439. Magic object gives power over other persons.,D1420. Magic object draws person (thing) to it.,D1427.1. Magic pipe compels one to follow. Pied Piper of Hamelin. (Cf. D1224.),Magic,Magic objects,Function of magic objects,Magic object gives power over other persons,Magic object draws person (thing) to it
758,897,ATU 570* Rat-Catcher (Pied Piper),D1441.1.2. †D1441.1.2. Magic pipe calls animals together.,570*,D1441.1.2,Magic pipe calls animals together.,D. Magic.,D800–D1699. Magic objects.,D1300–D1599. Function of magic objects.,,D1440. Magic object gives power over animals.,D1441.1.2. Magic pipe calls animals together. (Cf. D1224.),Magic,Magic objects,Function of magic objects,,Magic object gives power over animals
759,898,"ATU 571 ""All Stick Together""",F591. †F591. Person who never laughs.,571,F591,Person who never laughs.,F. Marvels.,F200–F699. Marvelous creatures.,F500–F599. Remarkable persons.,,F570. Other extraordinary human beings.,F591. Person who never laughs.,Marvels,Marvelous creatures,Remarkable persons,,Other extraordinary human beings
760,899,"ATU 571 ""All Stick Together""",H341. †H341. Suitor test: making princess laugh.,571,H341,Suitor test: making princess laugh.,H. Tests.,H300–H499. Marriage tests.,H310–H359. Suitor tests.,,H310. Suitor tests.,H341. Suitor test: making princess laugh. Sadfaced princess has never laughed.,Tests,Marriage tests,Suitor tests,,Suitor tests
761,900,"ATU 571 ""All Stick Together""",H1194. †H1194. Task: making person laugh,571,H1194,Task: making person laugh,H. Tests.,H900–H1199. Tests of prowess: tasks.,H1000–H1199. Nature of tasks.,,H1180. Miscellaneous tasks.,H1194. Task: making person laugh.,Tests,Tests of prowess: tasks,Nature of tasks,,Miscellaneous tasks
762,901,"ATU 571 ""All Stick Together""",D817. †D817. Magic object received from grateful person.,571,D817,Magic object received from grateful person.,D. Magic.,D800–D1699. Magic objects.,D800–D899. Ownership of magic objects.,D810–D859. Acquisition of magic object.,D810. Magic object a gift.,D817. Magic object received from grateful person.,Magic,Magic objects,Ownership of magic objects,Acquisition of magic object,Magic object a gift
763,902,"ATU 571 ""All Stick Together""",K422. †K422. Thief rendered helpless by magic.,571,K422,Thief rendered helpless by magic.,K. Deceptions.,K300–K499. Thefts and cheats.,K310–K439. Thefts.,,K420. Thief loses his goods or is detected.,K422. Thief rendered helpless by magic.,Deceptions,Thefts and cheats,Thefts,,Thief loses his goods or is detected
764,903,"ATU 571 ""All Stick Together""",D1413. †D1413. Magic object holds person fast.,571,D1413,Magic object holds person fast.,D. Magic.,D800–D1699. Magic objects.,D1300–D1599. Function of magic objects.,D1400–D1439. Magic object gives power over other persons.,D1410. Magic object renders person helpless.,D1413. Magic object holds person fast.,Magic,Magic objects,Function of magic objects,Magic object gives power over other persons,Magic object renders person helpless
765,904,"ATU 571 ""All Stick Together""",D2171.3.1. †D2171.3.1. Magic adhesion to goose.,571,D2171.3.1,Magic adhesion to goose.,D. Magic.,D1700–D2199. Magic powers and manifestations.,D1800–D2199. Manifestations of magic power.,D2150–D2199. Miscellaneous magical manifestations.,D2150. Miscellaneous magical manifestations.,D2171.3.1. Magic adhesion to goose.,Magic,Magic powers and manifestations,Manifestations of magic power,Miscellaneous magical manifestations,Miscellaneous magical manifestations
766,905,"ATU 571 ""All Stick Together""",D2171.5. †D2171.5. Persons magically stick together.,571,D2171.5,Persons magically stick together.,D. Magic.,D1700–D2199. Magic powers and manifestations.,D1800–D2199. Manifestations of magic power.,D2150–D2199. Miscellaneous magical manifestations.,D2150. Miscellaneous magical manifestations.,"D2171.5. Persons magically stick together. (Cf. D1171.2, D1413.14.)",Magic,Magic powers and manifestations,Manifestations of magic power,Miscellaneous magical manifestations,Miscellaneous magical manifestations
767,906,"ATU 571 ""All Stick Together""",H341.1. †H341.1. Princess brought to laughter by people sticking together.,571,H341.1,Princess brought to laughter by people sticking together.,H. Tests.,H300–H499. Marriage tests.,H310–H359. Suitor tests.,,H310. Suitor tests.,H341.1. Princess brought to laughter by people sticking together.,Tests,Marriage tests,Suitor tests,,Suitor tests
768,907,ATU 571B Lover Exposed,H1010. †H1010. Impossible tasks,571B,H1010,Impossible tasks,H. Tests.,H900–H1199. Tests of prowess: tasks.,H1000–H1199. Nature of tasks.,H1010–H1049. Impossible or absurd tasks.,H1010. Impossible tasks.,H1010. Impossible tasks.,Tests,Tests of prowess: tasks,Nature of tasks,Impossible or absurd tasks,Impossible tasks
769,908,ATU 571B Lover Exposed,D812.3. †D812.3. Magic object received from devil.,571B,D812.3,Magic object received from devil.,D. Magic.,D800–D1699. Magic objects.,D800–D899. Ownership of magic objects.,D810–D859. Acquisition of magic object.,D810. Magic object a gift.,D812.3. Magic object received from devil.,Magic,Magic objects,Ownership of magic objects,Acquisition of magic object,Magic object a gift
770,909,ATU 571B Lover Exposed,D1413.8. †D1413.8. Chamber-pot to which one sticks.,571B,D1413.8,Chamber-pot to which one sticks.,D. Magic.,D800–D1699. Magic objects.,D1300–D1599. Function of magic objects.,D1400–D1439. Magic object gives power over other persons.,D1410. Magic object renders person helpless.,D1413.8. Chamber-pot to which one sticks. (Cf. D1171.13.),Magic,Magic objects,Function of magic objects,Magic object gives power over other persons,Magic object renders person helpless
771,910,ATU 576 Magic Knife,D838. †D838. Magic object acquired by stealing,576,D838,Magic object acquired by stealing,D. Magic.,D800–D1699. Magic objects.,D800–D899. Ownership of magic objects.,D810–D859. Acquisition of magic object.,D830. Magic object acquired by trickery.,D838. Magic object acquired by stealing.,Magic,Magic objects,Ownership of magic objects,Acquisition of magic object,Magic object acquired by trickery
772,911,ATU 576 Magic Knife,D1083. †D1083. Magic knife.,576,D1083,Magic knife.,D. Magic.,D800–D1699. Magic objects.,D900–D1299. Kinds of magic objects.,,D1080. Magic weapons.,D1083. Magic knife.,Magic,Magic objects,Kinds of magic objects,,Magic weapons
773,912,ATU 576 Magic Knife,D1400.1.4.3. †D1400.1.4.3. Magic knife conquers enemy.,576,D1400.1.4.3,Magic knife conquers enemy.,D. Magic.,D800–D1699. Magic objects.,D1300–D1599. Function of magic objects.,D1400–D1439. Magic object gives power over other persons.,D1400. Magic object overcomes person.,D1400.1.4.3. Magic knife conquers enemy. (Cf. D1083.),Magic,Magic objects,Function of magic objects,Magic object gives power over other persons,Magic object overcomes person
774,913,ATU 577 The King's Tasks,H335. †H335. Tasks assigned suitors.,577,H335,Tasks assigned suitors.,H. Tests.,H300–H499. Marriage tests.,H310–H359. Suitor tests.,,H310. Suitor tests.,H335. Tasks assigned suitors. Bride as prize for accomplishment. (For nature of tasks see H1000ff.),Tests,Marriage tests,Suitor tests,,Suitor tests
775,914,ATU 577 The King's Tasks,D1601.14. †D1601.14. Self-chopping axe.,577,D1601.14,Self-chopping axe.,D. Magic.,D800–D1699. Magic objects.,D1600–D1699. Characteristics of magic objects.,D1600–D1649. Automatic magic objects.,D1600. Automatic object.,D1601.14. Self-chopping axe. (Cf. D1206.),Magic,Magic objects,Characteristics of magic objects,Automatic magic objects,Automatic object
776,915,ATU 577 The King's Tasks,D1601.15. †D1601.15. Automatic shovel.,577,D1601.15,Automatic shovel.,D. Magic.,D800–D1699. Magic objects.,D1600–D1699. Characteristics of magic objects.,D1600–D1649. Automatic magic objects.,D1600. Automatic object.,D1601.15. Automatic shovel. (Cf. D1205.),Magic,Magic objects,Characteristics of magic objects,Automatic magic objects,Automatic object
777,916,ATU 577 The King's Tasks,D1601.18.2. †D1601.18.2. Self-playing violin.,577,D1601.18.2,Self-playing violin.,D. Magic.,D800–D1699. Magic objects.,D1600–D1699. Characteristics of magic objects.,D1600–D1649. Automatic magic objects.,D1600. Automatic object.,D1601.18.2. Self-playing violin. (Cf. D1233.),Magic,Magic objects,Characteristics of magic objects,Automatic magic objects,Automatic object
778,917,ATU 577 The King's Tasks,D1581. †D1581. Tasks performed by use of magic object.,577,D1581,Tasks performed by use of magic object.,D. Magic.,D800–D1699. Magic objects.,D1300–D1599. Function of magic objects.,,D1560. Magic object performs other services for owner.,D1581. Tasks performed by use of magic object.,Magic,Magic objects,Function of magic objects,,Magic object performs other services for owner
779,918,ATU 577 The King's Tasks,H971.1. †H971.1. Tasks performed with help of old woman,577,H971.1,Tasks performed with help of old woman,H. Tests.,H900–H1199. Tests of prowess: tasks.,H900–H999. Assignment and performance of tasks.,H950–H999. Performance of tasks.,H970. Help in performing tasks.,H971.1. Tasks performed with help of old woman.,Tests,Tests of prowess: tasks,Assignment and performance of tasks,Performance of tasks,Help in performing tasks
780,919,ATU 580 Beloved of Women,D1900. †D1900. Love induced by magic.,580,D1900,Love induced by magic.,D. Magic.,D1700–D2199. Magic powers and manifestations.,D1800–D2199. Manifestations of magic power.,D1800–D1949. Lasting magic qualities.,D1900. Love induced by magic.,"D1900. Love induced by magic. (Cf. D1355, D1825.1.2.)",Magic,Magic powers and manifestations,Manifestations of magic power,Lasting magic qualities,Love induced by magic
781,920,ATU 580 Beloved of Women,D856. †D856. Magic object acquired by gaining love of owner.,580,D856,Magic object acquired by gaining love of owner.,D. Magic.,D800–D1699. Magic objects.,D800–D899. Ownership of magic objects.,D810–D859. Acquisition of magic object.,D850. Magic object otherwise obtained.,D856. Magic object acquired by gaining love of owner.,Magic,Magic objects,Ownership of magic objects,Acquisition of magic object,Magic object otherwise obtained
782,921,ATU 580 Beloved of Women,D1472.1.7. †D1472.1.7. Magic table supplies food and drink.,580,D1472.1.7,Magic table supplies food and drink.,D. Magic.,D800–D1699. Magic objects.,D1300–D1599. Function of magic objects.,,D1470. Magic object as provider.,D1472.1.7. Magic table supplies food and drink. (Cf. D1153.),Magic,Magic objects,Function of magic objects,,Magic object as provider
783,922,ATU 580 Beloved of Women,D1473. †D1473. Magic object furnishes clothes.,580,D1473,Magic object furnishes clothes.,D. Magic.,D800–D1699. Magic objects.,D1300–D1599. Function of magic objects.,,D1470. Magic object as provider.,D1473. Magic object furnishes clothes. (Cf. D1470.),Magic,Magic objects,Function of magic objects,,Magic object as provider
784,923,ATU 580 Beloved of Women,T45. †T45. Lover buys admission to woman's room.,580,T45,Lover buys admission to woman's room.,T. Sex.,T0–T99. Love.,,,T30. Lovers' meeting.,T45. Lover buys admission to woman's room.,Sex,Love,,,Lovers' meeting
785,924,ATU 566 Three Magic Objects and Wonderful Fruits,D1451. †D1451. Inexhaustible purse furnishes money.,566,D1451,Inexhaustible purse furnishes money.,D. Magic.,D800–D1699. Magic objects.,D1300–D1599. Function of magic objects.,,D1450. Magic object furnishes treasure.,D1451. Inexhaustible purse furnishes money. (Cf. D1192.),Magic,Magic objects,Function of magic objects,,Magic object furnishes treasure
786,925,ATU 303 The Twins or Blood-Brothers,D1081. †D1081. Magic sword.,303,D1081,Magic sword.,D. Magic.,D800–D1699. Magic objects.,D900–D1299. Kinds of magic objects.,,D1080. Magic weapons.,D1081. Magic sword.,Magic,Magic objects,Kinds of magic objects,,Magic weapons
787,926,"ATU 585 Spindle, Shuttle, and Needle",H1311.2. †H1311.2. Quest for bride richest and poorest.,585,H1311.2,Quest for bride richest and poorest.,H. Tests.,H1200–H1399. Tests of prowess: quests.,H1250–H1399. Nature of quests.,,H1300. Quests for the unique.,H1311.2. Quest for bride richest and poorest.,Tests,Tests of prowess: quests,Nature of quests,,Quests for the unique
788,927,"ATU 585 Spindle, Shuttle, and Needle",D1425.1. †D1425.1. Magic spindle brings back prince for heroine.,585,D1425.1,Magic spindle brings back prince for heroine.,D. Magic.,D800–D1699. Magic objects.,D1300–D1599. Function of magic objects.,D1400–D1439. Magic object gives power over other persons.,D1420. Magic object draws person (thing) to it.,D1425.1. Magic spindle brings back prince for heroine. (Cf. D1186.),Magic,Magic objects,Function of magic objects,Magic object gives power over other persons,Magic object draws person (thing) to it
789,928,"ATU 585 Spindle, Shuttle, and Needle",D1484.1. †D1484.1. Magic shuttle makes road.,585,D1484.1,Magic shuttle makes road.,D. Magic.,D800–D1699. Magic objects.,D1300–D1599. Function of magic objects.,,D1470. Magic object as provider.,D1484.1. Magic shuttle makes road. (Cf. D1185.),Magic,Magic objects,Function of magic objects,,Magic object as provider
790,929,"ATU 585 Spindle, Shuttle, and Needle",D1337.1.7. †D1337.1.7. Magic needle transforms a room from plainness to beauty.,585,D1337.1.7,Magic needle transforms a room from plainness to beauty.,D. Magic.,D800–D1699. Magic objects.,D1300–D1599. Function of magic objects.,D1300–D1379. Magic objects effect changes in persons.,D1330. Magic object works physical change.,D1337.1.7. Magic needle transforms a room from plainness to beauty. (Cf. D1181.),Magic,Magic objects,Function of magic objects,Magic objects effect changes in persons,Magic object works physical change
791,930,ATU 590 Faithless Mother,D1840. †D1840. Magic invulnerability.,590,D1840,Magic invulnerability.,D. Magic.,D1700–D2199. Magic powers and manifestations.,D1800–D2199. Manifestations of magic power.,D1800–D1949. Lasting magic qualities.,D1840. Magic invulnerability.,D1840. Magic invulnerability.,Magic,Magic powers and manifestations,Manifestations of magic power,Lasting magic qualities,Magic invulnerability
792,931,ATU 590 Faithless Mother,D1335.4. †D1335.4. Magic belt gives strength,590,D1335.4,Magic belt gives strength,D. Magic.,D800–D1699. Magic objects.,D1300–D1599. Function of magic objects.,D1300–D1379. Magic objects effect changes in persons.,D1330. Magic object works physical change.,D1335.4. Magic belt gives strength. (Cf. D1057.),Magic,Magic objects,Function of magic objects,Magic objects effect changes in persons,Magic object works physical change
793,932,ATU 590 Faithless Mother,S12.1. †S12.1. Treacherous mother marries ogre and plots against son.,590,S12.1,Treacherous mother marries ogre and plots against son.,S. Unnatural cruelty.,S0–S99. Cruel relatives.,,,S10. Cruel parents.,S12.1. Treacherous mother marries ogre and plots against son.,Unnatural cruelty,Cruel relatives,,,Cruel parents
794,933,ATU 590 Faithless Mother,H931. †H931. Tasks assigned in order to get rid of hero.,590,H931,Tasks assigned in order to get rid of hero.,H. Tests.,H900–H1199. Tests of prowess: tasks.,H900–H999. Assignment and performance of tasks.,H900–H949. Assignment of tasks.,H920. Assigners of tasks.,H931. Tasks assigned in order to get rid of hero.,Tests,Tests of prowess: tasks,Assignment and performance of tasks,Assignment of tasks,Assigners of tasks
795,934,ATU 590 Faithless Mother,H1212. †H1212. Quest assigned because of feigned illness.,590,H1212,Quest assigned because of feigned illness.,H. Tests.,H1200–H1399. Tests of prowess: quests.,H1200–H1249. Attendant circumstances of quests.,,H1210. Quest assigned.,H1212. Quest assigned because of feigned illness. Lion's milk (or the like) said to be necessary as cure; hero therefore sent on dangerous quest.,Tests,Tests of prowess: quests,Attendant circumstances of quests,,Quest assigned
796,935,ATU 590 Faithless Mother,H1333.3.1.1. †H1333.3.1.1. Quest for magic apple,590,H1333.3.1.1,Quest for magic apple,H. Tests.,H1200–H1399. Tests of prowess: quests.,H1250–H1399. Nature of quests.,,H1320. Quest for marvelous objects or animals.,H1333.3.1.1. Quest for magic apple. (Cf. D981.1.),Tests,Tests of prowess: quests,Nature of quests,,Quest for marvelous objects or animals
797,936,ATU 590 Faithless Mother,H1361. †H1361. Quest for lion's milk.,590,H1361,Quest for lion's milk.,H. Tests.,H1200–H1399. Tests of prowess: quests.,H1250–H1399. Nature of quests.,,H1360. Quest for dangerous animals.,H1361. Quest for lion's milk.,Tests,Tests of prowess: quests,Nature of quests,,Quest for dangerous animals
798,937,ATU 590 Faithless Mother,F615. †F615. Strong man evades death.,590,F615,Strong man evades death.,F. Marvels.,F200–F699. Marvelous creatures.,F600-F699. Persons with extraordinary powers.,,F610. Remarkably strong man.,F615. Strong man evades death. Vain attempts to kill him.,Marvels,Marvelous creatures,-F699. Persons with extraordinary powers,,Remarkably strong man
799,938,ATU 590 Faithless Mother,B431.2. †B431.2. Helpful lion.,590,B431.2,Helpful lion.,B. Animals.,B300–B599. Friendly animals.,B400–B499. Kinds of helpful animals.,B400–B449. Helpful beasts.,B430. Helpful wild beasts.,B431.2. Helpful lion. (Cf. B549.1.),Animals,Friendly animals,Kinds of helpful animals,Helpful beasts,Helpful wild beasts
800,939,ATU 590 Faithless Mother,K975. †K975. Secret of strength treacherously discovered.,590,K975,Secret of strength treacherously discovered.,K. Deceptions.,K800–K999. Killing or maiming by deception.,,,K960. Other fatal deceits.,K975. Secret of strength treacherously discovered.,Deceptions,Killing or maiming by deception,,,Other fatal deceits
801,940,ATU 590 Faithless Mother,D861. †D861. Magic object stolen,590,D861,Magic object stolen,D. Magic.,D800–D1699. Magic objects.,D800–D899. Ownership of magic objects.,,D860. Loss of magic object.,D861. Magic object stolen.,Magic,Magic objects,Ownership of magic objects,,Loss of magic object
802,941,ATU 590 Faithless Mother,B512. †B512. Medicine shown by animal.,590,B512,Medicine shown by animal.,B. Animals.,B300–B599. Friendly animals.,B500–B599. Services of helpful animals.,,B510. Healing by animals.,"B512. Medicine shown by animal. It heals another animal with a medicine (herb, water, etc.) and thus shows the man the remedy. Sometimes the medicine resuscitates the dead. (The animal is most frequently the serpent. (Cf. B491.)",Animals,Friendly animals,Services of helpful animals,,Healing by animals
803,942,ATU 590 Faithless Mother,D880. †D880. Recovery of magic object.,590,D880,Recovery of magic object.,D. Magic.,D800–D1699. Magic objects.,D800–D899. Ownership of magic objects.,,D880. Recovery of magic object.,D880. Recovery of magic object.,Magic,Magic objects,Ownership of magic objects,,Recovery of magic object
804,943,ATU 592 The Dance Among Thorns,S322.4. †S322.4. Evil stepmother casts boy forth.,592,S322.4,Evil stepmother casts boy forth.,S. Unnatural cruelty.,S300–S399. Abandoned or murdered children.,,,S310. Reasons for abandonment of children.,S322.4. Evil stepmother casts boy forth.,Unnatural cruelty,Abandoned or murdered children,,,Reasons for abandonment of children
805,944,ATU 592 The Dance Among Thorns,Q42.1. †Q42.1. Spendthrift knight.,592,Q42.1,Spendthrift knight.,Q. Rewards and punishments.,Q10–Q99. Deeds rewarded.,,,Q40. Kindness rewarded.,Q42.1. Spendthrift knight. Divides his last penny. He is later helped by the grateful person.,Rewards and punishments,Deeds rewarded,,,Kindness rewarded
806,945,ATU 592 The Dance Among Thorns,D1761.0.2. †D1761.0.2. Limited number of wishes granted.,592,D1761.0.2,Limited number of wishes granted.,D. Magic.,D1700–D2199. Magic powers and manifestations.,D1710–D1799. Possession and means of employment of magic powers.,,D1760. Means of producing magic power.,D1761.0.2. Limited number of wishes granted.,Magic,Magic powers and manifestations,Possession and means of employment of magic powers,,Means of producing magic power
807,946,ATU 592 The Dance Among Thorns,D1653.1.7. †D1653.1.7. Infallible gun.,592,D1653.1.7,Infallible gun.,D. Magic.,D800–D1699. Magic objects.,D1600–D1699. Characteristics of magic objects.,,D1650. Other characteristics of magic objects.,D1653.1.7. Infallible gun. (Cf. D1096.1.),Magic,Magic objects,Characteristics of magic objects,,Other characteristics of magic objects
808,947,ATU 592 The Dance Among Thorns,D1415.2.5. †D1415.2.5. Magic fiddle causes dancing.,592,D1415.2.5,Magic fiddle causes dancing.,D. Magic.,D800–D1699. Magic objects.,D1300–D1599. Function of magic objects.,D1400–D1439. Magic object gives power over other persons.,D1410. Magic object renders person helpless.,D1415.2.5. Magic fiddle causes dancing. (Cf. D1233.),Magic,Magic objects,Function of magic objects,Magic object gives power over other persons,Magic object renders person helpless
809,948,ATU 592 The Dance Among Thorns,N55. †N55. Shooting contest on wager.,592,N55,Shooting contest on wager.,N. Chance and fate.,N0–N99. Wagers and gambling.,,,N50. Other wagers.,N55. Shooting contest on wager.,Chance and fate,Wagers and gambling,,,Other wagers
810,949,ATU 592 The Dance Among Thorns,K551.3.1. †K551.3.1. Respite from death while one plays the fiddle,592,K551.3.1,Respite from death while one plays the fiddle,K. Deceptions.,K500–K699. Escape by deception.,,,K550. Escape by false plea.,K551.3.1. Respite from death while one plays the fiddle. Rescue arrives.,Deceptions,Escape by deception,,,Escape by false plea
811,950,ATU 593 Fiddevav,N825.3. †N825.3. Old woman helper.,593,N825.3,Old woman helper.,N. Chance and fate.,N800–N899. Helpers.,,,N820. Human helpers.,N825.3. Old woman helper.,Chance and fate,Helpers,,,Human helpers
812,951,ATU 593 Fiddevav,D1413. †D1413. Magic object holds person fast.,593,D1413,Magic object holds person fast.,D. Magic.,D800–D1699. Magic objects.,D1300–D1599. Function of magic objects.,D1400–D1439. Magic object gives power over other persons.,D1410. Magic object renders person helpless.,D1413. Magic object holds person fast.,Magic,Magic objects,Function of magic objects,Magic object gives power over other persons,Magic object renders person helpless
813,952,ATU 593 Fiddevav,D1413.17. †D1413.17. Magic adhesive stone.,593,D1413.17,Magic adhesive stone.,D. Magic.,D800–D1699. Magic objects.,D1300–D1599. Function of magic objects.,D1400–D1439. Magic object gives power over other persons.,D1410. Magic object renders person helpless.,"D1413.17. Magic adhesive stone. Makes all who poke in fire stick and say ""Fiddevav."" (Cf. D931.)",Magic,Magic objects,Function of magic objects,Magic object gives power over other persons,Magic object renders person helpless
814,953,ATU 593 Fiddevav,D2172.1. †D2172.1. Magic repetition.,593,D2172.1,Magic repetition.,D. Magic.,D1700–D2199. Magic powers and manifestations.,D1800–D2199. Manifestations of magic power.,D2150–D2199. Miscellaneous magical manifestations.,D2150. Miscellaneous magical manifestations.,D2172.1. Magic repetition. Person must keep on doing or saying thing until released.,Magic,Magic powers and manifestations,Manifestations of magic power,Miscellaneous magical manifestations,Miscellaneous magical manifestations
815,954,ATU 610 The Healing Fruit,T68.1. †T68.1. Princess offered as prize to rescuer.,610,T68.1,Princess offered as prize to rescuer.,T. Sex.,T0–T99. Love.,,,T50. Wooing.,T68.1. Princess offered as prize to rescuer.,Sex,Love,,,Wooing
816,955,ATU 610 The Healing Fruit,H346. †H346. Princess given to man who can heal her.,610,H346,Princess given to man who can heal her.,H. Tests.,H300–H499. Marriage tests.,H310–H359. Suitor tests.,,H310. Suitor tests.,H346. Princess given to man who can heal her.,Tests,Marriage tests,Suitor tests,,Suitor tests
817,956,ATU 610 The Healing Fruit,Q2. †Q2. Kind and unkind.,610,Q2,Kind and unkind.,Q. Rewards and punishments.,,,,Q0. Rewards and punishments.,Q2. Kind and unkind. Churlish person disregards requests of old person (animal) and is punished. Courteous person (often youngest brother or sister) complies and is rewarded.,Rewards and punishments,,,,Rewards and punishments
818,957,ATU 610 The Healing Fruit,L13. †L13. Compassionate youngest son.,610,L13,Compassionate youngest son.,L. Reversal of fortune.,L0–L99. Victorious youngest child.,,,L10. Victorious youngest son.,L13. Compassionate youngest son. Kind to people or animals: rewarded.,Reversal of fortune,Victorious youngest child,,,Victorious youngest son
819,958,ATU 610 The Healing Fruit,L10. †L10. Victorious youngest son.,610,L10,Victorious youngest son.,L. Reversal of fortune.,L0–L99. Victorious youngest child.,,,L10. Victorious youngest son.,L10. Victorious youngest son.,Reversal of fortune,Victorious youngest child,,,Victorious youngest son
820,959,ATU 610 The Healing Fruit,N825.3. †N825.3. Old woman helper.,610,N825.3,Old woman helper.,N. Chance and fate.,N800–N899. Helpers.,,,N820. Human helpers.,N825.3. Old woman helper.,Chance and fate,Helpers,,,Human helpers
821,960,ATU 610 The Healing Fruit,D1500.1.5. †D1500.1.5. Magic healing fruit.,610,D1500.1.5,Magic healing fruit.,D. Magic.,D800–D1699. Magic objects.,D1300–D1599. Function of magic objects.,,D1500. Magic object controls disease.,D1500.1.5. Magic healing fruit. (Cf. D980.),Magic,Magic objects,Function of magic objects,,Magic object controls disease
822,961,ATU 610 The Healing Fruit,H1010. †H1010. Impossible tasks,610,H1010,Impossible tasks,H. Tests.,H900–H1199. Tests of prowess: tasks.,H1000–H1199. Nature of tasks.,H1010–H1049. Impossible or absurd tasks.,H1010. Impossible tasks.,H1010. Impossible tasks.,Tests,Tests of prowess: tasks,Nature of tasks,Impossible or absurd tasks,Impossible tasks
823,962,ATU 610 The Healing Fruit,D1533.1.1. †D1533.1.1. Magic land and water ship.,610,D1533.1.1,Magic land and water ship.,D. Magic.,D800–D1699. Magic objects.,D1300–D1599. Function of magic objects.,,D1520. Magic object affords miraculous transportation.,D1533.1.1. Magic land and water ship. (Cf. D1123.),Magic,Magic objects,Function of magic objects,,Magic object affords miraculous transportation
824,963,ATU 610 The Healing Fruit,H1112. †H1112. Task: herding rabbits.,610,H1112,Task: herding rabbits.,H. Tests.,H900–H1199. Tests of prowess: tasks.,H1000–H1199. Nature of tasks.,,H1110. Tedious tasks.,H1112. Task: herding rabbits.,Tests,Tests of prowess: tasks,Nature of tasks,,Tedious tasks
825,964,ATU 610 The Healing Fruit,H1331.1.2.1. †H1331.1.2.1. Quest for remarkable bird feathers.,610,H1331.1.2.1,Quest for remarkable bird feathers.,H. Tests.,H1200–H1399. Tests of prowess: quests.,H1250–H1399. Nature of quests.,,H1320. Quest for marvelous objects or animals.,H1331.1.2.1. Quest for remarkable bird feathers.,Tests,Tests of prowess: quests,Nature of quests,,Quest for marvelous objects or animals
826,965,ATU 610 The Healing Fruit,L161. †L161. Lowly hero marries princess,610,L161,Lowly hero marries princess,L. Reversal of fortune.,L100–L199. Unpromising hero (heroine).,,,L160. Success of the unpromising hero (heroine).,L161. Lowly hero marries princess.,Reversal of fortune,Unpromising hero (heroine),,,Success of the unpromising hero (heroine)
827,966,ATU 612 The Three Snake-Leaves,M254. †M254. Promise to be buried with wife if she dies first.,612,M254,Promise to be buried with wife if she dies first.,M. Ordaining the future.,M200–M299. Bargains and promises.,,,M250. Promises connected with death.,M254. Promise to be buried with wife if she dies first.,Ordaining the future,Bargains and promises,,,Promises connected with death
828,967,ATU 612 The Three Snake-Leaves,B512. †B512. Medicine shown by animal.,612,B512,Medicine shown by animal.,B. Animals.,B300–B599. Friendly animals.,B500–B599. Services of helpful animals.,,B510. Healing by animals.,"B512. Medicine shown by animal. It heals another animal with a medicine (herb, water, etc.) and thus shows the man the remedy. Sometimes the medicine resuscitates the dead. (The animal is most frequently the serpent. (Cf. B491.)",Animals,Friendly animals,Services of helpful animals,,Healing by animals
829,968,ATU 612 The Three Snake-Leaves,B491.1. †B491.1. Helpful serpent.,612,B491.1,Helpful serpent.,B. Animals.,B300–B599. Friendly animals.,B400–B499. Kinds of helpful animals.,,B490. Other helpful animals.,B491.1. Helpful serpent.,Animals,Friendly animals,Kinds of helpful animals,,Other helpful animals
830,969,ATU 612 The Three Snake-Leaves,D1500.1.4. †D1500.1.4. Magic healing plant.,612,D1500.1.4,Magic healing plant.,D. Magic.,D800–D1699. Magic objects.,D1300–D1599. Function of magic objects.,,D1500. Magic object controls disease.,D1500.1.4. Magic healing plant. (Cf. D965.),Magic,Magic objects,Function of magic objects,,Magic object controls disease
831,970,ATU 612 The Three Snake-Leaves,E165. †E165. Resuscitation of wife by husband giving up half his remaining life.,612,E165,Resuscitation of wife by husband giving up half his remaining life.,E. The dead.,E0–E199. Resuscitation.,,,E150. Circumstances of resuscitation.,E165. Resuscitation of wife by husband giving up half his remaining life. (Sometimes vice versa).,The dead,Resuscitation,,,Circumstances of resuscitation
832,971,ATU 612 The Three Snake-Leaves,K2213.5. †K2213.5. The faithless resuscitated wife,612,K2213.5,The faithless resuscitated wife,K. Deceptions.,K2200–K2299. Villains and traitors.,,,K2210. Treacherous relatives.,K2213.5. The faithless resuscitated wife. Husband at great sacrifice has brought his wife back to life. She immediately deserts him and plots with a paramour against his life. (Cf. K2213.2.),Deceptions,Villains and traitors,,,Treacherous relatives
833,972,ATU 612 The Three Snake-Leaves,K2213.2. †K2213.2. Faithless wife and paramour throw hero overboard.,612,K2213.2,Faithless wife and paramour throw hero overboard.,K. Deceptions.,K2200–K2299. Villains and traitors.,,,K2210. Treacherous relatives.,K2213.2. Faithless wife and paramour throw hero overboard.,Deceptions,Villains and traitors,,,Treacherous relatives
834,973,ATU 612 The Three Snake-Leaves,S142. †S142. Person thrown into the water and abandoned.,612,S142,Person thrown into the water and abandoned.,S. Unnatural cruelty.,S100–S199. Revolting murders or mutilations.,,,S140. Cruel abandonments and exposures.,S142. Person thrown into the water and abandoned.,Unnatural cruelty,Revolting murders or mutilations,,,Cruel abandonments and exposures
835,974,ATU 612 The Three Snake-Leaves,P361. †P361. Faithful servant.,612,P361,Faithful servant.,P. Society.,P300–P399. Other social relationships.,,,P360. Master and servant.,P361. Faithful servant.,Society,Other social relationships,,,Master and servant
836,975,ATU 612 The Three Snake-Leaves,E105. †E105. Resuscitation by herbs (leaves).,612,E105,Resuscitation by herbs (leaves).,E. The dead.,E0–E199. Resuscitation.,,,E100. Resuscitation by medicines.,E105. Resuscitation by herbs (leaves).,The dead,Resuscitation,,,Resuscitation by medicines
837,976,ATU 613 The Two Travelers,N61. †N61. Wager that falsehood is better than truth.,613,N61,Wager that falsehood is better than truth.,N. Chance and fate.,N0–N99. Wagers and gambling.,,,N50. Other wagers.,"N61. Wager that falsehood is better than truth. Left to unjust umpire, so that falsehood wins.",Chance and fate,Wagers and gambling,,,Other wagers
838,977,ATU 613 The Two Travelers,K451.1. †K451.1. Unjust umpire decides a religious dispute,613,K451.1,Unjust umpire decides a religious dispute,K. Deceptions.,K300–K499. Thefts and cheats.,K440–K499. Other cheats.,,K440. Other cheats.,K451.1. Unjust umpire decides a religious dispute. His confederate thus wins an absurd wager.,Deceptions,Thefts and cheats,Other cheats,,Other cheats
839,978,ATU 613 The Two Travelers,N92. †N92. Wager to win or lose according to whether jackal howls or ass brays before game is finished.,613,N92,Wager to win or lose according to whether jackal howls or ass brays before game is finished.,N. Chance and fate.,N0–N99. Wagers and gambling.,,,N90. Wagers and gambling – miscellaneous.,N92. Wager to win or lose according to whether jackal howls or ass brays before game is finished.,Chance and fate,Wagers and gambling,,,Wagers and gambling – miscellaneous
840,979,ATU 613 The Two Travelers,N2.3.3. †N2.3.3. Eyes wagered.,613,N2.3.3,Eyes wagered.,N. Chance and fate.,N0–N99. Wagers and gambling.,,,N0. Wagers and gambling.,N2.3.3. Eyes wagered.,Chance and fate,Wagers and gambling,,,Wagers and gambling
841,980,ATU 613 The Two Travelers,M225. †M225. Eyes exchanged for food.,613,M225,Eyes exchanged for food.,M. Ordaining the future.,M200–M299. Bargains and promises.,,,M220. Other bargains.,M225. Eyes exchanged for food. A starving man lets himself be blinded in return for food.,Ordaining the future,Bargains and promises,,,Other bargains
842,981,ATU 613 The Two Travelers,F1045. †F1045. Night spent in tree.,613,F1045,Night spent in tree.,F. Marvels.,F900-F1099. Extraordinary occurrences.,,,F1010. Other extraordinary events.,F1045. Night spent in tree. Hero goes into tree to spend the night.,Marvels,-F1099. Extraordinary occurrences,,,Other extraordinary events
843,982,ATU 613 The Two Travelers,N451.1. †N451.1. Secrets of animals (demons) accidentally overheard from tree (bridge) hiding place.,613,N451.1,Secrets of animals (demons) accidentally overheard from tree (bridge) hiding place.,N. Chance and fate.,N400–N699. Lucky accidents.,N440–N499. Valuable secrets learned.,,N450. Secrets overheard.,N451.1. Secrets of animals (demons) accidentally overheard from tree (bridge) hiding place.,Chance and fate,Lucky accidents,Valuable secrets learned,,Secrets overheard
844,983,ATU 613 The Two Travelers,D1505.5. †D1505.5. Magic water restores sight.,613,D1505.5,Magic water restores sight.,D. Magic.,D800–D1699. Magic objects.,D1300–D1599. Function of magic objects.,,D1500. Magic object controls disease.,D1505.5. Magic water restores sight. (Cf. D1242.1.),Magic,Magic objects,Function of magic objects,,Magic object controls disease
845,984,ATU 613 The Two Travelers,D2064.1. †D2064.1. Magic sickness because girl has thrown away her consecrated wafer.,613,D2064.1,Magic sickness because girl has thrown away her consecrated wafer.,D. Magic.,D1700–D2199. Magic powers and manifestations.,D1800–D2199. Manifestations of magic power.,D2050–D2099. Destructive magic powers.,D2060. Death or bodily injury by magic.,"D2064.1. Magic sickness because girl has thrown away her consecrated wafer. (Cf. C55, C940.1.)",Magic,Magic powers and manifestations,Manifestations of magic power,Destructive magic powers,Death or bodily injury by magic
846,985,ATU 613 The Two Travelers,F933.2. †F933.2. Dry spring restored by removal of certain stone.,613,F933.2,Dry spring restored by removal of certain stone.,F. Marvels.,F900-F1099. Extraordinary occurrences.,,,F930. Extraordinary occurrences concerning seas or waters.,F933.2. Dry spring restored by removal of certain stone.,Marvels,-F1099. Extraordinary occurrences,,,Extraordinary occurrences concerning seas or waters
847,986,ATU 613 The Two Travelers,H346. †H346. Princess given to man who can heal her.,613,H346,Princess given to man who can heal her.,H. Tests.,H300–H499. Marriage tests.,H310–H359. Suitor tests.,,H310. Suitor tests.,H346. Princess given to man who can heal her.,Tests,Marriage tests,Suitor tests,,Suitor tests
848,987,ATU 613 The Two Travelers,"N471. †N471. Foolish attempt of second man to overhear secrets (from animals, demons etc.).",613,N471,"Foolish attempt of second man to overhear secrets (from animals, demons etc.).",N. Chance and fate.,N400–N699. Lucky accidents.,N440–N499. Valuable secrets learned.,,N450. Secrets overheard.,"N471. Foolish attempt of second man to overhear secrets (from animals, demons etc.). He is punished.",Chance and fate,Lucky accidents,Valuable secrets learned,,Secrets overheard
849,988,ATU 621 Louse-Skin,B873.1. †B873.1. Giant louse.,621,B873.1,Giant louse.,B. Animals.,B800–B899. Miscellaneous animal motifs.,,,B870. Giant animals.,B873.1. Giant louse.,Animals,Miscellaneous animal motifs,,,Giant animals
850,989,ATU 621 Louse-Skin,F983.2. †F983.2. Louse fattened.,621,F983.2,Louse fattened.,F. Marvels.,F900-F1099. Extraordinary occurrences.,,,F980. Extraordinary occurrences concerning animals.,F983.2. Louse fattened.,Marvels,-F1099. Extraordinary occurrences,,,Extraordinary occurrences concerning animals
851,990,ATU 621 Louse-Skin,H551. †H551. Princess offered to man who can out-riddle her.,621,H551,Princess offered to man who can out-riddle her.,H. Tests.,H500–H899. Tests of cleverness.,H530–H899. Riddles.,,H540. Propounding of riddles.,H551. Princess offered to man who can out-riddle her.,Tests,Tests of cleverness,Riddles,,Propounding of riddles
852,991,ATU 621 Louse-Skin,H522.1. †H522.1. Test: guessing origin of certain skin.,621,H522.1,Test: guessing origin of certain skin.,H. Tests.,H500–H899. Tests of cleverness.,,,H510. Tests in guessing.,H522.1. Test: guessing origin of certain skin.,Tests,Tests of cleverness,,,Tests in guessing
853,992,ATU 621 Louse-Skin,H573.3. †H573.3. Riddle solved by listening to propounder talk in his sleep.,621,H573.3,Riddle solved by listening to propounder talk in his sleep.,H. Tests.,H500–H899. Tests of cleverness.,H530–H899. Riddles.,,H570. Means of solving riddles.,H573.3. Riddle solved by listening to propounder talk in his sleep.,Tests,Tests of cleverness,Riddles,,Means of solving riddles
854,993,ATU 650A Strong John,B631. †B631. Human offspring from marriage to animal.,650A,B631,Human offspring from marriage to animal.,B. Animals.,B600–B699. Marriage of person to animal.,,,B630. Offspring of marriage to animal.,B631. Human offspring from marriage to animal.,Animals,Marriage of person to animal,,,Offspring of marriage to animal
855,994,ATU 650A Strong John,F611.1.1. †F611.1.1. Strong man son of bear who has stolen his mother.,650A,F611.1.1,Strong man son of bear who has stolen his mother.,F. Marvels.,F200–F699. Marvelous creatures.,F600-F699. Persons with extraordinary powers.,,F610. Remarkably strong man.,F611.1.1. Strong man son of bear who has stolen his mother.,Marvels,Marvelous creatures,-F699. Persons with extraordinary powers,,Remarkably strong man
856,995,ATU 650A Strong John,F611.2.1. †F611.2.1. Strong hero suckled by animal.,650A,F611.2.1,Strong hero suckled by animal.,F. Marvels.,F200–F699. Marvelous creatures.,F600-F699. Persons with extraordinary powers.,,F610. Remarkably strong man.,F611.2.1. Strong hero suckled by animal.,Marvels,Marvelous creatures,-F699. Persons with extraordinary powers,,Remarkably strong man
857,996,ATU 650A Strong John,F611.3.1. †F611.3.1. Strong hero practices uprooting trees.,650A,F611.3.1,Strong hero practices uprooting trees.,F. Marvels.,F200–F699. Marvelous creatures.,F600-F699. Persons with extraordinary powers.,,F610. Remarkably strong man.,F611.3.1. Strong hero practices uprooting trees. (Cf. F621.),Marvels,Marvelous creatures,-F699. Persons with extraordinary powers,,Remarkably strong man
858,997,ATU 650A Strong John,F612.1. †F612.1. Strong hero sent from home because of enormous appetite.,650A,F612.1,Strong hero sent from home because of enormous appetite.,F. Marvels.,F200–F699. Marvelous creatures.,F600-F699. Persons with extraordinary powers.,,F610. Remarkably strong man.,F612.1. Strong hero sent from home because of enormous appetite.,Marvels,Marvelous creatures,-F699. Persons with extraordinary powers,,Remarkably strong man
859,998,ATU 650A Strong John,K1411. †K1411. Plowing the field: horse and harness destroyed.,650A,K1411,Plowing the field: horse and harness destroyed.,K. Deceptions.,K1400–K1499. Dupe's property destroyed.,,,K1410. Dupe's goods destroyed.,K1411. Plowing the field: horse and harness destroyed. The youth is told to come home from plowing when the dog does. He beats the dog so that it runs home; then he destroys the horse and harness and goes home.,Deceptions,Dupe's property destroyed,,,Dupe's goods destroyed
860,999,ATU 650A Strong John,K1421. †K1421. Clearing land: axe broken,650A,K1421,Clearing land: axe broken,K. Deceptions.,K1400–K1499. Dupe's property destroyed.,,,K1410. Dupe's goods destroyed.,K1421. Clearing land: axe broken.,Deceptions,Dupe's property destroyed,,,Dupe's goods destroyed
861,1000,ATU 650A Strong John,H931. †H931. Tasks assigned in order to get rid of hero.,650A,H931,Tasks assigned in order to get rid of hero.,H. Tests.,H900–H1199. Tests of prowess: tasks.,H900–H999. Assignment and performance of tasks.,H900–H949. Assignment of tasks.,H920. Assigners of tasks.,H931. Tasks assigned in order to get rid of hero.,Tests,Tests of prowess: tasks,Assignment and performance of tasks,Assignment of tasks,Assigners of tasks
862,1001,ATU 650A Strong John,F615.2.3. †F615.2.3. Strong man sent for wild horses: brings them back.,650A,F615.2.3,Strong man sent for wild horses: brings them back.,F. Marvels.,F200–F699. Marvelous creatures.,F600-F699. Persons with extraordinary powers.,,F610. Remarkably strong man.,F615.2.3. Strong man sent for wild horses: brings them back.,Marvels,Marvelous creatures,-F699. Persons with extraordinary powers,,Remarkably strong man
863,1002,ATU 650A Strong John,F615.3.1. †F615.3.1. Strong hero attacked with millstone puts it on as collar.,650A,F615.3.1,Strong hero attacked with millstone puts it on as collar.,F. Marvels.,F200–F699. Marvelous creatures.,F600-F699. Persons with extraordinary powers.,,F610. Remarkably strong man.,F615.3.1. Strong hero attacked with millstone puts it on as collar. Sent to dig a well. Master throws the millstone on him.,Marvels,Marvelous creatures,-F699. Persons with extraordinary powers,,Remarkably strong man
864,1003,ATU 650A Strong John,F615.1. †F615.1. Strong man sent to devil's mill: drives devils to master's house.,650A,F615.1,Strong man sent to devil's mill: drives devils to master's house.,F. Marvels.,F200–F699. Marvelous creatures.,F600-F699. Persons with extraordinary powers.,,F610. Remarkably strong man.,F615.1. Strong man sent to devil's mill: drives devils to master's house.,Marvels,Marvelous creatures,-F699. Persons with extraordinary powers,,Remarkably strong man
865,1004,ATU 650A Strong John,F615. †F615. Strong man evades death.,650A,F615,Strong man evades death.,F. Marvels.,F200–F699. Marvelous creatures.,F600-F699. Persons with extraordinary powers.,,F610. Remarkably strong man.,F615. Strong man evades death. Vain attempts to kill him.,Marvels,Marvelous creatures,-F699. Persons with extraordinary powers,,Remarkably strong man
866,1005,ATU 650C Youth Who Bathed in Blood of a Dragon,D1846.4. †D1846.4. Invulnerability through bathing in dragon's blood.,650C,D1846.4,Invulnerability through bathing in dragon's blood.,D. Magic.,D1700–D2199. Magic powers and manifestations.,D1800–D2199. Manifestations of magic power.,D1800–D1949. Lasting magic qualities.,D1840. Magic invulnerability.,D1846.4. Invulnerability through bathing in dragon's blood.,Magic,Magic powers and manifestations,Manifestations of magic power,Lasting magic qualities,Magic invulnerability
867,1006,ATU 652 The Prince Whose Wishes Always Come True,N811. †N811. Supernatural godfather.,652,N811,Supernatural godfather.,N. Chance and fate.,N800–N899. Helpers.,,,N810. Supernatural helpers.,N811. Supernatural godfather. A king chooses as the godfather of his son the first man he meets. The godfather proves to be supernatural.,Chance and fate,Helpers,,,Supernatural helpers
868,1007,ATU 652 The Prince Whose Wishes Always Come True,D1761.0.1. †D1761.0.1. Wishes granted without limit.,652,D1761.0.1,Wishes granted without limit.,D. Magic.,D1700–D2199. Magic powers and manifestations.,D1710–D1799. Possession and means of employment of magic powers.,,D1760. Means of producing magic power.,D1761.0.1. Wishes granted without limit.,Magic,Magic powers and manifestations,Possession and means of employment of magic powers,,Means of producing magic power
869,1008,ATU 652 The Prince Whose Wishes Always Come True,K2250. †K2250. Treacherous servants and workmen.,652,K2250,Treacherous servants and workmen.,K. Deceptions.,K2200–K2299. Villains and traitors.,,,K2250. Treacherous servants and workmen.,K2250. Treacherous servants and workmen.,Deceptions,Villains and traitors,,,Treacherous servants and workmen
870,1009,ATU 652 The Prince Whose Wishes Always Come True,K2155.1. †K2155.1. Blood smeared on innocent person brings accusation of murder.,652,K2155.1,Blood smeared on innocent person brings accusation of murder.,K. Deceptions.,K2100–K2199. False accusations.,,,K2150. Innocent made to appear guilty.,K2155.1. Blood smeared on innocent person brings accusation of murder.,Deceptions,False accusations,,,Innocent made to appear guilty
871,1010,ATU 652 The Prince Whose Wishes Always Come True,Q455.1. †Q455.1. Walling up as punishment for murder of children.,652,Q455.1,Walling up as punishment for murder of children.,Q. Rewards and punishments.,Q400–Q599. Kinds of punishment.,,,Q450. Cruel punishments.,Q455.1. Walling up as punishment for murder of children. (Cf. Q211.4.),Rewards and punishments,Kinds of punishment,,,Cruel punishments
872,1011,ATU 652 The Prince Whose Wishes Always Come True,R131.8.5. †R131.8.5. Forester rescues abandoned child.,652,R131.8.5,Forester rescues abandoned child.,R. Captives and fugitives.,R100–R199. Rescues.,,,R130. Rescue of abandoned or lost persons.,R131.8.5. Forester rescues abandoned child.,Captives and fugitives,Rescues,,,Rescue of abandoned or lost persons
873,1012,ATU 652 The Prince Whose Wishes Always Come True,N856.1. †N856.1. Forester as foster father.,652,N856.1,Forester as foster father.,N. Chance and fate.,N800–N899. Helpers.,,,N820. Human helpers.,N856.1. Forester as foster father.,Chance and fate,Helpers,,,Human helpers
874,1013,ATU 652 The Prince Whose Wishes Always Come True,T52.1. †T52.1. Prince buys twig (flower) (enchanted girl) from her mother.,652,T52.1,Prince buys twig (flower) (enchanted girl) from her mother.,T. Sex.,T0–T99. Love.,,,T50. Wooing.,"T52.1. Prince buys twig (flower) (enchanted girl) from her mother. (Cf. D212, D215.)",Sex,Love,,,Wooing
875,1014,ATU 652 The Prince Whose Wishes Always Come True,D141. †D141. Transformation: man to dog.,652,D141,Transformation: man to dog.,D. Magic.,D0–D699. Transformation.,D100–D199. Transformation: man to animal.,D110–D149. Transformation: man to mammal.,D130. Transformation: man to domestic beast (mammal).,D141. Transformation: man to dog. (Cf. B641.1.),Magic,Transformation,Transformation: man to animal,Transformation: man to mammal,Transformation: man to domestic beast (mammal)
876,1015,ATU 652 The Prince Whose Wishes Always Come True,D212.1. †D212.1. Transformation: man (woman) to carnation.,652,D212.1,Transformation: man (woman) to carnation.,D. Magic.,D0–D699. Transformation.,D200–D299. Transformation: man to object.,,D210. Transformation: man to vegetable form.,D212.1. Transformation: man (woman) to carnation.,Magic,Transformation,Transformation: man to object,,Transformation: man to vegetable form
877,1016,ATU 652 The Prince Whose Wishes Always Come True,D630. †D630. Transformation and disenchantment at will.,652,D630,Transformation and disenchantment at will.,D. Magic.,D0–D699. Transformation.,D600–D699. Miscellaneous transformation incidents.,,D630. Transformation and disenchantment at will.,D630. Transformation and disenchantment at will.,Magic,Transformation,Miscellaneous transformation incidents,,Transformation and disenchantment at will
878,1017,ATU 653 The Four Skillful Brothers,P251.6.2. †P251.6.2. Four brothers,653,P251.6.2,Four brothers,P. Society.,P200–P299. The family.,,,P250. Brothers and sisters.,P251.6.2. Four brothers.,Society,The family,,,Brothers and sisters
879,1018,ATU 653 The Four Skillful Brothers,F660.1. †F660.1. Brothers acquire extraordinary skill.,653,F660.1,Brothers acquire extraordinary skill.,F. Marvels.,F200–F699. Marvelous creatures.,F600-F699. Persons with extraordinary powers.,,F660. Remarkable skill.,F660.1. Brothers acquire extraordinary skill. Return home and are tested.,Marvels,Marvelous creatures,-F699. Persons with extraordinary powers,,Remarkable skill
880,1019,ATU 653 The Four Skillful Brothers,R166. †R166. Brothers having extraordinary skill rescue princess.,653,R166,Brothers having extraordinary skill rescue princess.,R. Captives and fugitives.,R100–R199. Rescues.,,,R150. Rescuers.,R166. Brothers having extraordinary skill rescue princess.,Captives and fugitives,Rescues,,,Rescuers
881,1020,ATU 653 The Four Skillful Brothers,R111.1.3. †R111.1.3. Rescue of princess (maiden) from dragon.,653,R111.1.3,Rescue of princess (maiden) from dragon.,R. Captives and fugitives.,R100–R199. Rescues.,,,R110. Rescue of captive.,R111.1.3. Rescue of princess (maiden) from dragon.,Captives and fugitives,Rescues,,,Rescue of captive
882,1021,ATU 653 The Four Skillful Brothers,F662.2. †F662.2. Skillful tailor sews together scattered planks in capsizing boat.,653,F662.2,Skillful tailor sews together scattered planks in capsizing boat.,F. Marvels.,F200–F699. Marvelous creatures.,F600-F699. Persons with extraordinary powers.,,F660. Remarkable skill.,F662.2. Skillful tailor sews together scattered planks in capsizing boat.,Marvels,Marvelous creatures,-F699. Persons with extraordinary powers,,Remarkable skill
883,1022,ATU 653 The Four Skillful Brothers,H621.2. †H621.2. Girl rescued by skillful companions: to whom does she belong?,653,H621.2,Girl rescued by skillful companions: to whom does she belong?,H. Tests.,H500–H899. Tests of cleverness.,H530–H899. Riddles.,,H620. The unsolved problem: enigmatic ending of tale.,H621.2. Girl rescued by skillful companions: to whom does she belong?,Tests,Tests of cleverness,Riddles,,The unsolved problem: enigmatic ending of tale
884,1023,ATU 653 The Four Skillful Brothers,R111.7. †R111.7. Joint rescuers quarrel over rescued princess.,653,R111.7,Joint rescuers quarrel over rescued princess.,R. Captives and fugitives.,R100–R199. Rescues.,,,R110. Rescue of captive.,R111.7. Joint rescuers quarrel over rescued princess.,Captives and fugitives,Rescues,,,Rescue of captive
885,1024,ATU 653A Rarest Thing in the World,T68.1. †T68.1. Princess offered as prize to rescuer.,653A,T68.1,Princess offered as prize to rescuer.,T. Sex.,T0–T99. Love.,,,T50. Wooing.,T68.1. Princess offered as prize to rescuer.,Sex,Love,,,Wooing
886,1025,ATU 653A Rarest Thing in the World,D1323.15. †D1323.15. Magic clairvoyant telescope,653A,D1323.15,Magic clairvoyant telescope,D. Magic.,D800–D1699. Magic objects.,D1300–D1599. Function of magic objects.,D1300–D1379. Magic objects effect changes in persons.,D1310. Magic object gives supernatural information.,D1323.15. Magic clairvoyant telescope. Shows distant events.,Magic,Magic objects,Function of magic objects,Magic objects effect changes in persons,Magic object gives supernatural information
887,1026,ATU 653A Rarest Thing in the World,D1520.19. †D1520.19. Magic transportation by carpet.,653A,D1520.19,Magic transportation by carpet.,D. Magic.,D800–D1699. Magic objects.,D1300–D1599. Function of magic objects.,,D1520. Magic object affords miraculous transportation.,"D1520.19. Magic transportation by carpet. (Cf. D1155, D1118, D1118.1.)",Magic,Magic objects,Function of magic objects,,Magic object affords miraculous transportation
888,1027,ATU 653A Rarest Thing in the World,D1500.1.5.1. †D1500.1.5.1. Magic healing apple.,653A,D1500.1.5.1,Magic healing apple.,D. Magic.,D800–D1699. Magic objects.,D1300–D1599. Function of magic objects.,,D1500. Magic object controls disease.,"D1500.1.5.1. Magic healing apple. (Cf. D981.1, H1333.3.1.5.)",Magic,Magic objects,Function of magic objects,,Magic object controls disease
889,1028,ATU 653A Rarest Thing in the World,R111.7. †R111.7. Joint rescuers quarrel over rescued princess.,653A,R111.7,Joint rescuers quarrel over rescued princess.,R. Captives and fugitives.,R100–R199. Rescues.,,,R110. Rescue of captive.,R111.7. Joint rescuers quarrel over rescued princess.,Captives and fugitives,Rescues,,,Rescue of captive
890,1029,ATU 654 The Three Agile Brothers,F660.1. †F660.1. Brothers acquire extraordinary skill.,654,F660.1,Brothers acquire extraordinary skill.,F. Marvels.,F200–F699. Marvelous creatures.,F600-F699. Persons with extraordinary powers.,,F660. Remarkable skill.,F660.1. Brothers acquire extraordinary skill. Return home and are tested.,Marvels,Marvelous creatures,-F699. Persons with extraordinary powers,,Remarkable skill
891,1031,ATU 654 The Three Agile Brothers,F663.1. †F663.1. Skillful smith shoes running horse.,654,F663.1,Skillful smith shoes running horse.,F. Marvels.,F200–F699. Marvelous creatures.,F600-F699. Persons with extraordinary powers.,,F660. Remarkable skill.,F663.1. Skillful smith shoes running horse.,Marvels,Marvelous creatures,-F699. Persons with extraordinary powers,,Remarkable skill
892,1032,ATU 654 The Three Agile Brothers,F665.1. †F665.1. Skillful barber shaves running hare.,654,F665.1,Skillful barber shaves running hare.,F. Marvels.,F200–F699. Marvelous creatures.,F600-F699. Persons with extraordinary powers.,,F660. Remarkable skill.,F665.1. Skillful barber shaves running hare.,Marvels,Marvelous creatures,-F699. Persons with extraordinary powers,,Remarkable skill
893,1033,ATU 654 The Three Agile Brothers,F667.1. †F667.1. Skillful fencer keeps sword dry in rain.,654,F667.1,Skillful fencer keeps sword dry in rain.,F. Marvels.,F200–F699. Marvelous creatures.,F600-F699. Persons with extraordinary powers.,,F660. Remarkable skill.,F667.1. Skillful fencer keeps sword dry in rain. Swings it so fast.,Marvels,Marvelous creatures,-F699. Persons with extraordinary powers,,Remarkable skill
894,1034,ATU 655 The Wise Brothers,J1661.1.1. †J1661.1.1. Deduction: the one-eyed camel.,655,J1661.1.1,Deduction: the one-eyed camel.,J. The wise and the foolish.,J1100–J1699. Cleverness.,J1650–J1699. Miscellaneous clever acts.,,J1650. Miscellaneous clever acts.,"J1661.1.1. Deduction: the one-eyed camel. A she-camel has passed, blind in one eye; on the one side she carries wine and on the other vinegar; two men lead her, one a heathen and the other a Jew. Solution: She is recognized as a she-camel by the footprints; she is blind because she feeds on only one side of the road; the wine dropping down has soaked into the earth; the vinegar makes bubbles; the heathen is not so careful in his manners as is the Jew.",The wise and the foolish,Cleverness,Miscellaneous clever acts,,Miscellaneous clever acts
895,1035,ATU 655 The Wise Brothers,F647.5.1. †F647.5.1. Marvelous sensitiveness: meat is dog's flesh.,655,F647.5.1,Marvelous sensitiveness: meat is dog's flesh.,F. Marvels.,F200–F699. Marvelous creatures.,F600-F699. Persons with extraordinary powers.,,F640. Extraordinary powers of perception.,F647.5.1. Marvelous sensitiveness: meat is dog's flesh.,Marvels,Marvelous creatures,-F699. Persons with extraordinary powers,,Extraordinary powers of perception
896,1036,ATU 655 The Wise Brothers,F647.1. †F647.1. Marvelous sensitiveness: meat (wine) tastes of corpse.,655,F647.1,Marvelous sensitiveness: meat (wine) tastes of corpse.,F. Marvels.,F200–F699. Marvelous creatures.,F600-F699. Persons with extraordinary powers.,,F640. Extraordinary powers of perception.,F647.1. Marvelous sensitiveness: meat (wine) tastes of corpse. Has been near grave.,Marvels,Marvelous creatures,-F699. Persons with extraordinary powers,,Extraordinary powers of perception
897,1037,ATU 655 The Wise Brothers,J1661.1.2. †J1661.1.2. Deduction: the king is a bastard.,655,J1661.1.2,Deduction: the king is a bastard.,J. The wise and the foolish.,J1100–J1699. Cleverness.,J1650–J1699. Miscellaneous clever acts.,,J1650. Miscellaneous clever acts.,J1661.1.2. Deduction: the king is a bastard. After dinner the king begins to dance. He is therefore called illegitimate. His mother acknowledges an intrigue with a dancer.,The wise and the foolish,Cleverness,Miscellaneous clever acts,,Miscellaneous clever acts
898,1038,ATU 660 The Three Doctors,H504. †H504. Test of skill in handiwork.,660,H504,Test of skill in handiwork.,H. Tests.,H500–H899. Tests of cleverness.,,,H500. Test of cleverness or ability.,H504. Test of skill in handiwork.,Tests,Tests of cleverness,,,Test of cleverness or ability
899,1039,ATU 660 The Three Doctors,F668.1. †F668.1. Skillful surgeon removes and replaces vital organs.,660,F668.1,Skillful surgeon removes and replaces vital organs.,F. Marvels.,F200–F699. Marvelous creatures.,F600-F699. Persons with extraordinary powers.,,F660. Remarkable skill.,F668.1. Skillful surgeon removes and replaces vital organs. (Cf. X1721.2.),Marvels,Marvelous creatures,-F699. Persons with extraordinary powers,,Remarkable skill
900,1040,ATU 660 The Three Doctors,E781.3. †E781.3. Eyes borrowed by animal.,660,E781.3,Eyes borrowed by animal.,E. The dead.,E700–E799. The soul.,,,E780. Vital bodily members.,E781.3. Eyes borrowed by animal. Later returned.,The dead,The soul,,,Vital bodily members
901,1041,ATU 660 The Three Doctors,E782.1.1. †E782.1.1. Substituted hand.,660,E782.1.1,Substituted hand.,E. The dead.,E700–E799. The soul.,,,E780. Vital bodily members.,E782.1.1. Substituted hand. Man exchanges his hand for that of another.,The dead,The soul,,,Vital bodily members
902,1042,ATU 660 The Three Doctors,E787. †E787. Stomach borrowed by animal.,660,E787,Stomach borrowed by animal.,E. The dead.,E700–E799. The soul.,,,E780. Vital bodily members.,E787. Stomach borrowed by animal. Later returned.,The dead,The soul,,,Vital bodily members
903,1043,ATU 660 The Three Doctors,E780.2. †E780.2. Animal bodily members transferred to person or other animal retains animal powers and habits.,660,E780.2,Animal bodily members transferred to person or other animal retains animal powers and habits.,E. The dead.,E700–E799. The soul.,,,E780. Vital bodily members.,"E780.2. Animal bodily members transferred to person or other animal retains animal powers and habits. (Cf. E781, E782.)",The dead,The soul,,,Vital bodily members
904,1044,ATU 665 The Man Who Flew like a Bird and Swam Like a Fish,D630. †D630. Transformation and disenchantment at will.,665,D630,Transformation and disenchantment at will.,D. Magic.,D0–D699. Transformation.,D600–D699. Miscellaneous transformation incidents.,,D630. Transformation and disenchantment at will.,D630. Transformation and disenchantment at will.,Magic,Transformation,Miscellaneous transformation incidents,,Transformation and disenchantment at will
905,1045,ATU 665 The Man Who Flew like a Bird and Swam Like a Fish,D150. †D150. Transformation: man to bird,665,D150,Transformation: man to bird,D. Magic.,D0–D699. Transformation.,D100–D199. Transformation: man to animal.,,D150. Transformation: man to bird.,D150. Transformation: man to bird. (Cf. B644.),Magic,Transformation,Transformation: man to animal,,Transformation: man to bird
906,1046,ATU 665 The Man Who Flew like a Bird and Swam Like a Fish,D170. †D170. Transformation: man to fish.,665,D170,Transformation: man to fish.,D. Magic.,D0–D699. Transformation.,D100–D199. Transformation: man to animal.,,D170. Transformation: man to fish.,D170. Transformation: man to fish.,Magic,Transformation,Transformation: man to animal,,Transformation: man to fish
907,1047,ATU 665 The Man Who Flew like a Bird and Swam Like a Fish,D117.2. †D117.2. Transformation: man to hare (rabbit).,665,D117.2,Transformation: man to hare (rabbit).,D. Magic.,D0–D699. Transformation.,D100–D199. Transformation: man to animal.,D110–D149. Transformation: man to mammal.,D110. Transformation: man to wild beast (mammal).,D117.2. Transformation: man to hare (rabbit).,Magic,Transformation,Transformation: man to animal,Transformation: man to mammal,Transformation: man to wild beast (mammal)
908,1048,ATU 665 The Man Who Flew like a Bird and Swam Like a Fish,Q42.1. †Q42.1. Spendthrift knight.,665,Q42.1,Spendthrift knight.,Q. Rewards and punishments.,Q10–Q99. Deeds rewarded.,,,Q40. Kindness rewarded.,Q42.1. Spendthrift knight. Divides his last penny. He is later helped by the grateful person.,Rewards and punishments,Deeds rewarded,,,Kindness rewarded
909,1049,ATU 665 The Man Who Flew like a Bird and Swam Like a Fish,D1081. †D1081. Magic sword.,665,D1081,Magic sword.,D. Magic.,D800–D1699. Magic objects.,D900–D1299. Kinds of magic objects.,,D1080. Magic weapons.,D1081. Magic sword.,Magic,Magic objects,Kinds of magic objects,,Magic weapons
910,1050,ATU 665 The Man Who Flew like a Bird and Swam Like a Fish,D1470.1.15. †D1470.1.15. Magic wishing-ring.,665,D1470.1.15,Magic wishing-ring.,D. Magic.,D800–D1699. Magic objects.,D1300–D1599. Function of magic objects.,,D1470. Magic object as provider.,D1470.1.15. Magic wishing-ring. (Cf. D1076.),Magic,Magic objects,Function of magic objects,,Magic object as provider
911,1051,ATU 665 The Man Who Flew like a Bird and Swam Like a Fish,D641. †D641. Transformation to reach difficult place.,665,D641,Transformation to reach difficult place.,D. Magic.,D0–D699. Transformation.,D600–D699. Miscellaneous transformation incidents.,,D640. Reasons for voluntary transformation.,D641. Transformation to reach difficult place.,Magic,Transformation,Miscellaneous transformation incidents,,Reasons for voluntary transformation
912,1052,ATU 665 The Man Who Flew like a Bird and Swam Like a Fish,K1931.3. †K1931.3. Impostors kill hero,665,K1931.3,Impostors kill hero,K. Deceptions.,K1700–K2099. Deception through shams.,K1900–K1999. Impostures.,,K1930. Treacherous impostors.,K1931.3. Impostors kill hero.,Deceptions,Deception through shams,Impostures,,Treacherous impostors
913,1053,ATU 665 The Man Who Flew like a Bird and Swam Like a Fish,B515. †B515. Resuscitation by animals.,665,B515,Resuscitation by animals.,B. Animals.,B300–B599. Friendly animals.,B500–B599. Services of helpful animals.,,B510. Healing by animals.,B515. Resuscitation by animals.,Animals,Friendly animals,Services of helpful animals,,Healing by animals
914,1054,ATU 665 The Man Who Flew like a Bird and Swam Like a Fish,N681. †N681. Husband (lover) arrives home just as wife (mistress) is to marry another.,665,N681,Husband (lover) arrives home just as wife (mistress) is to marry another.,N. Chance and fate.,N400–N699. Lucky accidents.,N600–N699. Other lucky accidents.,,N680. Lucky accidents – miscellaneous.,N681. Husband (lover) arrives home just as wife (mistress) is to marry another.,Chance and fate,Lucky accidents,Other lucky accidents,,Lucky accidents – miscellaneous
915,1055,ATU 665 The Man Who Flew like a Bird and Swam Like a Fish,H78.2. †H78.2. Identification by feather taken from hero when he was transformed to bird.,665,H78.2,Identification by feather taken from hero when he was transformed to bird.,H. Tests.,H0–H199. Identity tests: Recognition.,,,H50. Recognition by bodily marks or physical attributes.,H78.2. Identification by feather taken from hero when he was transformed to bird.,Tests,Identity tests: Recognition,,,Recognition by bodily marks or physical attributes
916,1056,ATU 666* Hero and Leander,T83. †T83. Hero and Leander.,666*,T83,Hero and Leander.,T. Sex.,T0–T99. Love.,,,T80. Tragic love.,T83. Hero and Leander. Lover drowned as he swims to see his mistress.,Sex,Love,,,Tragic love
917,1057,ATU 670 Man Who Understands Animal Languages,B350. †B350. Grateful animals.,670,B350,Grateful animals.,B. Animals.,B300–B599. Friendly animals.,B350–B399. Grateful animals.,,B350. Grateful animals.,B350. Grateful animals.,Animals,Friendly animals,Grateful animals,,Grateful animals
918,1058,ATU 670 Man Who Understands Animal Languages,B491.1. †B491.1. Helpful serpent.,670,B491.1,Helpful serpent.,B. Animals.,B300–B599. Friendly animals.,B400–B499. Kinds of helpful animals.,,B490. Other helpful animals.,B491.1. Helpful serpent.,Animals,Friendly animals,Kinds of helpful animals,,Other helpful animals
919,1059,ATU 670 Man Who Understands Animal Languages,B216. †B216. Knowledge of animal languages,670,B216,Knowledge of animal languages,B. Animals.,B200–B299. Animals with human traits.,,,B210. Speaking animals.,B216. Knowledge of animal languages. Person understands them.,Animals,Animals with human traits,,,Speaking animals
920,1060,ATU 670 Man Who Understands Animal Languages,C425. †C425. Tabu: revealing knowledge of animal languages.,670,C425,Tabu: revealing knowledge of animal languages.,C. Tabu.,C400–C499. Speaking tabu.,,,C420. Tabu: uttering secrets.,C425. Tabu: revealing knowledge of animal languages.,Tabu,Speaking tabu,,,Tabu: uttering secrets
921,1061,ATU 670 Man Who Understands Animal Languages,N456. †N456. Enigmatical smile (laugh) reveals secret knowledge.,670,N456,Enigmatical smile (laugh) reveals secret knowledge.,N. Chance and fate.,N400–N699. Lucky accidents.,N440–N499. Valuable secrets learned.,,N450. Secrets overheard.,N456. Enigmatical smile (laugh) reveals secret knowledge.,Chance and fate,Lucky accidents,Valuable secrets learned,,Secrets overheard
922,1062,ATU 670 Man Who Understands Animal Languages,T253.1. †T253.1. Nagging wife drives husband to prepare for suicide.,670,T253.1,Nagging wife drives husband to prepare for suicide.,T. Sex.,T200–T299. Married life.,,,T250. Characteristics of wives and husbands.,T253.1. Nagging wife drives husband to prepare for suicide.,Sex,Married life,,,Characteristics of wives and husbands
923,1063,ATU 670 Man Who Understands Animal Languages,N451. †N451. Secrets overheard from animal (demon) conversation.,670,N451,Secrets overheard from animal (demon) conversation.,N. Chance and fate.,N400–N699. Lucky accidents.,N440–N499. Valuable secrets learned.,,N450. Secrets overheard.,N451. Secrets overheard from animal (demon) conversation.,Chance and fate,Lucky accidents,Valuable secrets learned,,Secrets overheard
924,1064,ATU 670 Man Who Understands Animal Languages,T252.2. †T252.2. Cock shows browbeaten husband how to rule his wife.,670,T252.2,Cock shows browbeaten husband how to rule his wife.,T. Sex.,T200–T299. Married life.,,,T250. Characteristics of wives and husbands.,"T252.2. Cock shows browbeaten husband how to rule his wife. (Cf. J21.16, J130.)",Sex,Married life,,,Characteristics of wives and husbands
925,1065,ATU 671 The Three Languages,B215.2. †B215.2. Dog language.,671,B215.2,Dog language.,B. Animals.,B200–B299. Animals with human traits.,,,B210. Speaking animals.,B215.2. Dog language.,Animals,Animals with human traits,,,Speaking animals
926,1066,ATU 671 The Three Languages,B215.1. †B215.1. Bird language.,671,B215.1,Bird language.,B. Animals.,B200–B299. Animals with human traits.,,,B210. Speaking animals.,B215.1. Bird language.,Animals,Animals with human traits,,,Speaking animals
927,1067,ATU 671 The Three Languages,B215.4. †B215.4. Frog language.,671,B215.4,Frog language.,B. Animals.,B200–B299. Animals with human traits.,,,B210. Speaking animals.,B215.4. Frog language.,Animals,Animals with human traits,,,Speaking animals
928,1068,ATU 671 The Three Languages,K512.2. †K512.2. Compassionate executioner: substituted heart.,671,K512.2,Compassionate executioner: substituted heart.,K. Deceptions.,K500–K699. Escape by deception.,,,K510. Death order evaded.,"K512.2. Compassionate executioner: substituted heart. A servant charged with killing the hero (heroine) substitutes an animal, whose heart he takes to his master as proof of the execution.",Deceptions,Escape by deception,,,Death order evaded
929,1069,ATU 671 The Three Languages,H171.2. †H171.2. Bird indicates election of king (pope).,671,H171.2,Bird indicates election of king (pope).,H. Tests.,H0–H199. Identity tests: Recognition.,,,H150. Circumstances of recognition.,H171.2. Bird indicates election of king (pope).,Tests,Identity tests: Recognition,,,Circumstances of recognition
930,1070,ATU 672 Serpent's Crown,D1011.3.1. †D1011.3.1. Magic serpent's crown,672,D1011.3.1,Magic serpent's crown,D. Magic.,D800–D1699. Magic objects.,D900–D1299. Kinds of magic objects.,D990–D1029. Magic bodily members.,D1010. Magic bodily members – animal.,D1011.3.1. Magic serpent's crown. (Cf. B112.),Magic,Magic objects,Kinds of magic objects,Magic bodily members,Magic bodily members – animal
931,1071,ATU 672 Serpent's Crown,B244.1. †B244.1. King of serpents (snakes).,672,B244.1,King of serpents (snakes).,B. Animals.,B200–B299. Animals with human traits.,,,B240. King of animals.,B244.1. King of serpents (snakes).,Animals,Animals with human traits,,,King of animals
932,1072,ATU 672 Serpent's Crown,B165.1.2. †B165.1.2. Animal languages from stolen serpent's crown.,672,B165.1.2,Animal languages from stolen serpent's crown.,B. Animals.,B100–B199. Magic animals.,B120–B169. Animals with magic wisdom.,,B160. Wisdom-giving animals.,B165.1.2. Animal languages from stolen serpent's crown. (Cf. B176.),Animals,Magic animals,Animals with magic wisdom,,Wisdom-giving animals
933,1073,ATU 672 Serpent's Crown,B112. †B112. Treasure-producing serpent's crown.,672,B112,Treasure-producing serpent's crown.,B. Animals.,B100–B199. Magic animals.,B100–B119. Treasure animals.,,B110. Treasure-producing parts of animals.,"B112. Treasure-producing serpent's crown. (Cf. B108.1, B115.1, B176).",Animals,Magic animals,Treasure animals,,Treasure-producing parts of animals
934,1074,ATU 672 Serpent's Crown,B765.2. †B765.2. Snake lays aside his crown to bathe,672,B765.2,Snake lays aside his crown to bathe,B. Animals.,B700–B799. Fanciful traits of animals.,,,B750. Fanciful habits of animals.,B765.2. Snake lays aside his crown to bathe.,Animals,Fanciful traits of animals,,,Fanciful habits of animals
935,1075,ATU 672 Serpent's Crown,E714.2. †E714.2. Serpent's life in its gold crown.,672,E714.2,Serpent's life in its gold crown.,E. The dead.,E700–E799. The soul.,,,E710. External soul.,E714.2. Serpent's life in its gold crown.,The dead,The soul,,,External soul
936,1076,ATU 672 Serpent's Crown,B765.6. †B765.6. Snake eats milk and bread with child.,672,B765.6,Snake eats milk and bread with child.,B. Animals.,B700–B799. Fanciful traits of animals.,,,B750. Fanciful habits of animals.,B765.6. Snake eats milk and bread with child.,Animals,Fanciful traits of animals,,,Fanciful habits of animals
937,1077,ATU 672 Serpent's Crown,B112. †B112. Treasure-producing serpent's crown,672,B112,Treasure-producing serpent's crown,B. Animals.,B100–B199. Magic animals.,B100–B119. Treasure animals.,,B110. Treasure-producing parts of animals.,"B112. Treasure-producing serpent's crown. (Cf. B108.1, B115.1, B176).",Animals,Magic animals,Treasure animals,,Treasure-producing parts of animals
938,1079,AT 673 The White Snake's Flesh,B217.1.1. †B217.1.1. Animal languages learned from eating serpent.,673,B217.1.1,Animal languages learned from eating serpent.,B. Animals.,B200–B299. Animals with human traits.,,,B210. Speaking animals.,B217.1.1. Animal languages learned from eating serpent. (Cf. B176.),Animals,Animals with human traits,,,Speaking animals
939,1080,AT 673 The White Snake's Flesh,N451. †N451. Secrets overheard from animal (demon) conversation.,673,N451,Secrets overheard from animal (demon) conversation.,N. Chance and fate.,N400–N699. Lucky accidents.,N440–N499. Valuable secrets learned.,,N450. Secrets overheard.,N451. Secrets overheard from animal (demon) conversation.,Chance and fate,Lucky accidents,Valuable secrets learned,,Secrets overheard
940,1081,ATU 675 The Lazy Boy,L114.1. †L114.1. Lazy hero.,675,L114.1,Lazy hero.,L. Reversal of fortune.,L100–L199. Unpromising hero (heroine).,,,L110. Types of unpromising heroes (heroines).,L114.1. Lazy hero.,Reversal of fortune,Unpromising hero (heroine),,,Types of unpromising heroes (heroines)
941,1082,ATU 675 The Lazy Boy,B375.1. †B375.1. Fish returned to water: grateful.,675,B375.1,Fish returned to water: grateful.,B. Animals.,B300–B599. Friendly animals.,B350–B399. Grateful animals.,,B370. Animal grateful to captor for release.,B375.1. Fish returned to water: grateful.,Animals,Friendly animals,Grateful animals,,Animal grateful to captor for release
942,1083,ATU 675 The Lazy Boy,D1761.0.1. †D1761.0.1. Wishes granted without limit.,675,D1761.0.1,Wishes granted without limit.,D. Magic.,D1700–D2199. Magic powers and manifestations.,D1710–D1799. Possession and means of employment of magic powers.,,D1760. Means of producing magic power.,D1761.0.1. Wishes granted without limit.,Magic,Magic powers and manifestations,Possession and means of employment of magic powers,,Means of producing magic power
943,1084,ATU 675 The Lazy Boy,D1601. †D1601. Object labors automatically.,675,D1601,Object labors automatically.,D. Magic.,D800–D1699. Magic objects.,D1600–D1699. Characteristics of magic objects.,D1600–D1649. Automatic magic objects.,D1600. Automatic object.,D1601. Object labors automatically.,Magic,Magic objects,Characteristics of magic objects,Automatic magic objects,Automatic object
944,1085,ATU 675 The Lazy Boy,D1523.1. †D1523.1. Self-propelling wagon,675,D1523.1,Self-propelling wagon,D. Magic.,D800–D1699. Magic objects.,D1300–D1599. Function of magic objects.,,D1520. Magic object affords miraculous transportation.,D1523.1. Self-propelling wagon. (Cf. D1113.),Magic,Magic objects,Function of magic objects,,Magic object affords miraculous transportation
945,1086,ATU 675 The Lazy Boy,T513. †T513. Conception from wish.,675,T513,Conception from wish.,T. Sex.,T500–T599. Conception and birth.,,,T510. Miraculous conception.,T513. Conception from wish. (Cf. T548.1.),Sex,Conception and birth,,,Miraculous conception
946,1087,ATU 675 The Lazy Boy,H486. †H486. Test of paternity,675,H486,Test of paternity,H. Tests.,H300–H499. Marriage tests.,,,H480. Father tests.,H486. Test of paternity. Child tested to see if it is child of certain father.,Tests,Marriage tests,,,Father tests
947,1088,ATU 675 The Lazy Boy,H481.1. †H481.1. Infant indicates his unknown father by handing him an apple.,675,H481.1,Infant indicates his unknown father by handing him an apple.,H. Tests.,H300–H499. Marriage tests.,,,H480. Father tests.,H481.1. Infant indicates his unknown father by handing him an apple.,Tests,Marriage tests,,,Father tests
948,1089,ATU 675 The Lazy Boy,S141. †S141. Exposure in boat.,675,S141,Exposure in boat.,S. Unnatural cruelty.,S100–S199. Revolting murders or mutilations.,,,S140. Cruel abandonments and exposures.,"S141. Exposure in boat. A person (usually woman or child) set adrift in a boat (chest, basket, cask).",Unnatural cruelty,Revolting murders or mutilations,,,Cruel abandonments and exposures
949,1090,ATU 675 The Lazy Boy,D1131.1. †D1131.1. Castle produced by magic.,675,D1131.1,Castle produced by magic.,D. Magic.,D800–D1699. Magic objects.,D900–D1299. Kinds of magic objects.,,D1130. Magic buildings and parts.,D1131.1. Castle produced by magic.,Magic,Magic objects,Kinds of magic objects,,Magic buildings and parts
950,1091,ATU 675 The Lazy Boy,L175. †L175. Lowly successful hero invites king and humbles him.,675,L175,Lowly successful hero invites king and humbles him.,L. Reversal of fortune.,L100–L199. Unpromising hero (heroine).,,,L160. Success of the unpromising hero (heroine).,L175. Lowly successful hero invites king and humbles him.,Reversal of fortune,Unpromising hero (heroine),,,Success of the unpromising hero (heroine)
951,1092,ATU 954 The Forty Thieves,D1552.2. †D1552.2. Mountain opens to magic formula (Open Sesame).,954,D1552.2,Mountain opens to magic formula (Open Sesame).,D. Magic.,D800–D1699. Magic objects.,D1300–D1599. Function of magic objects.,,D1550. Magic object miraculously opens and closes.,D1552.2. Mountain opens to magic formula (Open Sesame). (Cf. D1273.),Magic,Magic objects,Function of magic objects,,Magic object miraculously opens and closes
952,1093,ATU 954 The Forty Thieves,N455.3. †N455.3. Secret formula for opening treasure mountain overheard from robbers (Open Sesame).,954,N455.3,Secret formula for opening treasure mountain overheard from robbers (Open Sesame).,N. Chance and fate.,N400–N699. Lucky accidents.,N440–N499. Valuable secrets learned.,,N450. Secrets overheard.,N455.3. Secret formula for opening treasure mountain overheard from robbers (Open Sesame).,Chance and fate,Lucky accidents,Valuable secrets learned,,Secrets overheard
953,1094,ATU 954 The Forty Thieves,N512. †N512. Treasure in underground chamber (cavern).,954,N512,Treasure in underground chamber (cavern).,N. Chance and fate.,N400–N699. Lucky accidents.,N500–N599. Treasure trove.,,N510. Where treasure is found.,N512. Treasure in underground chamber (cavern).,Chance and fate,Lucky accidents,Treasure trove,,Where treasure is found
954,1095,ATU 954 The Forty Thieves,F721.4. †F721.4. Underground treasure chambers.,954,F721.4,Underground treasure chambers.,F. Marvels.,F700-F899. Extraordinary places and things.,,,F720. Submarine and subterranean world.,F721.4. Underground treasure chambers.,Marvels,-F899. Extraordinary places and things,,,Submarine and subterranean world
955,1096,ATU 954 The Forty Thieves,N478. †N478. Secret wealth betrayed by money left in borrowed money-scales.,954,N478,Secret wealth betrayed by money left in borrowed money-scales.,N. Chance and fate.,N400–N699. Lucky accidents.,N440–N499. Valuable secrets learned.,,N450. Secrets overheard.,N478. Secret wealth betrayed by money left in borrowed money-scales.,Chance and fate,Lucky accidents,Valuable secrets learned,,Secrets overheard
956,1097,ATU 954 The Forty Thieves,"N471. †N471. Foolish attempt of second man to overhear secrets (from animals, demons etc.)",954,N471,"Foolish attempt of second man to overhear secrets (from animals, demons etc.)",N. Chance and fate.,N400–N699. Lucky accidents.,N440–N499. Valuable secrets learned.,,N450. Secrets overheard.,"N471. Foolish attempt of second man to overhear secrets (from animals, demons etc.). He is punished.",Chance and fate,Lucky accidents,Valuable secrets learned,,Secrets overheard
957,1098,ATU 954 The Forty Thieves,K312. †K312. Thieves hidden in oil casks.,954,K312,Thieves hidden in oil casks.,K. Deceptions.,K300–K499. Thefts and cheats.,K310–K439. Thefts.,,K310. Means of entering house or treasury.,K312. Thieves hidden in oil casks. In one cask is oil; in the others the robbers are hidden. The girl kills them.,Deceptions,Thefts and cheats,Thefts,,Means of entering house or treasury
958,1099,ATU 681 The Relativity of Time,D2012.1. †D2012.1. King in the bath; years of experience in a moment,681,D2012.1,King in the bath; years of experience in a moment,D. Magic.,D1700–D2199. Magic powers and manifestations.,D1800–D2199. Manifestations of magic power.,D1950–D2049. Temporary magic characteristics.,D2000. Magic forgetfulness.,D2012.1. King in the bath; years of experience in a moment. This illusion takes place when the king puts his head under water.,Magic,Magic powers and manifestations,Manifestations of magic power,Temporary magic characteristics,Magic forgetfulness
959,1100,ATU 700 Thumbling,F535.1. †F535.1. Thumbling.,700,F535.1,Thumbling.,F. Marvels.,F200–F699. Marvelous creatures.,F500–F599. Remarkable persons.,,F530. Exceptionally large or small men.,F535.1. Thumbling. Person the size of a thumb.,Marvels,Marvelous creatures,Remarkable persons,,Exceptionally large or small men
960,1101,ATU 700 Thumbling,F535.1.1.1. †F535.1.1.1. Thumbling drives wagon by sitting in horse's ear.,700,F535.1.1.1,Thumbling drives wagon by sitting in horse's ear.,F. Marvels.,F200–F699. Marvelous creatures.,F500–F599. Remarkable persons.,,F530. Exceptionally large or small men.,F535.1.1.1. Thumbling drives wagon by sitting in horse's ear.,Marvels,Marvelous creatures,Remarkable persons,,Exceptionally large or small men
961,1102,ATU 700 Thumbling,F535.1.1.9. †F535.1.1.9. Thumbling sold as freak,700,F535.1.1.9,Thumbling sold as freak,F. Marvels.,F200–F699. Marvelous creatures.,F500–F599. Remarkable persons.,,F530. Exceptionally large or small men.,F535.1.1.9. Thumbling sold as freak.,Marvels,Marvelous creatures,Remarkable persons,,Exceptionally large or small men
962,1103,ATU 700 Thumbling,F535.1.1.11. †F535.1.1.11. Thumbling as accomplice to robbers.,700,F535.1.1.11,Thumbling as accomplice to robbers.,F. Marvels.,F200–F699. Marvelous creatures.,F500–F599. Remarkable persons.,,F530. Exceptionally large or small men.,F535.1.1.11. Thumbling as accomplice to robbers.,Marvels,Marvelous creatures,Remarkable persons,,Exceptionally large or small men
963,1104,ATU 700 Thumbling,F911.3.1. †F911.3.1. Thumbling swallowed by animals.,700,F911.3.1,Thumbling swallowed by animals.,F. Marvels.,F900-F1099. Extraordinary occurrences.,,,F910. Extraordinary swallowings.,F911.3.1. Thumbling swallowed by animals. (Cf. F914.2.),Marvels,-F1099. Extraordinary occurrences,,,Extraordinary swallowings
964,1105,ATU 700 Thumbling,F535.1.1.8. †F535.1.1.8. Thumbling imprisoned in a sausage,700,F535.1.1.8,Thumbling imprisoned in a sausage,F. Marvels.,F200–F699. Marvelous creatures.,F500–F599. Remarkable persons.,,F530. Exceptionally large or small men.,F535.1.1.8. Thumbling imprisoned in a sausage.,Marvels,Marvelous creatures,Remarkable persons,,Exceptionally large or small men
965,1107,ATU 700 Thumbling,F913. †F913. Victims rescued from swallower's belly.,700,F913,Victims rescued from swallower's belly.,F. Marvels.,F900-F1099. Extraordinary occurrences.,,,F910. Extraordinary swallowings.,F913. Victims rescued from swallower's belly. (Cf. X1723.1.),Marvels,-F1099. Extraordinary occurrences,,,Extraordinary swallowings
966,1108,ATU 701 The Giant's Toy,F531.5.3. †F531.5.3. Giant's toy.,701,F531.5.3,Giant's toy.,F. Marvels.,F200–F699. Marvelous creatures.,F500–F599. Remarkable persons.,,F530. Exceptionally large or small men.,"F531.5.3. Giant's toy. A young giantess picks up a man plowing. Wants him as a toy. Her mother says, ""Take him back. He will drive us away."" (Cf. F531.5.1.)",Marvels,Marvelous creatures,Remarkable persons,,Exceptionally large or small men
967,1109,ATU 704 The Princess and the Pea,H41.1. †H41.1. Princess on the pea,704,H41.1,Princess on the pea,H. Tests.,H0–H199. Identity tests: Recognition.,,,H30. Recognition through personal peculiarities,H41.1. Princess on the pea. Princess recognized by her inability to sleep on bed which has a pea under its dozen mattresses.,Tests,Identity tests: Recognition,,,Recognition through personal peculiarities
968,1110,ATU 705A Born from Fruit (Fish),T578. †T578. Pregnant man.,705A,T578,Pregnant man.,T. Sex.,T500–T599. Conception and birth.,,,T570. Pregnancy.,T578. Pregnant man.,Sex,Conception and birth,,,Pregnancy
969,1111,ATU 705A Born from Fruit (Fish),T511.5.1. †T511.5.1. Conception from eating fish.,705A,T511.5.1,Conception from eating fish.,T. Sex.,T500–T599. Conception and birth.,,,T510. Miraculous conception.,T511.5.1. Conception from eating fish.,Sex,Conception and birth,,,Miraculous conception
970,1112,ATU 705A Born from Fruit (Fish),T541.16. †T541.16. Birth from knee.,705A,T541.16,Birth from knee.,T. Sex.,T500–T599. Conception and birth.,,,T540. Miraculous birth.,T541.16. Birth from knee.,Sex,Conception and birth,,,Miraculous birth
971,1113,ATU 705A Born from Fruit (Fish),R13.3. †R13.3. Person carried off by bird.,705A,R13.3,Person carried off by bird.,R. Captives and fugitives.,R0–R99. Captivity.,,,R10. Abduction.,R13.3. Person carried off by bird.,Captives and fugitives,Captivity,,,Abduction
972,1114,ATU 705A Born from Fruit (Fish),N711. †N711. King (prince) accidentally finds maiden and marries her.,705A,N711,King (prince) accidentally finds maiden and marries her.,N. Chance and fate.,N700–N799. Accidental encounters.,,,N710. Accidental meeting of hero and heroine.,N711. King (prince) accidentally finds maiden and marries her.,Chance and fate,Accidental encounters,,,Accidental meeting of hero and heroine
973,1115,ATU 705A Born from Fruit (Fish),S410. †S410. Persecuted wife.,705A,S410,Persecuted wife.,S. Unnatural cruelty.,S400–S499. Cruel persecutions.,,,S410. Persecuted wife.,S410. Persecuted wife.,Unnatural cruelty,Cruel persecutions,,,Persecuted wife
974,1116,ATU 705A Born from Fruit (Fish),T412. †T412. Mother-son incest.,705A,T412,Mother-son incest.,T. Sex.,T400–T499. Illicit sexual relations.,,,T410. Incest.,T412. Mother-son incest.,Sex,Illicit sexual relations,,,Incest
975,1117,ATU 706 The Maiden Without Hands,Q451.1. †Q451.1. Hands cut off as punishment.,706,Q451.1,Hands cut off as punishment.,Q. Rewards and punishments.,Q400–Q599. Kinds of punishment.,,,Q450. Cruel punishments.,Q451.1. Hands cut off as punishment. (Cf. S161.),Rewards and punishments,Kinds of punishment,,,Cruel punishments
976,1118,ATU 706 The Maiden Without Hands,S322.1.2. †S322.1.2. Father casts daughter forth when she will not marry him.,706,S322.1.2,Father casts daughter forth when she will not marry him.,S. Unnatural cruelty.,S300–S399. Abandoned or murdered children.,,,S310. Reasons for abandonment of children.,S322.1.2. Father casts daughter forth when she will not marry him. (Cf. T411.1.),Unnatural cruelty,Abandoned or murdered children,,,Reasons for abandonment of children
977,1119,ATU 706 The Maiden Without Hands,N711. †N711. King (prince) accidentally finds maiden and marries her.,706,N711,King (prince) accidentally finds maiden and marries her.,N. Chance and fate.,N700–N799. Accidental encounters.,,,N710. Accidental meeting of hero and heroine.,N711. King (prince) accidentally finds maiden and marries her.,Chance and fate,Accidental encounters,,,Accidental meeting of hero and heroine
978,1120,ATU 706 The Maiden Without Hands,K2117. †K2117. Calumniated wife: substituted letter (falsified message).,706,K2117,Calumniated wife: substituted letter (falsified message).,K. Deceptions.,K2100–K2199. False accusations.,,,K2110. Slanders.,"K2117. Calumniated wife: substituted letter (falsified message). The letter announcing the birth of her children changed on the way to the king, so that the queen is falsely accused. (Cf. K2115, K2116.)",Deceptions,False accusations,,,Slanders
979,1121,ATU 706 The Maiden Without Hands,S451. †S451. Outcast wife at last united with husband and children.,706,S451,Outcast wife at last united with husband and children.,S. Unnatural cruelty.,S400–S499. Cruel persecutions.,,,S450. Fate of outcast wife.,S451. Outcast wife at last united with husband and children.,Unnatural cruelty,Cruel persecutions,,,Fate of outcast wife
980,1122,ATU 706B The Chaste Nun,"T327.1. †T327.1. Maiden sends to her lecherous lover (brother) her eyes (hands, breasts) which he has admired.",706B,T327.1,"Maiden sends to her lecherous lover (brother) her eyes (hands, breasts) which he has admired.",T. Sex.,T300–T399. Chastity and celibacy.,,,T320. Escape from undesired lover.,"T327.1. Maiden sends to her lecherous lover (brother) her eyes (hands, breasts) which he has admired.",Sex,Chastity and celibacy,,,Escape from undesired lover
981,1123,ATU 707 The Three Golden Children,N201. †N201. Wish for exalted husband realized.,707,N201,Wish for exalted husband realized.,N. Chance and fate.,N100–N299. The ways of luck and fate.,,,N200. The good gifts of fortune.,"N201. Wish for exalted husband realized. Girls make wish that they may marry king (prince, etc.). It so happens.",Chance and fate,The ways of luck and fate,,,The good gifts of fortune
982,1124,ATU 707 The Three Golden Children,H71.2. †H71.2. Gold (silver) hairs as sign of royalty.,707,H71.2,Gold (silver) hairs as sign of royalty.,H. Tests.,H0–H199. Identity tests: Recognition.,,,H50. Recognition by bodily marks or physical attributes.,H71.2. Gold (silver) hairs as sign of royalty.,Tests,Identity tests: Recognition,,,Recognition by bodily marks or physical attributes
983,1125,ATU 707 The Three Golden Children,H71.3. †H71.3. Pearls from hair as sign of royalty.,707,H71.3,Pearls from hair as sign of royalty.,H. Tests.,H0–H199. Identity tests: Recognition.,,,H50. Recognition by bodily marks or physical attributes.,H71.3. Pearls from hair as sign of royalty.,Tests,Identity tests: Recognition,,,Recognition by bodily marks or physical attributes
984,1126,ATU 707 The Three Golden Children,H71.1. †H71.1. Star on forehead as sign of royalty.,707,H71.1,Star on forehead as sign of royalty.,H. Tests.,H0–H199. Identity tests: Recognition.,,,H50. Recognition by bodily marks or physical attributes.,H71.1. Star on forehead as sign of royalty.,Tests,Identity tests: Recognition,,,Recognition by bodily marks or physical attributes
985,1127,ATU 707 The Three Golden Children,L162. †L162. Lowly heroine marries prince (king).,707,L162,Lowly heroine marries prince (king).,L. Reversal of fortune.,L100–L199. Unpromising hero (heroine).,,,L160. Success of the unpromising hero (heroine).,L162. Lowly heroine marries prince (king).,Reversal of fortune,Unpromising hero (heroine),,,Success of the unpromising hero (heroine)
986,1128,ATU 707 The Three Golden Children,K2115. †K2115. Animal-birth slander.,707,K2115,Animal-birth slander.,K. Deceptions.,K2100–K2199. False accusations.,,,K2110. Slanders.,K2115. Animal-birth slander. A woman is accused of having given birth to animals. Her children are put out of the way and animals substituted.,Deceptions,False accusations,,,Slanders
987,1129,ATU 707 The Three Golden Children,K2110.1. †K2110.1. Calumniated wife.,707,K2110.1,Calumniated wife.,K. Deceptions.,K2100–K2199. False accusations.,,,K2110. Slanders.,K2110.1. Calumniated wife.,Deceptions,False accusations,,,Slanders
988,1130,ATU 707 The Three Golden Children,S301. †S301. Children abandoned (exposed).,707,S301,Children abandoned (exposed).,S. Unnatural cruelty.,S300–S399. Abandoned or murdered children.,,,S300. Abandoned or murdered children.,S301. Children abandoned (exposed).,Unnatural cruelty,Abandoned or murdered children,,,Abandoned or murdered children
989,1131,ATU 707 The Three Golden Children,R131.2. †R131.2. Miller rescues abandoned child.,707,R131.2,Miller rescues abandoned child.,R. Captives and fugitives.,R100–R199. Rescues.,,,R130. Rescue of abandoned or lost persons.,R131.2. Miller rescues abandoned child.,Captives and fugitives,Rescues,,,Rescue of abandoned or lost persons
990,1132,ATU 707 The Three Golden Children,H1381.2.2.1. †H1381.2.2.1. Son seeks unknown father.,707,H1381.2.2.1,Son seeks unknown father.,H. Tests.,H1200–H1399. Tests of prowess: quests.,H1250–H1399. Nature of quests.,,H1370. Miscellaneous quests.,H1381.2.2.1. Son seeks unknown father.,Tests,Tests of prowess: quests,Nature of quests,,Miscellaneous quests
991,1133,ATU 708 The Wonder Child,S441. †S441. Cast-off wife and child abandoned in forest.,708,S441,Cast-off wife and child abandoned in forest.,S. Unnatural cruelty.,S400–S499. Cruel persecutions.,,,S430. Disposal of cast-off wife.,S441. Cast-off wife and child abandoned in forest. (Cf. S143.),Unnatural cruelty,Cruel persecutions,,,Disposal of cast-off wife
992,1134,ATU 708 The Wonder Child,D1717.1. †D1717.1. Magic power of monster child.,708,D1717.1,Magic power of monster child.,D. Magic.,D1700–D2199. Magic powers and manifestations.,D1710–D1799. Possession and means of employment of magic powers.,,D1710. Possession of magic powers.,D1717.1. Magic power of monster child.,Magic,Magic powers and manifestations,Possession and means of employment of magic powers,,Possession of magic powers
993,1135,ATU 708 The Wonder Child,D741. †D741. Disenchantment of monster when prince promises to marry the monster's mother.,708,D741,Disenchantment of monster when prince promises to marry the monster's mother.,D. Magic.,D700–D799. Disenchantment.,,,D730. Disenchantment by submission.,D741. Disenchantment of monster when prince promises to marry the monster's mother. The prince imagines falsely that the mother is also a monster.,Magic,Disenchantment,,,Disenchantment by submission
994,1136,ATU 709 Snow White,"Z65.1. †Z65.1. Red as blood, white as snow",709,Z65.1,"Red as blood, white as snow",Z. Miscellaneous groups of motifs.,Z0–Z99. Formulas.,,,Z60. Other formulistic motifs.,"Z65.1. Red as blood, white as snow. Often from blood on snow as a suggestion, a wish is made for a child (wife) with skin like snow and cheeks like blood, etc. (Sometimes black as a raven.)",Miscellaneous groups of motifs,Formulas,,,Other formulistic motifs
995,1137,ATU 709 Snow White,D1323.1. †D1323.1. Magic clairvoyant mirror.,709,D1323.1,Magic clairvoyant mirror.,D. Magic.,D800–D1699. Magic objects.,D1300–D1599. Function of magic objects.,D1300–D1379. Magic objects effect changes in persons.,D1310. Magic object gives supernatural information.,D1323.1. Magic clairvoyant mirror.,Magic,Magic objects,Function of magic objects,Magic objects effect changes in persons,Magic object gives supernatural information
996,1138,ATU 709 Snow White,D1311.2. †D1311.2. Mirror answers questions.,709,D1311.2,Mirror answers questions.,D. Magic.,D800–D1699. Magic objects.,D1300–D1599. Function of magic objects.,D1300–D1379. Magic objects effect changes in persons.,D1310. Magic object gives supernatural information.,"D1311.2. Mirror answers questions. (Cf. D1163, D1323.1.)",Magic,Magic objects,Function of magic objects,Magic objects effect changes in persons,Magic object gives supernatural information
997,1139,ATU 709 Snow White,L55. †L55. Stepdaughter heroine.,709,L55,Stepdaughter heroine.,L. Reversal of fortune.,L0–L99. Victorious youngest child.,,,L50. Victorious youngest daughter.,L55. Stepdaughter heroine.,Reversal of fortune,Victorious youngest child,,,Victorious youngest daughter
998,1140,ATU 709 Snow White,M312.4. †M312.4. Prophecy: superb beauty for girl.,709,M312.4,Prophecy: superb beauty for girl.,M. Ordaining the future.,M300–M399. Prophecies.,,,M310. Favorable prophecies.,M312.4. Prophecy: superb beauty for girl.,Ordaining the future,Prophecies,,,Favorable prophecies
999,1141,ATU 709 Snow White,S322.2. †S322.2. Jealous mother casts daughter forth.,709,S322.2,Jealous mother casts daughter forth.,S. Unnatural cruelty.,S300–S399. Abandoned or murdered children.,,,S310. Reasons for abandonment of children.,S322.2. Jealous mother casts daughter forth. (Cf. S12.),Unnatural cruelty,Abandoned or murdered children,,,Reasons for abandonment of children
1000,1142,ATU 709 Snow White,K512.2. †K512.2. Compassionate executioner: substituted heart.,709,K512.2,Compassionate executioner: substituted heart.,K. Deceptions.,K500–K699. Escape by deception.,,,K510. Death order evaded.,"K512.2. Compassionate executioner: substituted heart. A servant charged with killing the hero (heroine) substitutes an animal, whose heart he takes to his master as proof of the execution.",Deceptions,Escape by deception,,,Death order evaded
1001,1143,ATU 709 Snow White,N831.1. †N831.1. Mysterious housekeeper.,709,N831.1,Mysterious housekeeper.,N. Chance and fate.,N800–N899. Helpers.,,,N820. Human helpers.,N831.1. Mysterious housekeeper. Men find their house mysteriously put in order. Discover that it is done by a girl (frequently an animal transformed into a girl).,Chance and fate,Helpers,,,Human helpers
1002,1144,ATU 709 Snow White,F451.5.1.2. †F451.5.1.2. Dwarfs adopt girl as sister.,709,F451.5.1.2,Dwarfs adopt girl as sister.,F. Marvels.,F200–F699. Marvelous creatures.,F400–F499. Spirits and demons.,,F450. Underground spirits.,F451.5.1.2. Dwarfs adopt girl as sister.,Marvels,Marvelous creatures,Spirits and demons,,Underground spirits
1003,1145,ATU 709 Snow White,D1364.9. †D1364.9. Comb causes magic sleep,709,D1364.9,Comb causes magic sleep,D. Magic.,D800–D1699. Magic objects.,D1300–D1599. Function of magic objects.,D1300–D1379. Magic objects effect changes in persons.,D1360. Magic object effects temporary change in person.,D1364.9. Comb causes magic sleep. (Cf. D1072.1.),Magic,Magic objects,Function of magic objects,Magic objects effect changes in persons,Magic object effects temporary change in person
1004,1146,ATU 709 Snow White,D1364.16. †D1364.16. Hairpin causes magic sleep.,709,D1364.16,Hairpin causes magic sleep.,D. Magic.,D800–D1699. Magic objects.,D1300–D1599. Function of magic objects.,D1300–D1379. Magic objects effect changes in persons.,D1360. Magic object effects temporary change in person.,D1364.16. Hairpin causes magic sleep. (Cf. D1072.2.),Magic,Magic objects,Function of magic objects,Magic objects effect changes in persons,Magic object effects temporary change in person
1005,1147,ATU 709 Snow White,D1364.4.1. †D1364.4.1. Apple causes magic sleep.,709,D1364.4.1,Apple causes magic sleep.,D. Magic.,D800–D1699. Magic objects.,D1300–D1599. Function of magic objects.,D1300–D1379. Magic objects effect changes in persons.,D1360. Magic object effects temporary change in person.,D1364.4.1. Apple causes magic sleep. (Cf. D981.1.),Magic,Magic objects,Function of magic objects,Magic objects effect changes in persons,Magic object effects temporary change in person
1006,1148,ATU 709 Snow White,S111.4. †S111.4. Murder with poisoned apple.,709,S111.4,Murder with poisoned apple.,S. Unnatural cruelty.,S100–S199. Revolting murders or mutilations.,,,S110. Murders.,S111.4. Murder with poisoned apple.,Unnatural cruelty,Revolting murders or mutilations,,,Murders
1007,1149,ATU 709 Snow White,S111.2. †S111.2. Murder with poisoned lace,709,S111.2,Murder with poisoned lace,S. Unnatural cruelty.,S100–S199. Revolting murders or mutilations.,,,S110. Murders.,S111.2. Murder with poisoned lace.,Unnatural cruelty,Revolting murders or mutilations,,,Murders
1008,1150,ATU 709 Snow White,F852.1. †F852.1. Glass coffin.,709,F852.1,Glass coffin.,F. Marvels.,F700-F899. Extraordinary places and things.,,,F840. Other extraordinary objects and places.,F852.1. Glass coffin.,Marvels,-F899. Extraordinary places and things,,,Other extraordinary objects and places
1009,1151,ATU 709 Snow White,E21.1. †E21.1. Resuscitation by removal of poisoned apple.,709,E21.1,Resuscitation by removal of poisoned apple.,E. The dead.,E0–E199. Resuscitation.,,,E10. Resuscitation by rough treatment.,E21.1. Resuscitation by removal of poisoned apple. By shaking loose the apple from the throat of the poisoned girl the prince brings her to life.,The dead,Resuscitation,,,Resuscitation by rough treatment
1010,1152,ATU 709 Snow White,Q414.4. †Q414.4. Punishment: dancing to death in red-hot shoes.,709,Q414.4,Punishment: dancing to death in red-hot shoes.,Q. Rewards and punishments.,Q400–Q599. Kinds of punishment.,,,Q410. Capital punishment.,Q414.4. Punishment: dancing to death in red-hot shoes.,Rewards and punishments,Kinds of punishment,,,Capital punishment
1011,1153,ATU 710 Our Lady's Child,S211. †S211. Child sold (promised) to devil (ogre).,710,S211,Child sold (promised) to devil (ogre).,S. Unnatural cruelty.,S200–S299. Cruel sacrifices.,,,S210. Children sold or promised.,"S211. Child sold (promised) to devil (ogre). See also references to S220–S259, practically all of which apply here.",Unnatural cruelty,Cruel sacrifices,,,Children sold or promised
1012,1154,ATU 710 Our Lady's Child,S240. †S240. Children unwittingly promised (sold).,710,S240,Children unwittingly promised (sold).,S. Unnatural cruelty.,S200–S299. Cruel sacrifices.,,,S240. Children unwittingly promised (sold).,S240. Children unwittingly promised (sold). (Cf. S211.),Unnatural cruelty,Cruel sacrifices,,,Children unwittingly promised (sold)
1013,1155,ATU 710 Our Lady's Child,V271. †V271. Virgin Mary as foster mother.,710,V271,Virgin Mary as foster mother.,V. Religion.,V200–V299. Sacred persons.,,,V250. The Virgin Mary.,V271. Virgin Mary as foster mother.,Religion,Sacred persons,,,The Virgin Mary
1014,1156,ATU 710 Our Lady's Child,C611. †C611. Forbidden chamber.,710,C611,Forbidden chamber.,C. Tabu.,C600–C699. Unique prohibitions and compulsions.,C600–C649. The one forbidden thing.,,C610. The one forbidden place.,C611. Forbidden chamber. Person allowed to enter all chambers of house except one.,Tabu,Unique prohibitions and compulsions,The one forbidden thing,,The one forbidden place
1015,1157,ATU 710 Our Lady's Child,C911. †C911. Golden finger as sign of opening forbidden chamber,710,C911,Golden finger as sign of opening forbidden chamber,C. Tabu.,C900–C999. Punishment for breaking tabu.,,,C910. Permanent sign of disobedience for breaking tabu.,C911. Golden finger as sign of opening forbidden chamber. (Cf. C611.),Tabu,Punishment for breaking tabu,,,Permanent sign of disobedience for breaking tabu
1016,1158,ATU 710 Our Lady's Child,C912. †C912. Hair turns to gold as punishment in forbidden chamber.,710,C912,Hair turns to gold as punishment in forbidden chamber.,C. Tabu.,C900–C999. Punishment for breaking tabu.,,,C910. Permanent sign of disobedience for breaking tabu.,C912. Hair turns to gold as punishment in forbidden chamber. (Cf. C611.),Tabu,Punishment for breaking tabu,,,Permanent sign of disobedience for breaking tabu
1017,1159,ATU 710 Our Lady's Child,J213. †J213. Choice: loss of beauty or speech.,710,J213,Choice: loss of beauty or speech.,J. The wise and the foolish.,J200–J1099. Wise and unwise conduct.,J200–J499. Choices.,,J210. Choice between evils.,J213. Choice: loss of beauty or speech. Latter chosen.,The wise and the foolish,Wise and unwise conduct,Choices,,Choice between evils
1018,1160,ATU 710 Our Lady's Child,Q451.3. †Q451.3. Loss of speech as punishment.,710,Q451.3,Loss of speech as punishment.,Q. Rewards and punishments.,Q400–Q599. Kinds of punishment.,,,Q450. Cruel punishments.,Q451.3. Loss of speech as punishment.,Rewards and punishments,Kinds of punishment,,,Cruel punishments
1019,1161,ATU 710 Our Lady's Child,C944. †C944. Dumbness as punishment for breaking tabu.,710,C944,Dumbness as punishment for breaking tabu.,C. Tabu.,C900–C999. Punishment for breaking tabu.,,,C940. Sickness or weakness for breaking tabu.,C944. Dumbness as punishment for breaking tabu. (Cf. C311.1.4.),Tabu,Punishment for breaking tabu,,,Sickness or weakness for breaking tabu
1020,1162,ATU 710 Our Lady's Child,N711.1. †N711.1. King (prince) finds maiden in woods (tree) and marries her.,710,N711.1,King (prince) finds maiden in woods (tree) and marries her.,N. Chance and fate.,N700–N799. Accidental encounters.,,,N710. Accidental meeting of hero and heroine.,N711.1. King (prince) finds maiden in woods (tree) and marries her.,Chance and fate,Accidental encounters,,,Accidental meeting of hero and heroine
1021,1163,ATU 710 Our Lady's Child,G261. †G261. Witch steals children.,710,G261,Witch steals children.,G. Ogres.,G10–G399. Kinds of ogres.,G200–G299. Witches.,,G260. Evil deeds of witches.,G261. Witch steals children.,Ogres,Kinds of ogres,Witches,,Evil deeds of witches
1022,1164,ATU 710 Our Lady's Child,K2116.1.1. †K2116.1.1. Innocent woman accused of killing her new-born children.,710,K2116.1.1,Innocent woman accused of killing her new-born children.,K. Deceptions.,K2100–K2199. False accusations.,,,K2110. Slanders.,K2116.1.1. Innocent woman accused of killing her new-born children.,Deceptions,False accusations,,,Slanders
1023,1165,ATU 710 Our Lady's Child,D2025.1. †D2025.1. Speech magically recovered on execution stake.,710,D2025.1,Speech magically recovered on execution stake.,D. Magic.,D1700–D2199. Magic powers and manifestations.,D1800–D2199. Manifestations of magic power.,D1950–D2049. Temporary magic characteristics.,D2020. Magic dumbness.,D2025.1. Speech magically recovered on execution stake.,Magic,Magic powers and manifestations,Manifestations of magic power,Temporary magic characteristics,Magic dumbness
1024,1166,ATU 710 Our Lady's Child,H215. †H215. Magic manifestation at execution proves innocence.,710,H215,Magic manifestation at execution proves innocence.,H. Tests.,H200–H299. Tests of truth.,H210–H239. Tests of guilt or innocence.,,H210. Test of guilt or innocence.,H215. Magic manifestation at execution proves innocence.,Tests,Tests of truth,Tests of guilt or innocence,,Test of guilt or innocence
1025,1167,ATU 711 The Beautiful and Ugly Twin Sisters,T548.2. †T548.2. Magic rites for obtaining a child.,711,T548.2,Magic rites for obtaining a child.,T. Sex.,T500–T599. Conception and birth.,,,T540. Miraculous birth.,T548.2. Magic rites for obtaining a child.,Sex,Conception and birth,,,Miraculous birth
1026,1168,ATU 711 The Beautiful and Ugly Twin Sisters,C152. †C152. Tabus during pregnancy.,711,C152,Tabus during pregnancy.,C. Tabu.,C100–C199. Sex tabu.,,,C150. Tabu connected with childbirth.,C152. Tabus during pregnancy.,Tabu,Sex tabu,,,Tabu connected with childbirth
1027,1169,ATU 711 The Beautiful and Ugly Twin Sisters,T551.3. †T551.3. Child born with animal head,711,T551.3,Child born with animal head,T. Sex.,T500–T599. Conception and birth.,,,T550. Monstrous births.,T551.3. Child born with animal head.,Sex,Conception and birth,,,Monstrous births
1028,1170,ATU 711 The Beautiful and Ugly Twin Sisters,L145.1. †L145.1. Ugly sister helps pretty one.,711,L145.1,Ugly sister helps pretty one.,L. Reversal of fortune.,L100–L199. Unpromising hero (heroine).,,,L140. The unpromising surpasses the promising.,L145.1. Ugly sister helps pretty one.,Reversal of fortune,Unpromising hero (heroine),,,The unpromising surpasses the promising
1029,1171,ATU 711 The Beautiful and Ugly Twin Sisters,D732. †D732. Loathly Lady,711,D732,Loathly Lady,D. Magic.,D700–D799. Disenchantment.,,,D730. Disenchantment by submission.,D732. Loathly Lady. Man disenchants loathsome woman by embracing her.,Magic,Disenchantment,,,Disenchantment by submission
1030,1172,ATU 711 The Beautiful and Ugly Twin Sisters,D1860. †D1860. Magic beautification,711,D1860,Magic beautification,D. Magic.,D1700–D2199. Magic powers and manifestations.,D1800–D2199. Manifestations of magic power.,D1800–D1949. Lasting magic qualities.,D1860. Magic beautification.,D1860. Magic beautification.,Magic,Magic powers and manifestations,Manifestations of magic power,Lasting magic qualities,Magic beautification
1031,1173,ATU 712 Crescentia,K2110.1. †K2110.1. Calumniated wife.,712,K2110.1,Calumniated wife.,K. Deceptions.,K2100–K2199. False accusations.,,,K2110. Slanders.,K2110.1. Calumniated wife.,Deceptions,False accusations,,,Slanders
1032,1174,ATU 712 Crescentia,K2112. †K2112. Woman slandered as adulteress (prostitute).,712,K2112,Woman slandered as adulteress (prostitute).,K. Deceptions.,K2100–K2199. False accusations.,,,K2110. Slanders.,"K2112. Woman slandered as adulteress (prostitute). (Usually by unsuccessful suitor.) (Crescentia, Genoveva, Susanna.)",Deceptions,False accusations,,,Slanders
1033,1175,ATU 712 Crescentia,K2116.1.1.1. †K2116.1.1.1. Innocent woman accused of eating her new-born children.,712,K2116.1.1.1,Innocent woman accused of eating her new-born children.,K. Deceptions.,K2100–K2199. False accusations.,,,K2110. Slanders.,K2116.1.1.1. Innocent woman accused of eating her new-born children.,Deceptions,False accusations,,,Slanders
1034,1176,ATU 712 Crescentia,H151.8. †H151.8. Husband attracted by wife's power of healing: recognition follows,712,H151.8,Husband attracted by wife's power of healing: recognition follows,H. Tests.,H0–H199. Identity tests: Recognition.,,,H150. Circumstances of recognition.,H151.8. Husband attracted by wife's power of healing: recognition follows.,Tests,Identity tests: Recognition,,,Circumstances of recognition
1035,1177,ATU 712 Crescentia,S451. †S451. Outcast wife at last united with husband and children,712,S451,Outcast wife at last united with husband and children,S. Unnatural cruelty.,S400–S499. Cruel persecutions.,,,S450. Fate of outcast wife.,S451. Outcast wife at last united with husband and children.,Unnatural cruelty,Cruel persecutions,,,Fate of outcast wife
1036,1178,ATU 715 Demi-cock,B171.1. †B171.1. Demi-coq,715,B171.1,Demi-coq,B. Animals.,B100–B199. Magic animals.,B170–B189. Other magic animals.,,"B170. Magic birds, fish, reptiles, etc.","B171.1. Demi-coq. A cock is cut in two and is made magic. Carries robbers, foxes, and stream of water under wings.",Animals,Magic animals,Other magic animals,,"Magic birds, fish, reptiles, etc"
1037,1179,ATU 715 Demi-cock,B435.1. †B435.1. Helpful fox.,715,B435.1,Helpful fox.,B. Animals.,B300–B599. Friendly animals.,B400–B499. Kinds of helpful animals.,B400–B449. Helpful beasts.,B430. Helpful wild beasts.,B435.1. Helpful fox.,Animals,Friendly animals,Kinds of helpful animals,Helpful beasts,Helpful wild beasts
1038,1180,ATU 715 Demi-cock,F601.7. †F601.7. Animals as extraordinary companions.,715,F601.7,Animals as extraordinary companions.,F. Marvels.,F200–F699. Marvelous creatures.,F600-F699. Persons with extraordinary powers.,,F600. Persons with extraordinary powers.,F601.7. Animals as extraordinary companions.,Marvels,Marvelous creatures,-F699. Persons with extraordinary powers,,Persons with extraordinary powers
1039,1181,ATU 715 Demi-cock,D915.2. †D915.2. River contained under cock's wings.,715,D915.2,River contained under cock's wings.,D. Magic.,D800–D1699. Magic objects.,D900–D1299. Kinds of magic objects.,,D910. Magic body of Water.,D915.2. River contained under cock's wings.,Magic,Magic objects,Kinds of magic objects,,Magic body of Water
1040,1182,ATU 715 Demi-cock,D1382.8. †D1382.8. Magic stream quenches fire.,715,D1382.8,Magic stream quenches fire.,D. Magic.,D800–D1699. Magic objects.,D1300–D1599. Function of magic objects.,,D1380. Magic object protects.,D1382.8. Magic stream quenches fire. (Cf. D915.2.),Magic,Magic objects,Function of magic objects,,Magic object protects
1041,1183,ATU 715 Demi-cock,K481. †K481. Demi-coq by means of his magic animals and magic water collects money.,715,K481,Demi-coq by means of his magic animals and magic water collects money.,K. Deceptions.,K300–K499. Thefts and cheats.,K440–K499. Other cheats.,,K440. Other cheats.,K481. Demi-coq by means of his magic animals and magic water collects money.,Deceptions,Thefts and cheats,Other cheats,,Other cheats
1042,1184,ATU 720 The Juniper Tree,S121. †S121. Murder by slamming down chest-lid.,720,S121,Murder by slamming down chest-lid.,S. Unnatural cruelty.,S100–S199. Revolting murders or mutilations.,,,S110. Murders.,S121. Murder by slamming down chest-lid. Done while victim is looking into the chest.,Unnatural cruelty,Revolting murders or mutilations,,,Murders
1043,1185,ATU 720 The Juniper Tree,G61. †G61. Relative's flesh eaten unwittingly.,720,G61,Relative's flesh eaten unwittingly.,G. Ogres.,G10–G399. Kinds of ogres.,G10–G99. Cannibals and cannibalism.,G50–G79. Occasional cannibalism.,G60. Human flesh eaten unwittingly.,G61. Relative's flesh eaten unwittingly.,Ogres,Kinds of ogres,Cannibals and cannibalism,Occasional cannibalism,Human flesh eaten unwittingly
1044,1186,ATU 720 The Juniper Tree,E607.1. †E607.1. Bones of dead collected and buried.,720,E607.1,Bones of dead collected and buried.,E. The dead.,E600–E699. Reincarnation.,,,E600. Reincarnation.,E607.1. Bones of dead collected and buried. Return in another form directly from grave.,The dead,Reincarnation,,,Reincarnation
1045,1187,ATU 720 The Juniper Tree,Q412. †Q412. Punishment: millstone dropped on guilty person.,720,Q412,Punishment: millstone dropped on guilty person.,Q. Rewards and punishments.,Q400–Q599. Kinds of punishment.,,,Q410. Capital punishment.,Q412. Punishment: millstone dropped on guilty person.,Rewards and punishments,Kinds of punishment,,,Capital punishment
1046,1188,ATU 720 The Juniper Tree,E610.1.1. †E610.1.1. Reincarnation: boy to bird to boy.,720,E610.1.1,Reincarnation: boy to bird to boy.,E. The dead.,E600–E699. Reincarnation.,,,E610. Reincarnation as animal.,"E610.1.1. Reincarnation: boy to bird to boy. Boy returns as bird, who later becomes the boy.",The dead,Reincarnation,,,Reincarnation as animal
1047,1189,ATU 725 Prophecy of Future Sovereignty,M312.0.1. †M312.0.1. Dream of future greatness.,725,M312.0.1,Dream of future greatness.,M. Ordaining the future.,M300–M399. Prophecies.,,,M310. Favorable prophecies.,M312.0.1. Dream of future greatness.,Ordaining the future,Prophecies,,,Favorable prophecies
1048,1190,ATU 725 Prophecy of Future Sovereignty,D1812.3.3. †D1812.3.3. Future revealed in dream.,725,D1812.3.3,Future revealed in dream.,D. Magic.,D1700–D2199. Magic powers and manifestations.,D1800–D2199. Manifestations of magic power.,D1800–D1949. Lasting magic qualities.,D1810. Magic knowledge.,"D1812.3.3. Future revealed in dream. (Cf. D1810.8, D1812.5.1.2, D1813.1.)",Magic,Magic powers and manifestations,Manifestations of magic power,Lasting magic qualities,Magic knowledge
1049,1191,ATU 725 Prophecy of Future Sovereignty,L425. †L425. Dream (prophecy) of future greatness causes banishment (imprisonment).,725,L425,Dream (prophecy) of future greatness causes banishment (imprisonment).,L. Reversal of fortune.,L400–L499. Pride brought low.,,,L420. Overweening ambition punished.,L425. Dream (prophecy) of future greatness causes banishment (imprisonment).,Reversal of fortune,Pride brought low,,,Overweening ambition punished
1050,1192,ATU 725 Prophecy of Future Sovereignty,H551. †H551. Princess offered to man who can out-riddle her.,725,H551,Princess offered to man who can out-riddle her.,H. Tests.,H500–H899. Tests of cleverness.,H530–H899. Riddles.,,H540. Propounding of riddles.,H551. Princess offered to man who can out-riddle her.,Tests,Tests of cleverness,Riddles,,Propounding of riddles
1051,1193,ATU 726 The Three Old Men,F571.2. †F571.2. Sending to the older.,726,F571.2,Sending to the older.,F. Marvels.,F200–F699. Marvelous creatures.,F500–F599. Remarkable persons.,,F570. Other extraordinary human beings.,"F571.2. Sending to the older. Old person refers inquirer to his father, who refers to his father, and so on for several generations.",Marvels,Marvelous creatures,Remarkable persons,,Other extraordinary human beings
1052,1194,ATU 729 The Merman's Golden Axe,Q3.1. †Q3.1. Woodsman and the gold axe.,729,Q3.1,Woodsman and the gold axe.,Q. Rewards and punishments.,,,,Q0. Rewards and punishments.,Q3.1. Woodsman and the gold axe. A woodsman lets his axe fall into the water. Hermes comes to his rescue. Takes out a gold axe but the woodsman says that it is not his. The same with a silver axe. Finally he is given his own axe and rewarded for his modest choice. His companion tries this plan and loses his axe.,Rewards and punishments,,,,Rewards and punishments
1053,1195,ATU 735 The Rich Man's and the Poors Man's Fortune,N181. †N181. Fortunes of the rich man and of the poor man,735,N181,Fortunes of the rich man and of the poor man,N. Chance and fate.,N100–N299. The ways of luck and fate.,,,N170. The capriciousness of luck.,N181. Fortunes of the rich man and of the poor man. The Fortune of the rich brother tells the poor brother to seek his luck under a bush. The poor man goes there and Fortune tells him to become a merchant. He becomes rich.,Chance and fate,The ways of luck and fate,,,The capriciousness of luck
1054,1196,ATU 735A Bad Luck Imprisoned,N112. †N112. Bad luck personified.,735A,N112,Bad luck personified.,N. Chance and fate.,N100–N299. The ways of luck and fate.,N100–N169. Nature of luck and fate.,,N110. Luck and fate personified.,N112. Bad luck personified.,Chance and fate,The ways of luck and fate,Nature of luck and fate,,Luck and fate personified
1055,1197,ATU 735A Bad Luck Imprisoned,N112.1. †N112.1. Bad luck put into a sack,735A,N112.1,Bad luck put into a sack,N. Chance and fate.,N100–N299. The ways of luck and fate.,N100–N169. Nature of luck and fate.,,N110. Luck and fate personified.,N112.1. Bad luck put into a sack.,Chance and fate,The ways of luck and fate,Nature of luck and fate,,Luck and fate personified
1056,1198,ATU 736A Ring of Polycrates,N211.1. †N211.1. Lost ring found in fish.,736A,N211.1,Lost ring found in fish.,N. Chance and fate.,N100–N299. The ways of luck and fate.,,,N200. The good gifts of fortune.,N211.1. Lost ring found in fish. (Polycrates.),Chance and fate,The ways of luck and fate,,,The good gifts of fortune
1057,1199,ATU 737 Who Will be her Future Husband,D1825.1. †D1825.1. Second sight.,737,D1825.1,Second sight.,D. Magic.,D1700–D2199. Magic powers and manifestations.,D1800–D2199. Manifestations of magic power.,D1800–D1949. Lasting magic qualities.,D1820. Magic sight and hearing.,D1825.1. Second sight. Power to see future happenings. (Cf. D1812.),Magic,Magic powers and manifestations,Manifestations of magic power,Lasting magic qualities,Magic sight and hearing
1058,1200,ATU 745A The Predestined Treasure,N212. †N212. Money cannot be kept from where it is destined to go.,745A,N212,Money cannot be kept from where it is destined to go.,N. Chance and fate.,N100–N299. The ways of luck and fate.,,,N200. The good gifts of fortune.,N212. Money cannot be kept from where it is destined to go. Miser told that his hoard is to go to poor man. He hides it in a trunk and throws it into the sea but it drifts to the house of the poor man who tries in vain to restore it to its owner.,Chance and fate,The ways of luck and fate,,,The good gifts of fortune
1059,1201,ATU 750A The Three Wishes,K1811. Gods (saints) in disguise visit mortals.,750A,K1811,Gods (saints) in disguise visit mortals.,K. Deceptions.,K1700–K2099. Deception through shams.,K1800–K1899. Deception by disguise or illusion.,,K1810. Deception by disguise.,K1811. Gods (saints) in disguise visit mortals.,Deceptions,Deception through shams,Deception by disguise or illusion,,Deception by disguise
1060,1202,ATU 750A The Three Wishes,D1761.0.2. Limited number of wishes granted.,750A,D1761.0.2,Limited number of wishes granted.,D. Magic.,D1700–D2199. Magic powers and manifestations.,D1710–D1799. Possession and means of employment of magic powers.,,D1760. Means of producing magic power.,D1761.0.2. Limited number of wishes granted.,Magic,Magic powers and manifestations,Possession and means of employment of magic powers,,Means of producing magic power
1061,1203,ATU 750A The Three Wishes,Q1.1. Gods (saints) in disguise reward hospitality and punish inhospitality,750A,Q1.1,Gods (saints) in disguise reward hospitality and punish inhospitality,Q. Rewards and punishments.,,,,Q0. Rewards and punishments.,"Q1.1. Gods (saints) in disguise reward hospitality and punish inhospitality. Usually the hospitable person is poor, the inhospitable rich.",Rewards and punishments,,,,Rewards and punishments
1062,1204,ATU 750A The Three Wishes,J2071. Three foolish wishes.,750A,J2071,Three foolish wishes.,J. The wise and the foolish.,J1700–J2749. Fools (and other unwise persons).,J2050–J2199. Absurd short-sightedness.,,J2070. Absurd wishes.,J2071. Three foolish wishes. Three wishes will be granted: used up foolishly.,The wise and the foolish,Fools (and other unwise persons),Absurd short-sightedness,,Absurd wishes
1063,1205,ATU 750A The Three Wishes,J2073. Same wishes used wisely and foolishly.,750A,J2073,Same wishes used wisely and foolishly.,J. The wise and the foolish.,J1700–J2749. Fools (and other unwise persons).,J2050–J2199. Absurd short-sightedness.,,J2070. Absurd wishes.,J2073. Same wishes used wisely and foolishly. Given to two persons with opposite results.,The wise and the foolish,Fools (and other unwise persons),Absurd short-sightedness,,Absurd wishes
1064,1206,ATU 750A The Three Wishes,J2072.3. Short-sighted wish: all he pulls on will follow.,750A,J2072.3,Short-sighted wish: all he pulls on will follow.,J. The wise and the foolish.,J1700–J2749. Fools (and other unwise persons).,J2050–J2199. Absurd short-sightedness.,,J2070. Absurd wishes.,J2072.3. Short-sighted wish: all he pulls on will follow. He blows his nose and it pulls out long.,The wise and the foolish,Fools (and other unwise persons),Absurd short-sightedness,,Absurd wishes
1065,1207,ATU 750A The Three Wishes,D2172.2. Magic gift: power to continue all day what one starts,750A,D2172.2,Magic gift: power to continue all day what one starts,D. Magic.,D1700–D2199. Magic powers and manifestations.,D1800–D2199. Manifestations of magic power.,D2150–D2199. Miscellaneous magical manifestations.,D2150. Miscellaneous magical manifestations.,D2172.2. Magic gift: power to continue all day what one starts. One woman measures linen; another throws water on pig.,Magic,Magic powers and manifestations,Manifestations of magic power,Miscellaneous magical manifestations,Miscellaneous magical manifestations
1066,1208,ATU 750B Hospitality Rewarded,K1811. Gods (saints) in disguise visit mortals.,750B,K1811,Gods (saints) in disguise visit mortals.,K. Deceptions.,K1700–K2099. Deception through shams.,K1800–K1899. Deception by disguise or illusion.,,K1810. Deception by disguise.,K1811. Gods (saints) in disguise visit mortals.,Deceptions,Deception through shams,Deception by disguise or illusion,,Deception by disguise
1067,1209,ATU 750B Hospitality Rewarded,Q1. Hospitality rewarded -- opposite punished.,750B,Q1,Hospitality rewarded -- opposite punished.,Q. Rewards and punishments.,,,,Q0. Rewards and punishments.,Q1. Hospitality rewarded – opposite punished.,Rewards and punishments,,,,Rewards and punishments
1068,1210,ATU 750B Hospitality Rewarded,Q141. Reward: man's cows magically multiply,750B,Q141,Reward: man's cows magically multiply,Q. Rewards and punishments.,Q100–Q199. Nature of rewards.,,,Q140. Miraculous or magic rewards.,Q141. Reward: man's cows magically multiply. (Cf. Q1.),Rewards and punishments,Nature of rewards,,,Miraculous or magic rewards
1069,1211,ATU 750D God (St. Peter) and the Three Brothers,K1811.1. Gods (spirits) disguised as beggars.,750D,K1811.1,Gods (spirits) disguised as beggars.,K. Deceptions.,K1700–K2099. Deception through shams.,K1800–K1899. Deception by disguise or illusion.,,K1810. Deception by disguise.,K1811.1. Gods (spirits) disguised as beggars. Test hospitality.,Deceptions,Deception through shams,Deception by disguise or illusion,,Deception by disguise
1070,1212,ATU 750H* The Notary Enters Heaven,N221. Man granted power of winning at cards.,750H*,N221,Man granted power of winning at cards.,N. Chance and fate.,N100–N299. The ways of luck and fate.,,,N200. The good gifts of fortune.,N221. Man granted power of winning at cards.,Chance and fate,The ways of luck and fate,,,The good gifts of fortune
1071,1213,ATU 750H* The Notary Enters Heaven,E756.2. Soul won from devil in card game.,750H*,E756.2,Soul won from devil in card game.,E. The dead.,E700–E799. The soul.,,,E750. Perils of the soul.,E756.2. Soul won from devil in card game.,The dead,The soul,,,Perils of the soul
1072,1214,ATU 751A The Farmwife is Changed into a Woodpecker,K1811. Gods (saints) in disguise visit mortals.,751A,K1811,Gods (saints) in disguise visit mortals.,K. Deceptions.,K1700–K2099. Deception through shams.,K1800–K1899. Deception by disguise or illusion.,,K1810. Deception by disguise.,K1811. Gods (saints) in disguise visit mortals.,Deceptions,Deception through shams,Deception by disguise or illusion,,Deception by disguise
1073,1215,ATU 751A The Farmwife is Changed into a Woodpecker,D1652.1.2. Cake magically increases.,751A,D1652.1.2,Cake magically increases.,D. Magic.,D800–D1699. Magic objects.,D1600–D1699. Characteristics of magic objects.,,D1650. Other characteristics of magic objects.,D1652.1.2. Cake magically increases. (Cf. D1031.2.),Magic,Magic objects,Characteristics of magic objects,,Other characteristics of magic objects
1074,1216,ATU 751A The Farmwife is Changed into a Woodpecker,Q292.1. Inhospitality to saint (god) punished.,751A,Q292.1,Inhospitality to saint (god) punished.,Q. Rewards and punishments.,Q200–Q399. Deeds punished.,,,Q280. Unkindness punished.,Q292.1. Inhospitality to saint (god) punished. (Cf. Q1.1.),Rewards and punishments,Deeds punished,,,Unkindness punished
1075,1217,ATU 751A The Farmwife is Changed into a Woodpecker,D153.1. Transformation: man to woodpecker.,751A,D153.1,Transformation: man to woodpecker.,D. Magic.,D0–D699. Transformation.,D100–D199. Transformation: man to animal.,,D150. Transformation: man to bird.,D153.1. Transformation: man to woodpecker.,Magic,Transformation,Transformation: man to animal,,Transformation: man to bird
1076,1218,ATU 751C* Wealth Leads to Pride,K1811.1. Gods (spirits) disguised as beggars.,751C*,K1811.1,Gods (spirits) disguised as beggars.,K. Deceptions.,K1700–K2099. Deception through shams.,K1800–K1899. Deception by disguise or illusion.,,K1810. Deception by disguise.,K1811.1. Gods (spirits) disguised as beggars. Test hospitality.,Deceptions,Deception through shams,Deception by disguise or illusion,,Deception by disguise
1077,1219,ATU 751C* Wealth Leads to Pride,Q292.1. Inhospitality to saint (god) punished.,751C*,Q292.1,Inhospitality to saint (god) punished.,Q. Rewards and punishments.,Q200–Q399. Deeds punished.,,,Q280. Unkindness punished.,Q292.1. Inhospitality to saint (god) punished. (Cf. Q1.1.),Rewards and punishments,Deeds punished,,,Unkindness punished
1078,1220,ATU 752A Christ and St. Peter in the Barn,K1811. Gods (saints) in disguise visit mortals.,752A,K1811,Gods (saints) in disguise visit mortals.,K. Deceptions.,K1700–K2099. Deception through shams.,K1800–K1899. Deception by disguise or illusion.,,K1810. Deception by disguise.,K1811. Gods (saints) in disguise visit mortals.,Deceptions,Deception through shams,Deception by disguise or illusion,,Deception by disguise
1079,1221,ATU 752A Christ and St. Peter in the Barn,J2411. Foolish imitation of miracle (magic).,752A,J2411,Foolish imitation of miracle (magic).,J. The wise and the foolish.,J1700–J2749. Fools (and other unwise persons).,J2400–J2449. Foolish imitation.,,J2410. Types of foolish imitation.,J2411. Foolish imitation of miracle (magic).,The wise and the foolish,Fools (and other unwise persons),Foolish imitation,,Types of foolish imitation
1080,1222,ATU 753 Christ and the Smith,K1811. Gods (saints) in disguise visit mortals.,753,K1811,Gods (saints) in disguise visit mortals.,K. Deceptions.,K1700–K2099. Deception through shams.,K1800–K1899. Deception by disguise or illusion.,,K1810. Deception by disguise.,K1811. Gods (saints) in disguise visit mortals.,Deceptions,Deception through shams,Deception by disguise or illusion,,Deception by disguise
1081,1223,ATU 753 Christ and the Smith,F663.0.1. Skillful smith calls self master of all masters,753,F663.0.1,Skillful smith calls self master of all masters,F. Marvels.,F200–F699. Marvelous creatures.,F600-F699. Persons with extraordinary powers.,,F660. Remarkable skill.,F663.0.1. Skillful smith calls self master of all masters.,Marvels,Marvelous creatures,-F699. Persons with extraordinary powers,,Remarkable skill
1082,1224,ATU 753 Christ and the Smith,E782.4. Horse's leg cut off and replaced.,753,E782.4,Horse's leg cut off and replaced.,E. The dead.,E700–E799. The soul.,,,E780. Vital bodily members.,E782.4. Horse's leg cut off and replaced.,The dead,The soul,,,Vital bodily members
1083,1225,ATU 753 Christ and the Smith,E121.2. Resuscitation by Christ.,753,E121.2,Resuscitation by Christ.,E. The dead.,E0–E199. Resuscitation.,,,E120. Other means of resuscitation.,E121.2. Resuscitation by Christ.,The dead,Resuscitation,,,Other means of resuscitation
1084,1226,ATU 753 Christ and the Smith,D1886. Rejuvenation by burning.,753,D1886,Rejuvenation by burning.,D. Magic.,D1700–D2199. Magic powers and manifestations.,D1800–D2199. Manifestations of magic power.,D1800–D1949. Lasting magic qualities.,D1880. Magic rejuvenation.,D1886. Rejuvenation by burning.,Magic,Magic powers and manifestations,Manifestations of magic power,Lasting magic qualities,Magic rejuvenation
1085,1227,ATU 753 Christ and the Smith,J2411.1. Imitation of magic rejuvenation unsuccessful.,753,J2411.1,Imitation of magic rejuvenation unsuccessful.,J. The wise and the foolish.,J1700–J2749. Fools (and other unwise persons).,J2400–J2449. Foolish imitation.,,J2410. Types of foolish imitation.,J2411.1. Imitation of magic rejuvenation unsuccessful. (Cf. J2401.),The wise and the foolish,Fools (and other unwise persons),Foolish imitation,,Types of foolish imitation
1086,1228,ATU 753 Christ and the Smith,A1861.2. Creation of monkeys: old woman thrown into fire.,753,A1861.2,Creation of monkeys: old woman thrown into fire.,A. Mythological motifs.,A1700–A2199. Creation of animal life.,"A1800–A1899. Creation of mammals. Note: A1800–A1899 is based upon the following classification of mammals: A1810–A1819. Felidae. A1820–A1829. Mustelidae. A1830–A1839. Canidae and other carnivora. A1840–A1859. Rodentia. A1860–A1869. Primata. A1870–A1889. Ungulata. A1890–A1899. Other mammals. Since whales are thought of as fish in folk-literature they have been catalogued under that heading rather than under mammals, where they strictly belong.",,A1860. Creation of primata.,"A1861.2. Creation of monkeys: old woman thrown into fire. In unsuccessful imitation of Christ, the smith throws an old woman into the fire. She becomes a monkey. (Cf. A1710.)",Mythological motifs,Creation of animal life,"Creation of mammals. Note: A1800–A1899 is based upon the following classification of mammals: A1810–A1819. Felidae. A1820–A1829. Mustelidae. A1830–A1839. Canidae and other carnivora. A1840–A1859. Rodentia. A1860–A1869. Primata. A1870–A1889. Ungulata. A1890–A1899. Other mammals. Since whales are thought of as fish in folk-literature they have been catalogued under that heading rather than under mammals, where they strictly belong",,Creation of primata
1087,1229,ATU 754 Lucky Poverty,J1085.1. The happy friar becomes unhappier as he receives ever more and more money.,754,J1085.1,The happy friar becomes unhappier as he receives ever more and more money.,J. The wise and the foolish.,J200–J1099. Wise and unwise conduct.,J1000–J1099. Other aspects of wisdom.,,J1060. Miscellaneous aspects of wisdom.,J1085.1. The happy friar becomes unhappier as he receives ever more and more money. Gets rid of money and is happy as before.,The wise and the foolish,Wise and unwise conduct,Other aspects of wisdom,,Miscellaneous aspects of wisdom
1088,1230,ATU 756A Self-Righteous Hermit,Q553.2. Punishment: angel ceases to appear to self-righteous hermit.,756A,Q553.2,Punishment: angel ceases to appear to self-righteous hermit.,Q. Rewards and punishments.,Q400–Q599. Kinds of punishment.,,,Q550. Miraculous punishments.,Q553.2. Punishment: angel ceases to appear to self-righteous hermit.,Rewards and punishments,Kinds of punishment,,,Miraculous punishments
1089,1231,ATU 756A Self-Righteous Hermit,L435.1. Self-righteous hermit must do penance,756A,L435.1,Self-righteous hermit must do penance,L. Reversal of fortune.,L400–L499. Pride brought low.,,,L430. Arrogance repaid.,L435.1. Self-righteous hermit must do penance. He has said of a condemned man that he deserves his punishment.,Reversal of fortune,Pride brought low,,,Arrogance repaid
1090,1232,ATU 756A Self-Righteous Hermit,Q521.1. Doing penance till green leaves grow on a dry branch.,756A,Q521.1,Doing penance till green leaves grow on a dry branch.,Q. Rewards and punishments.,Q400–Q599. Kinds of punishment.,,,Q520. Penances.,Q521.1. Doing penance till green leaves grow on a dry branch.,Rewards and punishments,Kinds of punishment,,,Penances
1091,1233,ATU 756A Self-Righteous Hermit,F971.1. Dry rod blossoms.,756A,F971.1,Dry rod blossoms.,F. Marvels.,F900-F1099. Extraordinary occurrences.,,,F970. Extraordinary behavior of trees and plants.,F971.1. Dry rod blossoms.,Marvels,-F1099. Extraordinary occurrences,,,Extraordinary behavior of trees and plants
1092,1234,ATU 756B Robber Madej,S211. Child sold (promised) to devil (ogre).,756B,S211,Child sold (promised) to devil (ogre).,S. Unnatural cruelty.,S200–S299. Cruel sacrifices.,,,S210. Children sold or promised.,"S211. Child sold (promised) to devil (ogre). See also references to S220–S259, practically all of which apply here.",Unnatural cruelty,Cruel sacrifices,,,Children sold or promised
1093,1235,ATU 756B Robber Madej,F81.2. Journey to hell to recover devil's contract.,756B,F81.2,Journey to hell to recover devil's contract.,F. Marvels.,F0–F199. Other world journeys.,F80–F109. The lower world.,,F80. Journey to lower world.,F81.2. Journey to hell to recover devil's contract.,Marvels,Other world journeys,The lower world,,Journey to lower world
1094,1236,ATU 756B Robber Madej,N843. Hermit as helper.,756B,N843,Hermit as helper.,N. Chance and fate.,N800–N899. Helpers.,,,N820. Human helpers.,N843. Hermit as helper.,Chance and fate,Helpers,,,Human helpers
1095,1237,ATU 756B Robber Madej,H1235. Succession of helpers on quest.,756B,H1235,Succession of helpers on quest.,H. Tests.,H1200–H1399. Tests of prowess: quests.,H1200–H1249. Attendant circumstances of quests.,,H1230. Accomplishment of quests.,"H1235. Succession of helpers on quest. One helper sends to another, who sends to another, etc. (Cf. H1241.)",Tests,Tests of prowess: quests,Attendant circumstances of quests,,Accomplishment of quests
1096,1238,ATU 756B Robber Madej,H1273.1. Quest to devil in hell for return of contract.,756B,H1273.1,Quest to devil in hell for return of contract.,H. Tests.,H1200–H1399. Tests of prowess: quests.,H1250–H1399. Nature of quests.,H1250–H1299. Quests to the other world.,H1270. Quest to lower world.,H1273.1. Quest to devil in hell for return of contract.,Tests,Tests of prowess: quests,Nature of quests,Quests to the other world,Quest to lower world
1097,1239,ATU 756B Robber Madej,F771.1.9. House of skulls,756B,F771.1.9,House of skulls,F. Marvels.,F700-F899. Extraordinary places and things.,,,F770. Extraordinary buildings and furnishings.,F771.1.9. House of skulls. Murderer's abode.,Marvels,-F899. Extraordinary places and things,,,Extraordinary buildings and furnishings
1098,1240,ATU 756B Robber Madej,Q561. Punishments being prepared in hell.,756B,Q561,Punishments being prepared in hell.,Q. Rewards and punishments.,Q400–Q599. Kinds of punishment.,,,Q560. Punishments in hell.,Q561. Punishments being prepared in hell.,Rewards and punishments,Kinds of punishment,,,Punishments in hell
1099,1241,ATU 756B Robber Madej,J172. Account of punishments prepared in hell brings about repentance,756B,J172,Account of punishments prepared in hell brings about repentance,J. The wise and the foolish.,J0–J199. Acquisition and possession of wisdom (knowledge).,,,J150. Other means of acquiring wisdom (knowledge).,J172. Account of punishments prepared in hell brings about repentance.,The wise and the foolish,Acquisition and possession of wisdom (knowledge),,,Other means of acquiring wisdom (knowledge)
1100,1242,ATU 756B Robber Madej,Q520.2. Robber does penance.,756B,Q520.2,Robber does penance.,Q. Rewards and punishments.,Q400–Q599. Kinds of punishment.,,,Q520. Penances.,Q520.2. Robber does penance. (Cf. Q212.),Rewards and punishments,Kinds of punishment,,,Penances
1101,1243,ATU 756B Robber Madej,Q521.1.1. Penance: crawling on knees and watering a dry staff until it blooms.,756B,Q521.1.1,Penance: crawling on knees and watering a dry staff until it blooms.,Q. Rewards and punishments.,Q400–Q599. Kinds of punishment.,,,Q520. Penances.,Q521.1.1. Penance: crawling on knees and watering a dry staff until it blooms.,Rewards and punishments,Kinds of punishment,,,Penances
1102,1244,ATU 756B Robber Madej,Q172.3. Man admitted to heaven as reward for penance,756B,Q172.3,Man admitted to heaven as reward for penance,Q. Rewards and punishments.,Q100–Q199. Nature of rewards.,,,Q170. Religious rewards.,Q172.3. Man admitted to heaven as reward for penance. (Cf. Q520.),Rewards and punishments,Nature of rewards,,,Religious rewards
1103,1245,ATU 756C Two Sinners,Q520.1. Murderer does penance.,756C,Q520.1,Murderer does penance.,Q. Rewards and punishments.,Q400–Q599. Kinds of punishment.,,,Q520. Penances.,"Q520.1. Murderer does penance. (Cf. Q171.1.1, Q211.)",Rewards and punishments,Kinds of punishment,,,Penances
1104,1246,ATU 756C Two Sinners,Q211.1. Parricide punished.,756C,Q211.1,Parricide punished.,Q. Rewards and punishments.,Q200–Q399. Deeds punished.,,,Q210. Crimes punished.,"Q211.1. Parricide punished. (Cf. Q552.2.3.3, Q552.3.1.1, Q553.3.3.)",Rewards and punishments,Deeds punished,,,Crimes punished
1105,1247,ATU 756C Two Sinners,Q222.1. Punishment for desecration of host.,756C,Q222.1,Punishment for desecration of host.,Q. Rewards and punishments.,Q200–Q399. Deeds punished.,,,Q220. Impiety punished.,Q222.1. Punishment for desecration of host.,Rewards and punishments,Deeds punished,,,Impiety punished
1106,1248,ATU 756C Two Sinners,V29.1. Search for confessor.,756C,V29.1,Search for confessor.,V. Religion.,V0–V99. Religious services.,,,V20. Confession of sins.,V29.1. Search for confessor. Great sinner sent from one confessor to another. All say that his sins are too great for forgiveness. Finally he succeeds.,Religion,Religious services,,,Confession of sins
1107,1249,ATU 756C Two Sinners,Q521.1.2. Penance: carrying water in mouth from a distance and watering dry staff until it blooms.,756C,Q521.1.2,Penance: carrying water in mouth from a distance and watering dry staff until it blooms.,Q. Rewards and punishments.,Q400–Q599. Kinds of punishment.,,,Q520. Penances.,Q521.1.2. Penance: carrying water in mouth from a distance and watering dry staff until it blooms.,Rewards and punishments,Kinds of punishment,,,Penances
1108,1250,ATU 756C Two Sinners,Q521.2. Penance: carrying bag of stones (one for each murder) on the back until it falls off.,756C,Q521.2,Penance: carrying bag of stones (one for each murder) on the back until it falls off.,Q. Rewards and punishments.,Q400–Q599. Kinds of punishment.,,,Q520. Penances.,Q521.2. Penance: carrying bag of stones (one for each murder) on the back until it falls off. (Cf. Q211.),Rewards and punishments,Kinds of punishment,,,Penances
1109,1251,ATU 756C Two Sinners,Q521.4. Penance: pasturing black sheep until they become white.,756C,Q521.4,Penance: pasturing black sheep until they become white.,Q. Rewards and punishments.,Q400–Q599. Kinds of punishment.,,,Q520. Penances.,Q521.4. Penance: pasturing black sheep until they become white.,Rewards and punishments,Kinds of punishment,,,Penances
1110,1252,ATU 756C Two Sinners,Q523.5. Penance: planting garden and offering free hospitality to all.,756C,Q523.5,Penance: planting garden and offering free hospitality to all.,Q. Rewards and punishments.,Q400–Q599. Kinds of punishment.,,,Q520. Penances.,Q523.5. Penance: planting garden and offering free hospitality to all. (Cf. Q481.),Rewards and punishments,Kinds of punishment,,,Penances
1111,1253,ATU 756C Two Sinners,Q545. Murderer's penance complete when he kills a greater murderer and prevents a crime.,756C,Q545,Murderer's penance complete when he kills a greater murderer and prevents a crime.,Q. Rewards and punishments.,Q400–Q599. Kinds of punishment.,,,Q520. Penances.,Q545. Murderer's penance complete when he kills a greater murderer and prevents a crime. (Cf. Q211.),Rewards and punishments,Kinds of punishment,,,Penances
1112,1254,ATU 758 The various children of Eve,A1650.1. The various children of Eve.,758,A1650.1,The various children of Eve.,A. Mythological motifs.,A1200–A1699. Creation and ordering of human life.,A1600–A1699. Distribution and differentiation of peoples.,,A1650. Origin of different classes – social and professional.,A1650.1. The various children of Eve. Eve has so many children that she is ashamed when God pays her a visit. She hides some of them and they fail to receive the blessing that God gives those in sight. Thus arises the differences in classes and peoples.,Mythological motifs,Creation and ordering of human life,Distribution and differentiation of peoples,,Origin of different classes – social and professional
1113,1255,ATU 759 Angel and the Hermit,J225.0.1. Angel and hermit.,759,J225.0.1,Angel and hermit.,J. The wise and the foolish.,J200–J1099. Wise and unwise conduct.,J200–J499. Choices.,,J210. Choice between evils.,J225.0.1. Angel and hermit. Angel takes hermit with him and does many seemingly unjust things. Later shows why each of these was just.,The wise and the foolish,Wise and unwise conduct,Choices,,Choice between evils
1114,1256,ATU 759 Angel and the Hermit,C411.1. Tabu: asking for reason of an unusual action.,759,C411.1,Tabu: asking for reason of an unusual action.,C. Tabu.,C400–C499. Speaking tabu.,,,C410. Tabu: asking questions.,C411.1. Tabu: asking for reason of an unusual action.,Tabu,Speaking tabu,,,Tabu: asking questions
1115,1257,ATU 759 Angel and the Hermit,C491. Tabu: expressing astonishment at marvel.,759,C491,Tabu: expressing astonishment at marvel.,C. Tabu.,C400–C499. Speaking tabu.,,,C490. Other speaking tabus.,"C491. Tabu: expressing astonishment at marvel. (Cf. C411, C423.2.)",Tabu,Speaking tabu,,,Other speaking tabus
1116,1258,ATU 759 Angel and the Hermit,J225.4. Angel (Jesus) kills man.,759,J225.4,Angel (Jesus) kills man.,J. The wise and the foolish.,J200–J1099. Wise and unwise conduct.,J200–J499. Choices.,,J210. Choice between evils.,J225.4. Angel (Jesus) kills man. Done because man is plotting a murder.,The wise and the foolish,Wise and unwise conduct,Choices,,Choice between evils
1117,1259,ATU 759 Angel and the Hermit,J225.5. Angel kills man because he loves his child too much.,759,J225.5,Angel kills man because he loves his child too much.,J. The wise and the foolish.,J200–J1099. Wise and unwise conduct.,J200–J499. Choices.,,J210. Choice between evils.,J225.5. Angel kills man because he loves his child too much.,The wise and the foolish,Wise and unwise conduct,Choices,,Choice between evils
1118,1260,ATU 759 Angel and the Hermit,J225.3. Angel takes cup from old man.,759,J225.3,Angel takes cup from old man.,J. The wise and the foolish.,J200–J1099. Wise and unwise conduct.,J200–J499. Choices.,,J210. Choice between evils.,J225.3. Angel takes cup from old man. Done lest he love the cup too much.,The wise and the foolish,Wise and unwise conduct,Choices,,Choice between evils
1119,1261,ATU 759 Angel and the Hermit,"J225.0.2. God punishes many men because of one sinner, like a man who kills hive of bees for stinging of one.",759,J225.0.2,"God punishes many men because of one sinner, like a man who kills hive of bees for stinging of one.",J. The wise and the foolish.,J200–J1099. Wise and unwise conduct.,J200–J499. Choices.,,J210. Choice between evils.,"J225.0.2. God punishes many men because of one sinner, like a man who kills hive of bees for stinging of one.",The wise and the foolish,Wise and unwise conduct,Choices,,Choice between evils
1120,1262,ATU 759 Angel and the Hermit,U21.3. Man complains of injustice of gods' wrecking ship because of one man's sin,759,U21.3,Man complains of injustice of gods' wrecking ship because of one man's sin,U. The nature of life.,U0–U99. Life's inequalities.,,,U10. Justice and injustice.,U21.3. Man complains of injustice of gods' wrecking ship because of one man's sin. He then kills whole swarm of ants because one has stung him.,The nature of life,Life's inequalities,,,Justice and injustice
1121,1263,ATU 760 The Unquiet Grave,E411.1. Murderer cannot rest in grave.,760,E411.1,Murderer cannot rest in grave.,E. The dead.,E200–E599. Ghosts and other revenants.,E400–E599. Ghosts and revenants – miscellaneous.,,E410. The unquiet grave.,E411.1. Murderer cannot rest in grave.,The dead,Ghosts and other revenants,Ghosts and revenants – miscellaneous,,The unquiet grave
1122,1264,ATU 760 The Unquiet Grave,Q211.3. Uxoricide punished.,760,Q211.3,Uxoricide punished.,Q. Rewards and punishments.,Q200–Q399. Deeds punished.,,,Q210. Crimes punished.,"Q211.3. Uxoricide punished. (Cf. Q414.0.1, Q416.0.2.1, Q596.1.)",Rewards and punishments,Deeds punished,,,Crimes punished
1123,1265,ATU 760 The Unquiet Grave,E411.0.2. Unquiet dead sinner taken to priest for absolution.,760,E411.0.2,Unquiet dead sinner taken to priest for absolution.,E. The dead.,E200–E599. Ghosts and other revenants.,E400–E599. Ghosts and revenants – miscellaneous.,,E410. The unquiet grave.,E411.0.2. Unquiet dead sinner taken to priest for absolution.,The dead,Ghosts and other revenants,Ghosts and revenants – miscellaneous,,The unquiet grave
1124,1266,ATU 762 Woman with 365 children,T587.1. Birth of twins an indication of unfaithfulness in wife.,762,T587.1,Birth of twins an indication of unfaithfulness in wife.,T. Sex.,T500–T599. Conception and birth.,,,T580. Childbirth.,T587.1. Birth of twins an indication of unfaithfulness in wife. (Cf. T586.3.),Sex,Conception and birth,,,Childbirth
1125,1267,ATU 762 Woman with 365 children,T586.1. Many children at a birth.,762,T586.1,Many children at a birth.,T. Sex.,T500–T599. Conception and birth.,,,T580. Childbirth.,T586.1. Many children at a birth.,Sex,Conception and birth,,,Childbirth
1126,1268,ATU 762 Woman with 365 children,L435.2.1. Woman with three hundred sixty-five children.,762,L435.2.1,Woman with three hundred sixty-five children.,L. Reversal of fortune.,L400–L499. Pride brought low.,,,L430. Arrogance repaid.,L435.2.1. Woman with three hundred sixty-five children. Punished for self-righteous condemnation of unchaste girl.,Reversal of fortune,Pride brought low,,,Arrogance repaid
1127,1269,ATU 763 Treasure Finders Who Murder One Another,K1685. The treasure-finders who murder one another.,763,K1685,The treasure-finders who murder one another.,K. Deceptions.,K1600–K1699. Deceiver falls into own trap.,,,K1610. Deceiver falls into his own trap – miscellaneous incidents.,"K1685. The treasure-finders who murder one another. Two (three) men find a treasure. One of them secretly puts poison in the other's wine, but the other kills him, drinks the wine and dies.",Deceptions,Deceiver falls into own trap,,,Deceiver falls into his own trap – miscellaneous incidents
1128,1270,ATU 766 The Seven Sleepers,D1960.1. Seven sleepers.,766,D1960.1,Seven sleepers.,D. Magic.,D1700–D2199. Magic powers and manifestations.,D1800–D2199. Manifestations of magic power.,D1950–D2049. Temporary magic characteristics.,D1960. Magic sleep.,D1960.1. Seven sleepers. (Rip Van Winkle.) Magic sleep extending over many years.,Magic,Magic powers and manifestations,Manifestations of magic power,Temporary magic characteristics,Magic sleep
1129,1271,ATU 767 Food for the Crucifix,Q172.1. Child taken to heaven: offers food to crucifix,767,Q172.1,Child taken to heaven: offers food to crucifix,Q. Rewards and punishments.,Q100–Q199. Nature of rewards.,,,Q170. Religious rewards.,Q172.1. Child taken to heaven: offers food to crucifix.,Rewards and punishments,Nature of rewards,,,Religious rewards
1130,1272,ATU 768 St Christopher and the Christ child,Q25. Reward for carrying Christ across a stream.,768,Q25,Reward for carrying Christ across a stream.,Q. Rewards and punishments.,Q10–Q99. Deeds rewarded.,,,Q20. Piety rewarded.,Q25. Reward for carrying Christ across a stream. Christ is in the form of a child. (St. Christopher.),Rewards and punishments,Deeds rewarded,,,Piety rewarded
1131,1273,ATU 769 The Child's Grave,E324. Dead child's friendly return to parents,769,E324,Dead child's friendly return to parents,E. The dead.,E200–E599. Ghosts and other revenants.,E300–E399. Friendly return from the dead.,,E320. Dead relative's friendly return.,E324. Dead child's friendly return to parents. Frequently to stop weeping. (Cf. P230.),The dead,Ghosts and other revenants,Friendly return from the dead,,Dead relative's friendly return
1132,1274,ATU 769 The Child's Grave,E361. Return from the dead to stop weeping.,769,E361,Return from the dead to stop weeping.,E. The dead.,E200–E599. Ghosts and other revenants.,E300–E399. Friendly return from the dead.,,E360. Other reasons for friendly return from the dead.,E361. Return from the dead to stop weeping.,The dead,Ghosts and other revenants,Friendly return from the dead,,Other reasons for friendly return from the dead
1133,1275,ATU 770A* Guardian Angel,V238. Guardian angel.,770A*,V238,Guardian angel.,V. Religion.,V200–V299. Sacred persons.,,,V230. Angels.,"V238. Guardian angel. (Cf. F403.2.2.2, V232, 246.)",Religion,Sacred persons,,,Angels
1134,1276,ATU 777 The wandering Jew,Q502.1. The Wandering Jew.,777,Q502.1,The Wandering Jew.,Q. Rewards and punishments.,Q400–Q599. Kinds of punishment.,,,Q500. Tedious punishments.,Q502.1. The Wandering Jew. Ceaseless wandering with inability to die as punishment for blasphemy. (Cf. Q221.3.),Rewards and punishments,Kinds of punishment,,,Tedious punishments
1135,1277,ATU 777* The Flying Dutchman,E511. The Flying Dutchman,777*,E511,The Flying Dutchman,E. The dead.,E200–E599. Ghosts and other revenants.,E400–E599. Ghosts and revenants – miscellaneous.,,E510. Phantom sailors and travelers.,E511. The Flying Dutchman. A sea captain because of his wickedness sails his phantom ship eternally without coming to harbor.,The dead,Ghosts and other revenants,Ghosts and revenants – miscellaneous,,Phantom sailors and travelers
1136,1278,ATU 777* The Flying Dutchman,E511.1.1. Flying Dutchman sails because of cruelty.,777*,E511.1.1,Flying Dutchman sails because of cruelty.,E. The dead.,E200–E599. Ghosts and other revenants.,E400–E599. Ghosts and revenants – miscellaneous.,,E510. Phantom sailors and travelers.,E511.1.1. Flying Dutchman sails because of cruelty.,The dead,Ghosts and other revenants,Ghosts and revenants – miscellaneous,,Phantom sailors and travelers
1137,1279,ATU 777* The Flying Dutchman,E511.1.2. Flying Dutchman sails because of pact with Devil.,777*,E511.1.2,Flying Dutchman sails because of pact with Devil.,E. The dead.,E200–E599. Ghosts and other revenants.,E400–E599. Ghosts and revenants – miscellaneous.,,E510. Phantom sailors and travelers.,E511.1.2. Flying Dutchman sails because of pact with Devil.,The dead,Ghosts and other revenants,Ghosts and revenants – miscellaneous,,Phantom sailors and travelers
1138,1280,ATU 777* The Flying Dutchman,E511.1.3. Flying Dutchman sails because he defied the storm.,777*,E511.1.3,Flying Dutchman sails because he defied the storm.,E. The dead.,E200–E599. Ghosts and other revenants.,E400–E599. Ghosts and revenants – miscellaneous.,,E510. Phantom sailors and travelers.,E511.1.3. Flying Dutchman sails because he defied the storm.,The dead,Ghosts and other revenants,Ghosts and revenants – miscellaneous,,Phantom sailors and travelers
1139,1281,ATU 780 The Singing Bone,E632.Reincarnation as musical instrument.,780,E632,Reincarnation as musical instrument.,E. The dead.,E600–E699. Reincarnation.,,,E630. Reincarnation in object.,"E632. Reincarnation as musical instrument. The Singing Bone. A musical instrument made from the bones of a murdered person, or from a tree growing from the grave, speaks and tells of the crime.",The dead,Reincarnation,,,Reincarnation in object
1140,1282,ATU 780 The Singing Bone,D1610.34.Speaking musical instrument.,780,D1610.34,Speaking musical instrument.,D. Magic.,D800–D1699. Magic objects.,D1600–D1699. Characteristics of magic objects.,D1600–D1649. Automatic magic objects.,D1610. Magic speaking objects.,D1610.34. Speaking musical instrument. (Cf. D1210.),Magic,Magic objects,Characteristics of magic objects,Automatic magic objects,Magic speaking objects
1141,1283,ATU 780 The Singing Bone,N271.Murder will out.,780,N271,Murder will out.,N. Chance and fate.,N100–N299. The ways of luck and fate.,,,N270. Crime inevitably comes to light.,N271. Murder will out.,Chance and fate,The ways of luck and fate,,,Crime inevitably comes to light
1142,1284,ATU 781 Princess Who Murdered Her Child,B131.1.Bird reveals murder.,781,B131.1,Bird reveals murder.,B. Animals.,B100–B199. Magic animals.,B120–B169. Animals with magic wisdom.,,B130. Truth-telling animals.,B131.1. Bird reveals murder.,Animals,Magic animals,Animals with magic wisdom,,Truth-telling animals
1143,1285,ATU 781 Princess Who Murdered Her Child,B215.Animal languages.,781,B215,Animal languages.,B. Animals.,B200–B299. Animals with human traits.,,,B210. Speaking animals.,B215. Animal languages. The various animals have languages of their own. (Cf. B251.1.2.),Animals,Animals with human traits,,,Speaking animals
1144,1286,ATU 781 Princess Who Murdered Her Child,N271.4.Murder discovered through knowledge of bird languages.,781,N271.4,Murder discovered through knowledge of bird languages.,N. Chance and fate.,N100–N299. The ways of luck and fate.,,,N270. Crime inevitably comes to light.,N271.4. Murder discovered through knowledge of bird languages. Birds point out the murder.,Chance and fate,The ways of luck and fate,,,Crime inevitably comes to light
1145,1287,ATU 781 Princess Who Murdered Her Child,Q211.4.Murder of children punished.,781,Q211.4,Murder of children punished.,Q. Rewards and punishments.,Q200–Q399. Deeds punished.,,,Q210. Crimes punished.,"Q211.4. Murder of children punished. (Cf. Q418.2, Q455.1, Q553.5.)",Rewards and punishments,Deeds punished,,,Crimes punished
1146,1288,ATU 782 Midas and the Donkey's Ears,F511.2.2.Person with ass's (horse's) ears.,782,F511.2.2,Person with ass's (horse's) ears.,F. Marvels.,F200–F699. Marvelous creatures.,F500–F599. Remarkable persons.,,F510. Monstrous persons.,F511.2.2. Person with ass's (horse's) ears. Midas.,Marvels,Marvelous creatures,Remarkable persons,,Monstrous persons
1147,1289,ATU 782 Midas and the Donkey's Ears,N465.Secret physical peculiarity discovered by barber,782,N465,Secret physical peculiarity discovered by barber,N. Chance and fate.,N400–N699. Lucky accidents.,N440–N499. Valuable secrets learned.,,N450. Secrets overheard.,N465. Secret physical peculiarity discovered by barber. (Midas.),Chance and fate,Lucky accidents,Valuable secrets learned,,Secrets overheard
1148,1290,ATU 782 Midas and the Donkey's Ears,D1316.5.Magic speaking reed (tree) betrays secret.,782,D1316.5,Magic speaking reed (tree) betrays secret.,D. Magic.,D800–D1699. Magic objects.,D1300–D1599. Function of magic objects.,D1300–D1379. Magic objects effect changes in persons.,D1310. Magic object gives supernatural information.,D1316.5. Magic speaking reed (tree) betrays secret. King has whispered secret to hole in the ground. Reed growing from this hole tells the secret.,Magic,Magic objects,Function of magic objects,Magic objects effect changes in persons,Magic object gives supernatural information
1149,1291,ATU 785 Lamb's Heart,K1811.Gods (saints) in disguise visit mortals.,785,K1811,Gods (saints) in disguise visit mortals.,K. Deceptions.,K1700–K2099. Deception through shams.,K1800–K1899. Deception by disguise or illusion.,,K1810. Deception by disguise.,K1811. Gods (saints) in disguise visit mortals.,Deceptions,Deception through shams,Deception by disguise or illusion,,Deception by disguise
1150,1292,ATU 785 Lamb's Heart,K402.The lamb without a heart,785,K402,The lamb without a heart,K. Deceptions.,K300–K499. Thefts and cheats.,K310–K439. Thefts.,,K400. Thief escapes detection.,"K402. The lamb without a heart. Accused of eating the lamb's heart, the thief maintains that it had no heart.",Deceptions,Thefts and cheats,Thefts,,Thief escapes detection
1151,1293,ATU 785 Lamb's Heart,J1141.1.1.Largest part of a prize to go to the guilty man,785,J1141.1.1,Largest part of a prize to go to the guilty man,J. The wise and the foolish.,J1100–J1699. Cleverness.,J1100–J1249. Clever persons and acts.,J1130–J1199. Cleverness in the law court.,J1140. Cleverness in detection of truth.,"J1141.1.1. Largest part of a prize to go to the guilty man. In order to obtain the prize, he confesses the earlier crime.",The wise and the foolish,Cleverness,Clever persons and acts,Cleverness in the law court,Cleverness in detection of truth
1152,1294,ATU 791 Christ and St. Peter in Night-Lodgings,K1132.Peter receives the blows twice.,791,K1132,Peter receives the blows twice.,K. Deceptions.,K1000–K1199. Deception into self-injury.,,,K1110. Deceptions into self injury – miscellaneous.,"K1132. Peter receives the blows twice. Peter and Christ are sleeping in the same bed. The drunken host returns home and beats Peter, who thereupon changes places with Christ. The host then comes in to beat the other lodger and beats Peter again.",Deceptions,Deception into self-injury,,,Deceptions into self injury – miscellaneous
1153,1295,ATU 800 The Tailor in Heaven,A661.0.1.2.Saint Peter as porter of heaven. *,800,A661.0.1.2,Saint Peter as porter of heaven. *,A. Mythological motifs.,A600–A899. Cosmogony and cosmology.,A600–A699. The universe.,A650–A699. Nature of the universe.,A660. Nature of the upper world.,A661.0.1.2. Saint Peter as porter of heaven.,Mythological motifs,Cosmogony and cosmology,The universe,Nature of the universe,Nature of the upper world
1154,1296,ATU 800 The Tailor in Heaven,P441.1.Tailor occupies God's throne for a day.,800,P441.1,Tailor occupies God's throne for a day.,P. Society.,P400–P499. Trades and professions.,,,P440. Artisans.,P441.1. Tailor occupies God's throne for a day.,Society,Trades and professions,,,Artisans
1155,1297,ATU 800 The Tailor in Heaven,F1037.1.Footstool thrown from heaven.,800,F1037.1,Footstool thrown from heaven.,F. Marvels.,F900-F1099. Extraordinary occurrences.,,,F1010. Other extraordinary events.,F1037.1. Footstool thrown from heaven.,Marvels,-F1099. Extraordinary occurrences,,,Other extraordinary events
1156,1298,ATU 800 The Tailor in Heaven,L435.3.Self-righteous tailor in heaven expelled.,800,L435.3,Self-righteous tailor in heaven expelled.,L. Reversal of fortune.,L400–L499. Pride brought low.,,,L430. Arrogance repaid.,L435.3. Self-righteous tailor in heaven expelled. Throws God's footstool at an old woman thief on earth.,Reversal of fortune,Pride brought low,,,Arrogance repaid
1157,1299,ATU 801 Master Pfriem,A661.0.1.2.Saint Peter as porter of heaven.,801,A661.0.1.2,Saint Peter as porter of heaven.,A. Mythological motifs.,A600–A899. Cosmogony and cosmology.,A600–A699. The universe.,A650–A699. Nature of the universe.,A660. Nature of the upper world.,A661.0.1.2. Saint Peter as porter of heaven.,Mythological motifs,Cosmogony and cosmology,The universe,Nature of the universe,Nature of the upper world
1158,1300,ATU 801 Master Pfriem,F13.Man admitted into heaven but must not find fault.,801,F13,Man admitted into heaven but must not find fault.,F. Marvels.,F0–F199. Other world journeys.,F10–F79. The upper world.,,F10. Journey to upper world.,F13. Man admitted into heaven but must not find fault.,Marvels,Other world journeys,The upper world,,Journey to upper world
1159,1301,ATU 801 Master Pfriem,F171.6.3.Trying to get a beam through a door crosswise in otherworld.,801,F171.6.3,Trying to get a beam through a door crosswise in otherworld.,F. Marvels.,F0–F199. Other world journeys.,F110–F199. Miscellaneous otherworlds.,,F170. Otherworld – miscellaneous motifs.,F171.6.3. Trying to get a beam through a door crosswise in otherworld.,Marvels,Other world journeys,Miscellaneous otherworlds,,Otherworld – miscellaneous motifs
1160,1302,ATU 801 Master Pfriem,H1023.2.Task: carrying water in a sieve.,801,H1023.2,Task: carrying water in a sieve.,H. Tests.,H900–H1199. Tests of prowess: tasks.,H1000–H1199. Nature of tasks.,H1010–H1049. Impossible or absurd tasks.,H1020. Tasks contrary to laws of nature.,H1023.2. Task: carrying water in a sieve.,Tests,Tests of prowess: tasks,Nature of tasks,Impossible or absurd tasks,Tasks contrary to laws of nature
1161,1303,ATU 801 Master Pfriem,F171.6.4.People in otherworld with horses both before and behind wagon.,801,F171.6.4,People in otherworld with horses both before and behind wagon.,F. Marvels.,F0–F199. Other world journeys.,F110–F199. Miscellaneous otherworlds.,,F170. Otherworld – miscellaneous motifs.,F171.6.4. People in otherworld with horses both before and behind wagon. They pull against each other.,Marvels,Other world journeys,Miscellaneous otherworlds,,Otherworld – miscellaneous motifs
1162,1304,ATU 801 Master Pfriem,Q312.1.Punishment for finding fault with God's works in heaven.,801,Q312.1,Punishment for finding fault with God's works in heaven.,Q. Rewards and punishments.,Q200–Q399. Deeds punished.,,,Q300. Contentiousness punished.,Q312.1. Punishment for finding fault with God's works in heaven.,Rewards and punishments,Deeds punished,,,Contentiousness punished
1163,1305,ATU 802 The Farmer in Heaven,E758.Rejoicing at arrival of rich man in heaven.,802,E758,Rejoicing at arrival of rich man in heaven.,E. The dead.,E700–E799. The soul.,,,E750. Perils of the soul.,E758. Rejoicing at arrival of rich man in heaven. Event so rare as to cause rejoicing. Poor man enters unnoticed.,The dead,The soul,,,Perils of the soul
1164,1306,ATU 804 St. Peter's Mother Falls from Heaven,A661.0.1.2.Saint Peter as porter of heaven,804,A661.0.1.2,Saint Peter as porter of heaven,A. Mythological motifs.,A600–A899. Cosmogony and cosmology.,A600–A699. The universe.,A650–A699. Nature of the universe.,A660. Nature of the upper world.,A661.0.1.2. Saint Peter as porter of heaven.,Mythological motifs,Cosmogony and cosmology,The universe,Nature of the universe,Nature of the upper world
1165,1307,ATU 804 St. Peter's Mother Falls from Heaven,F51.1.3.Stalk as sky-rope.,804,F51.1.3,Stalk as sky-rope.,F. Marvels.,F0–F199. Other world journeys.,F10–F79. The upper world.,,F50. Access to upper world.,F51.1.3. Stalk as sky-rope.,Marvels,Other world journeys,The upper world,,Access to upper world
1166,1308,ATU 804 St. Peter's Mother Falls from Heaven,Q291.1.St. Peter's mother dropped from heaven because of hardheartedness,804,Q291.1,St. Peter's mother dropped from heaven because of hardheartedness,Q. Rewards and punishments.,Q200–Q399. Deeds punished.,,,Q280. Unkindness punished.,"Q291.1. St. Peter's mother dropped from heaven because of hardheartedness. She is permitted to go to heaven on a stalk, but is weighted down by people holding to her skirts. She shakes them off. (Cf. Q172.)",Rewards and punishments,Deeds punished,,,Unkindness punished
1167,1309,ATU 805 Joseph and Mary Threatens to Leave Heaven,V254.6.Joseph and Mary threaten to leave heaven when the man who has always prayed to them is refused admittance,805,V254.6,Joseph and Mary threaten to leave heaven when the man who has always prayed to them is refused admittance,V. Religion.,V200–V299. Sacred persons.,,,V250. The Virgin Mary.,V254.6. Joseph and Mary threaten to leave heaven when the man who has always prayed to them is refused admittance.,Religion,Sacred persons,,,The Virgin Mary
1168,1310,ATU 810 The Snares of the Evil One,S211.Child sold (promised) to devil (ogre).,810,S211,Child sold (promised) to devil (ogre).,S. Unnatural cruelty.,S200–S299. Cruel sacrifices.,,,S210. Children sold or promised.,"S211. Child sold (promised) to devil (ogre). See also references to S220–S259, practically all of which apply here.",Unnatural cruelty,Cruel sacrifices,,,Children sold or promised
1169,1311,ATU 810 The Snares of the Evil One,K218.1.Devil cheated by having priest draw a sacred circle about the intended victim.,810,K218.1,Devil cheated by having priest draw a sacred circle about the intended victim.,K. Deceptions.,K100–K299. Deceptive bargains.,K200–K249. Deception in payment of debt.,,K210. Devil cheated of his promised soul.,K218.1. Devil cheated by having priest draw a sacred circle about the intended victim.,Deceptions,Deceptive bargains,Deception in payment of debt,,Devil cheated of his promised soul
1170,1312,ATU 810 The Snares of the Evil One,D1381.11.Magic circle protects from devil.,810,D1381.11,Magic circle protects from devil.,D. Magic.,D800–D1699. Magic objects.,D1300–D1599. Function of magic objects.,,D1380. Magic object protects.,D1381.11. Magic circle protects from devil. (Cf. D1272.),Magic,Magic objects,Function of magic objects,,Magic object protects
1171,1313,ATU 810 The Snares of the Evil One,G303.16.19.15.Devil cannot enter magic circle made to keep him out.,810,G303.16.19.15,Devil cannot enter magic circle made to keep him out.,G. Ogres.,G10–G399. Kinds of ogres.,G300–G399. Other ogres.,,G300. Other ogres.,G303.16.19.15. Devil cannot enter magic circle made to keep him out. (Cf. D1381.11.),Ogres,Kinds of ogres,Other ogres,,Other ogres
1172,1314,ATU 810A* The Priest and the Devil,S211.Child sold (promised) to devil (ogre).,810A*,S211,Child sold (promised) to devil (ogre).,S. Unnatural cruelty.,S200–S299. Cruel sacrifices.,,,S210. Children sold or promised.,"S211. Child sold (promised) to devil (ogre). See also references to S220–S259, practically all of which apply here.",Unnatural cruelty,Cruel sacrifices,,,Children sold or promised
1173,1315,ATU 810A* The Priest and the Devil,G303.9.1.6.Devil as builder of churches.,810A*,G303.9.1.6,Devil as builder of churches.,G. Ogres.,G10–G399. Kinds of ogres.,G300–G399. Other ogres.,,G300. Other ogres.,G303.9.1.6. Devil as builder of churches.,Ogres,Kinds of ogres,Other ogres,,Other ogres
1174,1316,ATU 810A* The Priest and the Devil,G303.16.19.4.Devil (Satan) flees when cock is made to crow.,810A*,G303.16.19.4,Devil (Satan) flees when cock is made to crow.,G. Ogres.,G10–G399. Kinds of ogres.,G300–G399. Other ogres.,,G300. Other ogres.,G303.16.19.4. Devil (Satan) flees when cock is made to crow. (Cf. G303.17.1.1.),Ogres,Kinds of ogres,Other ogres,,Other ogres
1175,1317,ATU 812 The Devil's Riddle,M211.Man sells soul to devil.,812,M211,Man sells soul to devil.,M. Ordaining the future.,M200–M299. Bargains and promises.,,,M210. Bargain with devil.,"M211. Man sells soul to devil. (Faust, Theophilus.)",Ordaining the future,Bargains and promises,,,Bargain with devil
1176,1318,ATU 812 The Devil's Riddle,H523.Test: guessing nature of devil's possessions.,812,H523,Test: guessing nature of devil's possessions.,H. Tests.,H500–H899. Tests of cleverness.,,,H510. Tests in guessing.,H523. Test: guessing nature of devil's possessions.,Tests,Tests of cleverness,,,Tests in guessing
1177,1319,ATU 812 The Devil's Riddle,H671.Riddle: what is sweeter than honey?,812,H671,Riddle: what is sweeter than honey?,H. Tests.,H500–H899. Tests of cleverness.,H530–H899. Riddles.,,H660. Riddles of comparison.,H671. Riddle: what is sweeter than honey? (Cf. H633.),Tests,Tests of cleverness,Riddles,,Riddles of comparison
1178,1320,ATU 812 The Devil's Riddle,H672.Riddle: what is softer than swan down?,812,H672,Riddle: what is softer than swan down?,H. Tests.,H500–H899. Tests of cleverness.,H530–H899. Riddles.,,H660. Riddles of comparison.,H672. Riddle: what is softer than swan down? (Cf. H652.1.),Tests,Tests of cleverness,Riddles,,Riddles of comparison
1179,1321,ATU 812 The Devil's Riddle,H673.Riddle: what is harder than stone?,812,H673,Riddle: what is harder than stone?,H. Tests.,H500–H899. Tests of cleverness.,H530–H899. Riddles.,,H660. Riddles of comparison.,H673. Riddle: what is harder than stone? (Cf. H637.),Tests,Tests of cleverness,Riddles,,Riddles of comparison
1180,1322,ATU 813 Careless Word Summons the Devil,C12.Devil invoked: appears unexpectedly.,813,C12,Devil invoked: appears unexpectedly.,C. Tabu.,C0–C99. Tabu connected with supernatural beings.,,,"C10. Tabu: profanely calling up spirit (devil, etc.).",C12. Devil invoked: appears unexpectedly.,Tabu,Tabu connected with supernatural beings,,,"Tabu: profanely calling up spirit (devil, etc.)"
1181,1323,ATU 815 The Devil Who Skins a Corpse,D1381.11.Magic circle protects from devil.,815,D1381.11,Magic circle protects from devil.,D. Magic.,D800–D1699. Magic objects.,D1300–D1599. Function of magic objects.,,D1380. Magic object protects.,D1381.11. Magic circle protects from devil. (Cf. D1272.),Magic,Magic objects,Function of magic objects,,Magic object protects
1182,1324,ATU 815 The Devil Who Skins a Corpse,K218.1.Devil cheated by having priest draw a sacred circle about the intended victim.,815,K218.1,Devil cheated by having priest draw a sacred circle about the intended victim.,K. Deceptions.,K100–K299. Deceptive bargains.,K200–K249. Deception in payment of debt.,,K210. Devil cheated of his promised soul.,K218.1. Devil cheated by having priest draw a sacred circle about the intended victim.,Deceptions,Deceptive bargains,Deception in payment of debt,,Devil cheated of his promised soul
1183,1325,ATU 815* Shoemaker Who Made Shoes for the Devil,K210.Devil cheated of his promised soul.,815*,K210,Devil cheated of his promised soul.,K. Deceptions.,K100–K299. Deceptive bargains.,K200–K249. Deception in payment of debt.,,K210. Devil cheated of his promised soul.,K210. Devil cheated of his promised soul. The man saves it through deceit.,Deceptions,Deceptive bargains,Deception in payment of debt,,Devil cheated of his promised soul
1184,1326,ATU 815* Shoemaker Who Made Shoes for the Devil,"C12.2.Oath: ""May the devil take me if.""",815*,C12.2,"Oath: ""May the devil take me if.""",C. Tabu.,C0–C99. Tabu connected with supernatural beings.,,,"C10. Tabu: profanely calling up spirit (devil, etc.).","C12.2. Oath: ""May the devil take me if."". Devil does.",Tabu,Tabu connected with supernatural beings,,,"Tabu: profanely calling up spirit (devil, etc.)"
1185,1327,ATU 815* Shoemaker Who Made Shoes for the Devil,G303.22.11.Devil as advocate of falsely condemned men.,815*,G303.22.11,Devil as advocate of falsely condemned men.,G. Ogres.,G10–G399. Kinds of ogres.,G300–G399. Other ogres.,,G300. Other ogres.,G303.22.11. Devil as advocate of falsely condemned men. Carries off the judge.,Ogres,Kinds of ogres,Other ogres,,Other ogres
1186,1328,ATU 815* Shoemaker Who Made Shoes for the Devil,Q45.2.Hospitality to devil repaid.,815*,Q45.2,Hospitality to devil repaid.,Q. Rewards and punishments.,Q10–Q99. Deeds rewarded.,,,Q40. Kindness rewarded.,Q45.2. Hospitality to devil repaid.,Rewards and punishments,Deeds rewarded,,,Kindness rewarded
1187,1329,ATU 821B Chiickens from Boiled Eggs,J1191.2.Suit for chickens produced from boiled eggs,821B,J1191.2,Suit for chickens produced from boiled eggs,J. The wise and the foolish.,J1100–J1699. Cleverness.,J1100–J1249. Clever persons and acts.,J1130–J1199. Cleverness in the law court.,J1190. Cleverness in the lawcourt – miscellaneous.,J1191.2. Suit for chickens produced from boiled eggs. Countertask: harvesting crop produced from cooked seeds.,The wise and the foolish,Cleverness,Clever persons and acts,Cleverness in the law court,Cleverness in the lawcourt – miscellaneous
1188,1330,ATU 825 The Devil in Noah's Ark,A1015.Flood caused by gods or other superior beings.,825,A1015,Flood caused by gods or other superior beings.,A. Mythological motifs.,A1000–A1099. World calamities and renewals.,,,A1010. Deluge.,A1015. Flood caused by gods or other superior beings. (Cf. A1018.),Mythological motifs,World calamities and renewals,,,Deluge
1189,1331,ATU 825 The Devil in Noah's Ark,A1021.Deluge: escape in boat (ark).,825,A1021,Deluge: escape in boat (ark).,A. Mythological motifs.,A1000–A1099. World calamities and renewals.,,,A1020. Escape from deluge.,A1021. Deluge: escape in boat (ark).,Mythological motifs,World calamities and renewals,,,Escape from deluge
1190,1332,ATU 825 The Devil in Noah's Ark,K2213.4.2.Noah's secret betrayed by his wife,825,K2213.4.2,Noah's secret betrayed by his wife,K. Deceptions.,K2200–K2299. Villains and traitors.,,,K2210. Treacherous relatives.,K2213.4.2. Noah's secret betrayed by his wife. The devil persuades his wife to intoxicate him and then find out what he is doing (building the ark).,Deceptions,Villains and traitors,,,Treacherous relatives
1191,1333,ATU 825 The Devil in Noah's Ark,G303.14.1.1.Devil destroys Adam's work by night.,825,G303.14.1.1,Devil destroys Adam's work by night.,G. Ogres.,G10–G399. Kinds of ogres.,G300–G399. Other ogres.,,G300. Other ogres.,G303.14.1.1. Devil destroys Adam's work by night.,Ogres,Kinds of ogres,Other ogres,,Other ogres
1192,1334,ATU 825 The Devil in Noah's Ark,A2145.2.Snake preserved in ark: to stop hole with tail.,825,A2145.2,Snake preserved in ark: to stop hole with tail.,A. Mythological motifs.,A1700–A2199. Creation of animal life.,A2100–A2199. Creation of fish and other animals.,,A2140. Creation of reptiles.,A2145.2. Snake preserved in ark: to stop hole with tail.,Mythological motifs,Creation of animal life,Creation of fish and other animals,,Creation of reptiles
1193,1335,ATU 825 The Devil in Noah's Ark,A2031.2.Flies on the ark.,825,A2031.2,Flies on the ark.,A. Mythological motifs.,A1700–A2199. Creation of animal life.,A2000–A2099. Creation of insects.,,A2030. Creation of diptera.,A2031.2. Flies on the ark. Noah tries to keep them out. Devil says that either the flies go in or he does. Noah chooses the lesser of two evils. Later the devil slips in nevertheless.,Mythological motifs,Creation of animal life,Creation of insects,,Creation of diptera
1194,1336,ATU 825 The Devil in Noah's Ark,A2214.3.Unicorn thrown from ark and drowned: hence no longer exists,825,A2214.3,Unicorn thrown from ark and drowned: hence no longer exists,A. Mythological motifs.,A2200–A2599. Animal characteristics.,A2200–A2299. Various causes of animal characteristics.,,A2210. Animal characteristics: change in ancient animal.,A2214.3. Unicorn thrown from ark and drowned: hence no longer exists.,Mythological motifs,Animal characteristics,Various causes of animal characteristics,,Animal characteristics: change in ancient animal
1195,1337,ATU 825 The Devil in Noah's Ark,A2232.4.Griffin disdains to go on ark; drowned: hence extinct.,825,A2232.4,Griffin disdains to go on ark; drowned: hence extinct.,A. Mythological motifs.,A2200–A2599. Animal characteristics.,A2200–A2299. Various causes of animal characteristics.,,A2230. Animal characteristics as punishment.,A2232.4. Griffin disdains to go on ark; drowned: hence extinct.,Mythological motifs,Animal characteristics,Various causes of animal characteristics,,Animal characteristics as punishment
1196,1338,ATU 825 The Devil in Noah's Ark,F531.5.9.The giant on the ark.,825,F531.5.9,The giant on the ark.,F. Marvels.,F200–F699. Marvelous creatures.,F500–F599. Remarkable persons.,,F530. Exceptionally large or small men.,F531.5.9. The giant on the ark. Noah saves a giant on the ark. Cannot enter but stays in the rigging. Noah sends him food through a hole.,Marvels,Marvelous creatures,Remarkable persons,,Exceptionally large or small men
1197,1339,ATU 825 The Devil in Noah's Ark,C12.5.1.Noah's curse admits devil to ark.,825,C12.5.1,Noah's curse admits devil to ark.,C. Tabu.,C0–C99. Tabu connected with supernatural beings.,,,"C10. Tabu: profanely calling up spirit (devil, etc.).","C12.5.1. Noah's curse admits devil to ark. Devil persuades Noah's wife to stay out of ark till Noah shall call devil in. Noah at last loses patience and calls out, ""The devil! Come in!"" The devil comes in and turns himself into a mouse.",Tabu,Tabu connected with supernatural beings,,,"Tabu: profanely calling up spirit (devil, etc.)"
1198,1340,ATU 825 The Devil in Noah's Ark,A1853.1.Creation of mouse by devil in ark.,825,A1853.1,Creation of mouse by devil in ark.,A. Mythological motifs.,A1700–A2199. Creation of animal life.,"A1800–A1899. Creation of mammals. Note: A1800–A1899 is based upon the following classification of mammals: A1810–A1819. Felidae. A1820–A1829. Mustelidae. A1830–A1839. Canidae and other carnivora. A1840–A1859. Rodentia. A1860–A1869. Primata. A1870–A1889. Ungulata. A1890–A1899. Other mammals. Since whales are thought of as fish in folk-literature they have been catalogued under that heading rather than under mammals, where they strictly belong.",,A1840. Creation of rodentia.,A1853.1. Creation of mouse by devil in ark. (Cf. A1811.2.),Mythological motifs,Creation of animal life,"Creation of mammals. Note: A1800–A1899 is based upon the following classification of mammals: A1810–A1819. Felidae. A1820–A1829. Mustelidae. A1830–A1839. Canidae and other carnivora. A1840–A1859. Rodentia. A1860–A1869. Primata. A1870–A1889. Ungulata. A1890–A1899. Other mammals. Since whales are thought of as fish in folk-literature they have been catalogued under that heading rather than under mammals, where they strictly belong",,Creation of rodentia
1199,1341,ATU 825 The Devil in Noah's Ark,A2001.Insects from body of slain monster,825,A2001,Insects from body of slain monster,A. Mythological motifs.,A1700–A2199. Creation of animal life.,A2000–A2099. Creation of insects.,,A2000. Creation of insects.,"A2001. Insects from body of slain monster. Usually the monster is burnt; sometimes the insects come from his head, sometimes from his body as it burns. (Cf. A1716.1.)",Mythological motifs,Creation of animal life,Creation of insects,,Creation of insects
1200,1342,ATU 826 List of Sins on Cowhide,G303.24.1.3.Devil writes down names of men on a hide in church,826,G303.24.1.3,Devil writes down names of men on a hide in church,G. Ogres.,G10–G399. Kinds of ogres.,G300–G399. Other ogres.,,G300. Other ogres.,G303.24.1.3. Devil writes down names of men on a hide in church. Woman laughs when she sees him.,Ogres,Kinds of ogres,Other ogres,,Other ogres
1201,1343,"ATU 830B ""My Crops will Thrive Here Without God's Blessing""",C454.Tabu: boasting that one has no need of gods' help.,830B,C454,Tabu: boasting that one has no need of gods' help.,C. Tabu.,C400–C499. Speaking tabu.,,,C450. Tabu: boasting.,C454. Tabu: boasting that one has no need of gods' help.,Tabu,Speaking tabu,,,Tabu: boasting
1202,1344,ATU 831 The Clergyman in Disguise as the Devil,Q551.2.Punishment: animal skin grows on man's back.,831,Q551.2,Punishment: animal skin grows on man's back.,Q. Rewards and punishments.,Q400–Q599. Kinds of punishment.,,,Q550. Miraculous punishments.,Q551.2. Punishment: animal skin grows on man's back. He had masked in the skin in order to cheat.,Rewards and punishments,Kinds of punishment,,,Miraculous punishments
1203,1345,ATU 832 The Disappointed Fisher,Q553.5.Punishment: small catch of fish for child-murderers.,832,Q553.5,Punishment: small catch of fish for child-murderers.,Q. Rewards and punishments.,Q400–Q599. Kinds of punishment.,,,Q550. Miraculous punishments.,Q553.5. Punishment: small catch of fish for child-murderers. Fisherman and his wife have always caught three fishes. From greed they kill their child in order to have more fish for themselves. But they thereafter catch but two fishes. (Cf. Q211.4.),Rewards and punishments,Kinds of punishment,,,Miraculous punishments
1204,1346,ATU 834 Poor Brother's Treasure,N531.Treasure discovered through dream.,834,N531,Treasure discovered through dream.,N. Chance and fate.,N400–N699. Lucky accidents.,N500–N599. Treasure trove.,,N530. Discovery of treasure.,N531. Treasure discovered through dream.,Chance and fate,Lucky accidents,Treasure trove,,Discovery of treasure
1205,1347,ATU 834 Poor Brother's Treasure,N182.Snake turns to gold in answer to dream.,834,N182,Snake turns to gold in answer to dream.,N. Chance and fate.,N100–N299. The ways of luck and fate.,,,N170. The capriciousness of luck.,N182. Snake turns to gold in answer to dream. Woman tells dream of pot of gold. Robbers overhear but finding only snake in pot turn it loose on woman's bed. It turns to gold.,Chance and fate,The ways of luck and fate,,,The capriciousness of luck
1206,1348,ATU 834 Poor Brother's Treasure,D1454.Parts of human body furnish treasure.,834,D1454,Parts of human body furnish treasure.,D. Magic.,D800–D1699. Magic objects.,D1300–D1599. Function of magic objects.,,D1450. Magic object furnishes treasure.,D1454. Parts of human body furnish treasure.,Magic,Magic objects,Function of magic objects,,Magic object furnishes treasure
1207,1349,ATU 836F* Miser and the Eye Ointment,D1323.5.Magic salve gives clairvoyance,836F*,D1323.5,Magic salve gives clairvoyance,D. Magic.,D800–D1699. Magic objects.,D1300–D1599. Function of magic objects.,D1300–D1379. Magic objects effect changes in persons.,D1310. Magic object gives supernatural information.,D1323.5. Magic salve gives clairvoyance (Cf. 1244.),Magic,Magic objects,Function of magic objects,Magic objects effect changes in persons,Magic object gives supernatural information
1208,1350,ATU 836F* Miser and the Eye Ointment,D1331.3.1.Salve causes magic sight and blindness.,836F*,D1331.3.1,Salve causes magic sight and blindness.,D. Magic.,D800–D1699. Magic objects.,D1300–D1599. Function of magic objects.,D1300–D1379. Magic objects effect changes in persons.,D1330. Magic object works physical change.,"D1331.3.1. Salve causes magic sight and blindness. (Cf. D1244, D1323.5, D1331.2.2.) Put on left eye causes one to see all treasure of earth; on the right, makes blind.",Magic,Magic objects,Function of magic objects,Magic objects effect changes in persons,Magic object works physical change
1209,1351,ATU 837 The Beggar's Bread,N332.1.Man accidentally fed bread which his father has poisoned.,837,N332.1,Man accidentally fed bread which his father has poisoned.,N. Chance and fate.,N300–N399. Unlucky accidents.,,,N330. Accidental killing or death.,N332.1. Man accidentally fed bread which his father has poisoned. The wicked man puts poison in the bread he gives a beggar. The beggar gives his loaf to the son.,Chance and fate,Unlucky accidents,,,Accidental killing or death
1210,1352,ATU 838 Son on the Gallow's,Q586.Son on gallows bites his mother's (father's) nose off: punishment for neglect in youth.,838,Q586,Son on gallows bites his mother's (father's) nose off: punishment for neglect in youth.,Q. Rewards and punishments.,Q400–Q599. Kinds of punishment.,,,Q580. Punishment fitted to crime.,Q586. Son on gallows bites his mother's (father's) nose off: punishment for neglect in youth.,Rewards and punishments,Kinds of punishment,,,Punishment fitted to crime
1211,1353,ATU 839 One Vice Carries Other With It,J485.Three sins of the hermit.,839,J485,Three sins of the hermit.,J. The wise and the foolish.,J200–J1099. Wise and unwise conduct.,J200–J499. Choices.,,J480. Other choices.,"J485. Three sins of the hermit. Choice of three sins given him: adultery, murder (theft), drunkenness. He chooses drunkenness; the others follow. (Cf. J21.25.)",The wise and the foolish,Wise and unwise conduct,Choices,,Other choices
1212,1354,"ATU 841 One Beggar Trusts God, the Other the King",N351.Money (treasure) unwittingly given away.,841,N351,Money (treasure) unwittingly given away.,N. Chance and fate.,N300–N399. Unlucky accidents.,,,N350. Accidental loss of property.,N351. Money (treasure) unwittingly given away. Unlucky man given a loaf which is filled with gold exchanges it for another loaf.,Chance and fate,Unlucky accidents,,,Accidental loss of property
1213,1355,ATU 844 The Luck-bringing Shirt,N135.3.The luck-bringing shirt.,844,N135.3,The luck-bringing shirt.,N. Chance and fate.,N100–N299. The ways of luck and fate.,N100–N169. Nature of luck and fate.,,N130. Changing of luck or fate.,N135.3. The luck-bringing shirt. The king is to become lucky when he puts on the shirt of a lucky man. The only man who says that he is lucky has no shirt.,Chance and fate,The ways of luck and fate,Nature of luck and fate,,Changing of luck or fate
1214,1356,ATU 845 The Old Man and Death,C11.The Old Man and Death.,845,C11,The Old Man and Death.,C. Tabu.,C0–C99. Tabu connected with supernatural beings.,,,"C10. Tabu: profanely calling up spirit (devil, etc.).",C11. The Old Man and Death. Weary old man wishes for death. When Death appears at the summons he asks for help with the load.,Tabu,Tabu connected with supernatural beings,,,"Tabu: profanely calling up spirit (devil, etc.)"
1215,1357,ATU 846 Devil Always Blamed,K1811.Gods (saints) in disguise visit mortals.,846,K1811,Gods (saints) in disguise visit mortals.,K. Deceptions.,K1700–K2099. Deception through shams.,K1800–K1899. Deception by disguise or illusion.,,K1810. Deception by disguise.,K1811. Gods (saints) in disguise visit mortals.,Deceptions,Deception through shams,Deception by disguise or illusion,,Deception by disguise
1216,1358,ATU 846 Devil Always Blamed,N111.4.1.Man thanks earth for saving his life; had he fallen into well he would have blamed Fortune.,846,N111.4.1,Man thanks earth for saving his life; had he fallen into well he would have blamed Fortune.,N. Chance and fate.,N100–N299. The ways of luck and fate.,N100–N169. Nature of luck and fate.,,N110. Luck and fate personified.,N111.4.1. Man thanks earth for saving his life; had he fallen into well he would have blamed Fortune.,Chance and fate,The ways of luck and fate,Nature of luck and fate,,Luck and fate personified
1217,1423,ATU 850 The Birthmarks of the Princess,H51.1. Recognition by birthmark.,850,H51.1,Recognition by birthmark.,H. Tests.,H0–H199. Identity tests: Recognition.,,,H50. Recognition by bodily marks or physical attributes.,H51.1. Recognition by birthmark.,Tests,Identity tests: Recognition,,,Recognition by bodily marks or physical attributes
1218,1424,ATU 850 The Birthmarks of the Princess,H525. Test: guessing princess's birthmarks,850,H525,Test: guessing princess's birthmarks,H. Tests.,H500–H899. Tests of cleverness.,,,H510. Tests in guessing.,H525. Test: guessing princess's birthmarks.,Tests,Tests of cleverness,,,Tests in guessing
1219,1425,ATU 850 The Birthmarks of the Princess,K1358. Girl shows herself naked in return for youth's dancing hogs.,850,K1358,Girl shows herself naked in return for youth's dancing hogs.,K. Deceptions.,K1300–K1399. Seduction or deceptive marriage.,,,K1350. Woman persuaded (or wooed) by trick.,K1358. Girl shows herself naked in return for youth's dancing hogs.,Deceptions,Seduction or deceptive marriage,,,Woman persuaded (or wooed) by trick
1220,1426,ATU 850 The Birthmarks of the Princess,K443.6. Trickster exacts promise of marriage as price of silence after having seen a princess naked.,850,K443.6,Trickster exacts promise of marriage as price of silence after having seen a princess naked.,K. Deceptions.,K300–K499. Thefts and cheats.,K440–K499. Other cheats.,,K440. Other cheats.,K443.6. Trickster exacts promise of marriage as price of silence after having seen a princess naked.,Deceptions,Thefts and cheats,Other cheats,,Other cheats
1221,1427,ATU 850 The Birthmarks of the Princess,H315. Suitor test: to whom the princess turns.,850,H315,Suitor test: to whom the princess turns.,H. Tests.,H300–H499. Marriage tests.,H310–H359. Suitor tests.,,H310. Suitor tests.,H315. Suitor test: to whom the princess turns. Rival suitors sleep with princess. The one she turns to is to have her. They vie in enticements.,Tests,Marriage tests,Suitor tests,,Suitor tests
1222,1428,ATU 851 The Princess Who Cannot Solve the Riddle,H342. Suitor test: outwitting princess.,851,H342,Suitor test: outwitting princess.,H. Tests.,H300–H499. Marriage tests.,H310–H359. Suitor tests.,,H310. Suitor tests.,H342. Suitor test: outwitting princess.,Tests,Marriage tests,Suitor tests,,Suitor tests
1223,1429,ATU 851 The Princess Who Cannot Solve the Riddle,H551. Princess offered to man who can out-riddle her.,851,H551,Princess offered to man who can out-riddle her.,H. Tests.,H500–H899. Tests of cleverness.,H530–H899. Riddles.,,H540. Propounding of riddles.,H551. Princess offered to man who can out-riddle her.,Tests,Tests of cleverness,Riddles,,Propounding of riddles
1224,1430,ATU 851 The Princess Who Cannot Solve the Riddle,H565. Riddle propounded from chance experience.,851,H565,Riddle propounded from chance experience.,H. Tests.,H500–H899. Tests of cleverness.,H530–H899. Riddles.,,H540. Propounding of riddles.,H565. Riddle propounded from chance experience. On way to riddle trial youth sees things that give him a clue for his riddles.,Tests,Tests of cleverness,Riddles,,Propounding of riddles
1225,1431,ATU 851 The Princess Who Cannot Solve the Riddle,H81.2. Clandestine visit of princess to hero betrayed by token.,851,H81.2,Clandestine visit of princess to hero betrayed by token.,H. Tests.,H0–H199. Identity tests: Recognition.,H80–H149. Identification by tokens.,,H80. Identification by tokens.,H81.2. Clandestine visit of princess to hero betrayed by token.,Tests,Identity tests: Recognition,Identification by tokens,,Identification by tokens
1226,1432,ATU 851 The Princess Who Cannot Solve the Riddle,H117. Identification by cut garment.,851,H117,Identification by cut garment.,H. Tests.,H0–H199. Identity tests: Recognition.,H80–H149. Identification by tokens.,,H110. Identification by cloth or clothing.,H117. Identification by cut garment. Garment is cut and fragment taken as token.,Tests,Identity tests: Recognition,Identification by tokens,,Identification by cloth or clothing
1227,1433,ATU 851 The Princess Who Cannot Solve the Riddle,H792. Riddle of the unborn.,851,H792,Riddle of the unborn.,H. Tests.,H500–H899. Tests of cleverness.,H530–H899. Riddles.,,H790. Riddles based on unusual circumstances.,H792. Riddle of the unborn. I am unborn; my horse is unborn; I carry my mother on my hands. (A boy who has been taken from his dead mother's body digs up the body of his mother and makes gloves of her skin. He rides on a colt which has been taken from a dead mare's body.),Tests,Tests of cleverness,Riddles,,Riddles based on unusual circumstances
1228,1434,ATU 851 The Princess Who Cannot Solve the Riddle,H802. Riddle: one killed none and yet killed twelve.,851,H802,Riddle: one killed none and yet killed twelve.,H. Tests.,H500–H899. Tests of cleverness.,H530–H899. Riddles.,,H790. Riddles based on unusual circumstances.,H802. Riddle: one killed none and yet killed twelve. (Horse is poisoned; raven eats of him and dies; twelve robbers eat raven and die.),Tests,Tests of cleverness,Riddles,,Riddles based on unusual circumstances
1229,1435,ATU 851 The Princess Who Cannot Solve the Riddle,"H762. Riddle: what is the creature that is of all countries, that is loved by all the world, and that has no equal?",851,H762,"Riddle: what is the creature that is of all countries, that is loved by all the world, and that has no equal?",H. Tests.,H500–H899. Tests of cleverness.,H530–H899. Riddles.,,H720. Metaphorical riddles.,"H762. Riddle: what is the creature that is of all countries, that is loved by all the world, and that has no equal? (The sun.)",Tests,Tests of cleverness,Riddles,,Metaphorical riddles
1230,1436,ATU 851 The Princess Who Cannot Solve the Riddle,H734. Riddle: what is the mother who devours her children when they grow up?,851,H734,Riddle: what is the mother who devours her children when they grow up?,H. Tests.,H500–H899. Tests of cleverness.,H530–H899. Riddles.,,H720. Metaphorical riddles.,H734. Riddle: what is the mother who devours her children when they grow up? (Ocean and rivers.),Tests,Tests of cleverness,Riddles,,Metaphorical riddles
1231,1437,ATU 851 The Princess Who Cannot Solve the Riddle,"H721.1. Riddle: tree with twelve branches, each with thirty leaves, black and white.",851,H721.1,"Riddle: tree with twelve branches, each with thirty leaves, black and white.",H. Tests.,H500–H899. Tests of cleverness.,H530–H899. Riddles.,,H720. Metaphorical riddles.,"H721.1. Riddle: tree with twelve branches, each with thirty leaves, black and white. Year, month, days and nights.",Tests,Tests of cleverness,Riddles,,Metaphorical riddles
1232,1438,ATU 852 Lying Contest,"H342.1. Suitor test: forcing princess to say, ""That is a lie.",852,H342.1,"Suitor test: forcing princess to say, ""That is a lie.",H. Tests.,H300–H499. Marriage tests.,H310–H359. Suitor tests.,,H310. Suitor tests.,"H342.1. Suitor test: forcing princess to say, ""That is a lie.""",Tests,Marriage tests,Suitor tests,,Suitor tests
1233,1439,ATU 852 Lying Contest,X1237. Lie: remarkable ox or steer.,852,X1237,Lie: remarkable ox or steer.,X. Humor.,X900–X1899. Humor of lies and exaggeration,X1200–X1399. Lies about animals.,,X1210. Lies about mammals.,X1237. Lie: remarkable ox or steer.,Humor,Humor of lies and exaggeration,Lies about animals,,Lies about mammals
1234,1440,ATU 852 Lying Contest,F54.2. Plant grows to sky.,852,F54.2,Plant grows to sky.,F. Marvels.,F0–F199. Other world journeys.,F10–F79. The upper world.,,F50. Access to upper world.,F54.2. Plant grows to sky. (Jack and the Beanstalk).,Marvels,Other world journeys,The upper world,,Access to upper world
1235,1441,ATU 852 Lying Contest,X1547.2. Lie: river of honey.,852,X1547.2,Lie: river of honey.,X. Humor.,X900–X1899. Humor of lies and exaggeration,X1500–X1599. Lies about geography and topography.,,X1540. Lies about water features.,X1547.2. Lie: river of honey.,Humor,Humor of lies and exaggeration,Lies about geography and topography,,Lies about water features
1236,1442,ATU 852 Lying Contest,X1757. Rope of sand (chaff).,852,X1757,Rope of sand (chaff).,X. Humor.,X900–X1899. Humor of lies and exaggeration,X1700–X1799. Lies: logical absurdities.,,X1750. Absurd disregard of the nature of objects.,X1757. Rope of sand (chaff). (Cf. F843.),Humor,Humor of lies and exaggeration,Lies: logical absurdities,,Absurd disregard of the nature of objects
1237,1443,ATU 852 Lying Contest,X1036.1. Lie: the great stable: distance to stall.,852,X1036.1,Lie: the great stable: distance to stall.,X. Humor.,X900–X1899. Humor of lies and exaggeration,X910–X1099. Lie: the remarkable man.,X1020–X1079. Remarkable man's extraordinary possessions.,X1030. Lie: remarkable buildings.,X1036.1. Lie: the great stable: distance to stall. Cow has calf and the calf grows up and has calf before it can reach its stall.,Humor,Humor of lies and exaggeration,Lie: the remarkable man,Remarkable man's extraordinary possessions,Lie: remarkable buildings
1238,1444,ATU 852 Lying Contest,X1201. Lie: the great animal.,852,X1201,Lie: the great animal.,X. Humor.,X900–X1899. Humor of lies and exaggeration,X1200–X1399. Lies about animals.,,X1200. Lie: remarkable animals.,X1201. Lie: the great animal.,Humor,Humor of lies and exaggeration,Lies about animals,,Lie: remarkable animals
1239,1445,ATU 852 Lying Contest,X1423.1. Lie: the great cabbage,852,X1423.1,Lie: the great cabbage,X. Humor.,X900–X1899. Humor of lies and exaggeration,"X1400–X1499. Lies about plants, fruits, vegetables, and trees.",,X1420. Lies about vegetables.,X1423.1. Lie: the great cabbage. (Usually matched by tale of great pot to put cabbage in.),Humor,Humor of lies and exaggeration,"Lies about plants, fruits, vegetables, and trees",,Lies about vegetables
1240,1446,ATU 852 Lying Contest,"X1726.2. Man cuts off own head, picks it up and replaces it.",852,X1726.2,"Man cuts off own head, picks it up and replaces it.",X. Humor.,X900–X1899. Humor of lies and exaggeration,X1700–X1799. Lies: logical absurdities.,,X1720. Absurd disregard of anatomy.,"X1726.2. Man cuts off own head, picks it up and replaces it. (Cf. E783.)",Humor,Humor of lies and exaggeration,Lies: logical absurdities,,Absurd disregard of anatomy
1241,1447,ATU 852 Lying Contest,X1739.2. Lie: man makes drinking water from his own skull.,852,X1739.2,Lie: man makes drinking water from his own skull.,X. Humor.,X900–X1899. Humor of lies and exaggeration,X1700–X1799. Lies: logical absurdities.,,X1720. Absurd disregard of anatomy.,X1739.2. Lie: man makes drinking water from his own skull.,Humor,Humor of lies and exaggeration,Lies: logical absurdities,,Absurd disregard of anatomy
1242,1448,ATU 852 Lying Contest,K1271.1. Threat to tell of amorous intrigue used as blackmail.,852,K1271.1,Threat to tell of amorous intrigue used as blackmail.,K. Deceptions.,K1200–K1299. Deception into humiliating position.,,,K1240. Deception into humiliating position – miscellaneous.,K1271.1. Threat to tell of amorous intrigue used as blackmail.,Deceptions,Deception into humiliating position,,,Deception into humiliating position – miscellaneous
1243,1449,ATU 853 Hero Catches Princess with Her Own Words,H507.1. Princess offered to man who can defeat her in repartee.,853,H507.1,Princess offered to man who can defeat her in repartee.,H. Tests.,H500–H899. Tests of cleverness.,,,H500. Test of cleverness or ability.,H507.1. Princess offered to man who can defeat her in repartee.,Tests,Tests of cleverness,,,Test of cleverness or ability
1244,1450,ATU 853 Hero Catches Princess with Her Own Words,H507.1.0.1. Princess defeated in repartee by means of objects accidentally picked up,853,H507.1.0.1,Princess defeated in repartee by means of objects accidentally picked up,H. Tests.,H500–H899. Tests of cleverness.,,,H500. Test of cleverness or ability.,"H507.1.0.1. Princess defeated in repartee by means of objects accidentally picked up. E. g., Hero: What red lips you have! Princess: There is fire inside. – Hero: Then boil this egg (producing egg).",Tests,Tests of cleverness,,,Test of cleverness or ability
1245,1451,"ATU 853A ""No""","K1331. ""No!""",853A,K1331,No!,K. Deceptions.,K1300–K1399. Seduction or deceptive marriage.,,,K1330. Girl tricked into man's room (or power).,"K1331. ""No!"" The princess must answer all questions by ""No"". By clever framing of his question the hero wins her to his desires.",Deceptions,Seduction or deceptive marriage,,,Girl tricked into man's room (or power)
1246,1452,ATU 854 The Golden Ram,H322. Suitor test: finding princess,854,H322,Suitor test: finding princess,H. Tests.,H300–H499. Marriage tests.,H310–H359. Suitor tests.,,H310. Suitor tests.,H322. Suitor test: finding princess.,Tests,Marriage tests,Suitor tests,,Suitor tests
1247,1453,ATU 854 The Golden Ram,K1341.1. Entrance to woman's room in golden ram,854,K1341.1,Entrance to woman's room in golden ram,K. Deceptions.,K1300–K1399. Seduction or deceptive marriage.,,,K1340. Entrance into girl's (man's) room (bed) by trick.,K1341.1. Entrance to woman's room in golden ram. Princess's curiosity aroused and the golden ram carried into the room. The youth is concealed inside.,Deceptions,Seduction or deceptive marriage,,,Entrance into girl's (man's) room (bed) by trick
1248,1454,ATU 859 The Penniless Bridegroom Pretends to Wealth,K1917. Penniless bridegroom pretends to wealth.,859,K1917,Penniless bridegroom pretends to wealth.,K. Deceptions.,K1700–K2099. Deception through shams.,K1900–K1999. Impostures.,,K1910. Marital impostors.,K1917. Penniless bridegroom pretends to wealth.,Deceptions,Deception through shams,Impostures,,Marital impostors
1249,1455,ATU 859 The Penniless Bridegroom Pretends to Wealth,K1917.1. Penniless wooer: patch of land.,859,K1917.1,Penniless wooer: patch of land.,K. Deceptions.,K1700–K2099. Deception through shams.,K1900–K1999. Impostures.,,K1910. Marital impostors.,"K1917.1. Penniless wooer: patch of land. After marriage he takes the bride to look at his land. He puts on soiled clothes. She looks at the land; he points to the patch on his clothes. ""That patch is mine.""",Deceptions,Deception through shams,Impostures,,Marital impostors
1250,1456,ATU 859 The Penniless Bridegroom Pretends to Wealth,K1917.2. Penniless wooer: money in hand.,859,K1917.2,Penniless wooer: money in hand.,K. Deceptions.,K1700–K2099. Deception through shams.,K1900–K1999. Impostures.,,K1910. Marital impostors.,K1917.2. Penniless wooer: money in hand. An uncle gives the boy a coin and food to hold while he woos for him. He tells the girl's father that the boy has a piece of money in hand and plenty to eat. Wins the girl.,Deceptions,Deception through shams,Impostures,,Marital impostors
1251,1457,ATU 859 The Penniless Bridegroom Pretends to Wealth,K1917.4. Penniless wooer.,859,K1917.4,Penniless wooer.,K. Deceptions.,K1700–K2099. Deception through shams.,K1900–K1999. Impostures.,,K1910. Marital impostors.,"K1917.4. Penniless wooer. ""House of my father with one hundred fifty lights and goat pen."" When the servant in bed so remarks the master marries his daughter to him. Arrived at the hut, he explains that the lights are the stars whose beams enter through the cracks in the roof. One goat is tied to the tree.",Deceptions,Deception through shams,Impostures,,Marital impostors
1252,1458,ATU 870 The Princess Confined in the Mound,"R45. Captivity in mound (cave, hollow hill).",870,R45,"Captivity in mound (cave, hollow hill).",R. Captives and fugitives.,R0–R99. Captivity.,,,R40. Places of captivity.,"R45. Captivity in mound (cave, hollow hill).",Captives and fugitives,Captivity,,,Places of captivity
1253,1459,ATU 870 The Princess Confined in the Mound,R211. Escape from prison.,870,R211,Escape from prison.,R. Captives and fugitives.,R200–R299. Escapes and pursuits.,,,R210. Escapes.,R211. Escape from prison.,Captives and fugitives,Escapes and pursuits,,,Escapes
1254,1460,ATU 870 The Princess Confined in the Mound,K1816.0.2. Girl in menial disguise at lover's court.,870,K1816.0.2,Girl in menial disguise at lover's court.,K. Deceptions.,K1700–K2099. Deception through shams.,K1800–K1899. Deception by disguise or illusion.,,K1810. Deception by disguise.,K1816.0.2. Girl in menial disguise at lover's court.,Deceptions,Deception through shams,Deception by disguise or illusion,,Deception by disguise
1255,1461,ATU 870 The Princess Confined in the Mound,K1831. Service under a false name.,870,K1831,Service under a false name.,K. Deceptions.,K1700–K2099. Deception through shams.,K1800–K1899. Deception by disguise or illusion.,,K1810. Deception by disguise.,K1831. Service under a false name.,Deceptions,Deception through shams,Deception by disguise or illusion,,Deception by disguise
1256,1462,ATU 870 The Princess Confined in the Mound,K1843.1. Bride has maid sleep in husband's bed to conceal pregnancy.,870,K1843.1,Bride has maid sleep in husband's bed to conceal pregnancy.,K. Deceptions.,K1700–K2099. Deception through shams.,K1800–K1899. Deception by disguise or illusion.,,K1840. Deception by substitution.,K1843.1. Bride has maid sleep in husband's bed to conceal pregnancy.,Deceptions,Deception through shams,Deception by disguise or illusion,,Deception by substitution
1257,1463,ATU 870 The Princess Confined in the Mound,H13.1. Recognition by overheard conversation with animal.,870,H13.1,Recognition by overheard conversation with animal.,H. Tests.,H0–H199. Identity tests: Recognition.,,,H10. Recognition through common knowledge.,H13.1. Recognition by overheard conversation with animal.,Tests,Identity tests: Recognition,,,Recognition through common knowledge
1258,1464,ATU 870 The Princess Confined in the Mound,H13.2. Recognition by overheard conversation with objects.,870,H13.2,Recognition by overheard conversation with objects.,H. Tests.,H0–H199. Identity tests: Recognition.,,,H10. Recognition through common knowledge.,H13.2. Recognition by overheard conversation with objects.,Tests,Identity tests: Recognition,,,Recognition through common knowledge
1259,1465,ATU 870 The Princess Confined in the Mound,H151.5. Attention attracted by hints dropped by heroine as menial: recognition follows.,870,H151.5,Attention attracted by hints dropped by heroine as menial: recognition follows.,H. Tests.,H0–H199. Identity tests: Recognition.,,,H150. Circumstances of recognition.,H151.5. Attention attracted by hints dropped by heroine as menial: recognition follows.,Tests,Identity tests: Recognition,,,Circumstances of recognition
1260,1466,ATU 870 The Princess Confined in the Mound,H15.1. Identity tested by demanding that person say again what he said on former occasion.,870,H15.1,Identity tested by demanding that person say again what he said on former occasion.,H. Tests.,H0–H199. Identity tests: Recognition.,,,H10. Recognition through common knowledge.,H15.1. Identity tested by demanding that person say again what he said on former occasion. (Impostor fails.),Tests,Identity tests: Recognition,,,Recognition through common knowledge
1261,1467,ATU 870 The Princess Confined in the Mound,H92. Identification by necklace.,870,H92,Identification by necklace.,H. Tests.,H0–H199. Identity tests: Recognition.,H80–H149. Identification by tokens.,,H90. Identification by ornaments.,H92. Identification by necklace.,Tests,Identity tests: Recognition,Identification by tokens,,Identification by ornaments
1262,1468,ATU 870 The Princess Confined in the Mound,K1911.3. Reinstatement of true bride.,870,K1911.3,Reinstatement of true bride.,K. Deceptions.,K1700–K2099. Deception through shams.,K1900–K1999. Impostures.,,K1910. Marital impostors.,K1911.3. Reinstatement of true bride.,Deceptions,Deception through shams,Impostures,,Marital impostors
1263,1469,ATU 870A The Goosegirl,T55. Girl as wooer.,870A,T55,Girl as wooer.,T. Sex.,T0–T99. Love.,,,T50. Wooing.,T55. Girl as wooer. Forthputting woman.,Sex,Love,,,Wooing
1264,1470,ATU 870A The Goosegirl,K1843.1. Bride has maid sleep in husband's bed to conceal pregnancy.,870A,K1843.1,Bride has maid sleep in husband's bed to conceal pregnancy.,K. Deceptions.,K1700–K2099. Deception through shams.,K1800–K1899. Deception by disguise or illusion.,,K1840. Deception by substitution.,K1843.1. Bride has maid sleep in husband's bed to conceal pregnancy.,Deceptions,Deception through shams,Deception by disguise or illusion,,Deception by substitution
1265,1471,ATU 870A The Goosegirl,H90. Identification by ornaments,870A,H90,Identification by ornaments,H. Tests.,H0–H199. Identity tests: Recognition.,H80–H149. Identification by tokens.,,H90. Identification by ornaments.,H90. Identification by ornaments.,Tests,Identity tests: Recognition,Identification by tokens,,Identification by ornaments
1266,1472,ATU 870A The Goosegirl,H411.1. Magic stone as chastity test.,870A,H411.1,Magic stone as chastity test.,H. Tests.,H300–H499. Marriage tests.,H400–H459. Chasity tests.,,H410. Chastity test by magic objects or ordeals.,H411.1. Magic stone as chastity test. At foot of bed: cannot be stepped on by unchaste woman. (Cf. D931.),Tests,Marriage tests,Chasity tests,,Chastity test by magic objects or ordeals
1267,1473,ATU 871 Princess and Ogress,C611. Forbidden chamber,871,C611,Forbidden chamber,C. Tabu.,C600–C699. Unique prohibitions and compulsions.,C600–C649. The one forbidden thing.,,C610. The one forbidden place.,C611. Forbidden chamber. Person allowed to enter all chambers of house except one.,Tabu,Unique prohibitions and compulsions,The one forbidden thing,,The one forbidden place
1268,1474,ATU 871 Princess and Ogress,T11.2. Love through sight of picture.,871,T11.2,Love through sight of picture.,T. Sex.,T0–T99. Love.,,,T10. Falling in love.,T11.2. Love through sight of picture.,Sex,Love,,,Falling in love
1269,1475,ATU 871 Princess and Ogress,D567. Transformation by sunlight.,871,D567,Transformation by sunlight.,D. Magic.,D0–D699. Transformation.,D500–D599. Means of transformation.,,D560. Transformation by various means.,D567. Transformation by sunlight.,Magic,Transformation,Means of transformation,,Transformation by various means
1270,1476,ATU 871 Princess and Ogress,G11.3. Cannibal witch.,871,G11.3,Cannibal witch.,G. Ogres.,G10–G399. Kinds of ogres.,G10–G99. Cannibals and cannibalism.,G10–G49. Regular cannibalism.,G10. Cannibalism.,G11.3. Cannibal witch.,Ogres,Kinds of ogres,Cannibals and cannibalism,Regular cannibalism,Cannibalism
1271,1477,ATU 871 Princess and Ogress,F93.0.2.1. Well entrance to lower world,871,F93.0.2.1,Well entrance to lower world,F. Marvels.,F0–F199. Other world journeys.,F80–F109. The lower world.,,F90. Access to lower world.,F93.0.2.1. Well entrance to lower world.,Marvels,Other world journeys,The lower world,,Access to lower world
1272,1478,ATU 871 Princess and Ogress,C325. Tabu: looking into the pots in hell.,871,C325,Tabu: looking into the pots in hell.,C. Tabu.,C300–C399. Looking tabu.,,,C320. Tabu: looking into certain receptacle.,C325. Tabu: looking into the pots in hell.,Tabu,Looking tabu,,,Tabu: looking into certain receptacle
1273,1479,ATU 871 Princess and Ogress,N681.1. Wife finds lost husband just as he is to marry another,871,N681.1,Wife finds lost husband just as he is to marry another,N. Chance and fate.,N400–N699. Lucky accidents.,N600–N699. Other lucky accidents.,,N680. Lucky accidents – miscellaneous.,N681.1. Wife finds lost husband just as he is to marry another.,Chance and fate,Lucky accidents,Other lucky accidents,,Lucky accidents – miscellaneous
1274,1480,ATU 873 The King Discovers his Unknown Son,T645. Paramour leaves token with girl to give their son.,873,T645,Paramour leaves token with girl to give their son.,T. Sex.,T600–T699. Care of children.,,,T640. Illegitimate children.,T645. Paramour leaves token with girl to give their son.,Sex,Care of children,,,Illegitimate children
1275,1481,ATU 873 The King Discovers his Unknown Son,H1381.2.2.1.1. Boy twitted with illegitimacy seeks unknown father.,873,H1381.2.2.1.1,Boy twitted with illegitimacy seeks unknown father.,H. Tests.,H1200–H1399. Tests of prowess: quests.,H1250–H1399. Nature of quests.,,H1370. Miscellaneous quests.,H1381.2.2.1.1. Boy twitted with illegitimacy seeks unknown father.,Tests,Tests of prowess: quests,Nature of quests,,Miscellaneous quests
1276,1482,ATU 873 The King Discovers his Unknown Son,N731. Unexpected meeting of father and son.,873,N731,Unexpected meeting of father and son.,N. Chance and fate.,N700–N799. Accidental encounters.,,,N730. Accidental reunion of families.,N731. Unexpected meeting of father and son.,Chance and fate,Accidental encounters,,,Accidental reunion of families
1277,1483,ATU 873 The King Discovers his Unknown Son,H80. Identification by tokens.,873,H80,Identification by tokens.,H. Tests.,H0–H199. Identity tests: Recognition.,H80–H149. Identification by tokens.,,H80. Identification by tokens.,H80. Identification by tokens.,Tests,Identity tests: Recognition,Identification by tokens,,Identification by tokens
1278,1484,ATU 873 The King Discovers his Unknown Son,L162. Lowly heroine marries prince (king).,873,L162,Lowly heroine marries prince (king).,L. Reversal of fortune.,L100–L199. Unpromising hero (heroine).,,,L160. Success of the unpromising hero (heroine).,L162. Lowly heroine marries prince (king).,Reversal of fortune,Unpromising hero (heroine),,,Success of the unpromising hero (heroine)
1279,1485,ATU 875 The Clever Farmgirl,J1111.4. Clever peasant daughter.,875,J1111.4,Clever peasant daughter.,J. The wise and the foolish.,J1100–J1699. Cleverness.,J1100–J1249. Clever persons and acts.,,J1110. Clever persons.,J1111.4. Clever peasant daughter.,The wise and the foolish,Cleverness,Clever persons and acts,,Clever persons
1280,1486,ATU 875 The Clever Farmgirl,H561.1.2. Found mortar taken to king reveals peasant girl's wisdom.,875,H561.1.2,Found mortar taken to king reveals peasant girl's wisdom.,H. Tests.,H500–H899. Tests of cleverness.,H530–H899. Riddles.,,H540. Propounding of riddles.,"H561.1.2. Found mortar taken to king reveals peasant girl's wisdom. Peasant finds mortar in his field and against his daughter's advice takes it to the king, who demands the pestle as well. Peasant laments that he has not followed daughter's advice. King summons her.",Tests,Tests of cleverness,Riddles,,Propounding of riddles
1281,1487,ATU 875 The Clever Farmgirl,H561.1. Clever peasant girl asked riddles by king.,875,H561.1,Clever peasant girl asked riddles by king.,H. Tests.,H500–H899. Tests of cleverness.,H530–H899. Riddles.,,H540. Propounding of riddles.,H561.1. Clever peasant girl asked riddles by king.,Tests,Tests of cleverness,Riddles,,Propounding of riddles
1282,1488,ATU 875 The Clever Farmgirl,H583.7. King: Where shall I tie my horse? Maiden: Between summer and winter.,875,H583.7,King: Where shall I tie my horse? Maiden: Between summer and winter.,H. Tests.,H500–H899. Tests of cleverness.,H530–H899. Riddles.,,H580. Enigmatic statements.,H583.7. King: Where shall I tie my horse? Maiden: Between summer and winter. (Between wagon and sleigh.),Tests,Tests of cleverness,Riddles,,Enigmatic statements
1283,1489,ATU 875 The Clever Farmgirl,H641.1. What is most beautiful? The spring.,875,H641.1,What is most beautiful? The spring.,H. Tests.,H500–H899. Tests of cleverness.,H530–H899. Riddles.,,H630. Riddles of the superlative.,H641.1. What is most beautiful? The spring.,Tests,Tests of cleverness,Riddles,,Riddles of the superlative
1284,1490,ATU 875 The Clever Farmgirl,H631.3. What is strongest? Earth.,875,H631.3,What is strongest? Earth.,H. Tests.,H500–H899. Tests of cleverness.,H530–H899. Riddles.,,H630. Riddles of the superlative.,H631.3. What is strongest? Earth.,Tests,Tests of cleverness,Riddles,,Riddles of the superlative
1285,1491,ATU 875 The Clever Farmgirl,H632. Riddle: what is the swiftest?,875,H632,Riddle: what is the swiftest?,H. Tests.,H500–H899. Tests of cleverness.,H530–H899. Riddles.,,H630. Riddles of the superlative.,H632. Riddle: what is the swiftest?,Tests,Tests of cleverness,Riddles,,Riddles of the superlative
1286,1492,ATU 875 The Clever Farmgirl,H633. Riddle: what is sweetest?,875,H633,Riddle: what is sweetest?,H. Tests.,H500–H899. Tests of cleverness.,H530–H899. Riddles.,,H630. Riddles of the superlative.,H633. Riddle: what is sweetest?,Tests,Tests of cleverness,Riddles,,Riddles of the superlative
1287,1493,ATU 875 The Clever Farmgirl,H636. Riddle: what is the richest?,875,H636,Riddle: what is the richest?,H. Tests.,H500–H899. Tests of cleverness.,H530–H899. Riddles.,,H630. Riddles of the superlative.,H636. Riddle: what is the richest?,Tests,Tests of cleverness,Riddles,,Riddles of the superlative
1288,1494,ATU 875 The Clever Farmgirl,H1053. Task: coming neither on horse nor on foot (riding nor walking).,875,H1053,Task: coming neither on horse nor on foot (riding nor walking).,H. Tests.,H900–H1199. Tests of prowess: tasks.,H1000–H1199. Nature of tasks.,H1050–H1089. Paradoxical tasks.,H1050. Paradoxical tasks.,H1053. Task: coming neither on horse nor on foot (riding nor walking).,Tests,Tests of prowess: tasks,Nature of tasks,Paradoxical tasks,Paradoxical tasks
1289,1495,ATU 875 The Clever Farmgirl,H1054. Task: coming neither naked nor clad.,875,H1054,Task: coming neither naked nor clad.,H. Tests.,H900–H1199. Tests of prowess: tasks.,H1000–H1199. Nature of tasks.,H1050–H1089. Paradoxical tasks.,H1050. Paradoxical tasks.,H1054. Task: coming neither naked nor clad.,Tests,Tests of prowess: tasks,Nature of tasks,Paradoxical tasks,Paradoxical tasks
1290,1496,ATU 875 The Clever Farmgirl,H1023.1. Task: hatching boiled eggs.,875,H1023.1,Task: hatching boiled eggs.,H. Tests.,H900–H1199. Tests of prowess: tasks.,H1000–H1199. Nature of tasks.,H1010–H1049. Impossible or absurd tasks.,H1020. Tasks contrary to laws of nature.,H1023.1. Task: hatching boiled eggs.,Tests,Tests of prowess: tasks,Nature of tasks,Impossible or absurd tasks,Tasks contrary to laws of nature
1291,1497,ATU 875 The Clever Farmgirl,L162. Lowly heroine marries prince (king).,875,L162,Lowly heroine marries prince (king).,L. Reversal of fortune.,L100–L199. Unpromising hero (heroine).,,,L160. Success of the unpromising hero (heroine).,L162. Lowly heroine marries prince (king).,Reversal of fortune,Unpromising hero (heroine),,,Success of the unpromising hero (heroine)
1292,1498,ATU 875 The Clever Farmgirl,J1191.1. Reductio ad absurdum: the decision about the colt.,875,J1191.1,Reductio ad absurdum: the decision about the colt.,J. The wise and the foolish.,J1100–J1699. Cleverness.,J1100–J1249. Clever persons and acts.,J1130–J1199. Cleverness in the law court.,J1190. Cleverness in the lawcourt – miscellaneous.,"J1191.1. Reductio ad absurdum: the decision about the colt. A man ties his mare to a second man's wagon. The mare bears a colt which the wagon-owner claims, saying that the wagon has borne a colt. Real owner of the colt shows the absurdity (1) by fishing in the street or (2) by telling that his wife is shooting fish in the garden. Neither of these things are so absurd as the decision.",The wise and the foolish,Cleverness,Clever persons and acts,Cleverness in the law court,Cleverness in the lawcourt – miscellaneous
1293,1499,ATU 875 The Clever Farmgirl,J1545.4. The exiled wife's dearest possession.,875,J1545.4,The exiled wife's dearest possession.,J. The wise and the foolish.,J1100–J1699. Cleverness.,J1500–J1649. Clever practical retorts.,,J1540. Retorts between husband and wife.,J1545.4. The exiled wife's dearest possession. A wife driven from home is allowed by her husband to take her one dearest possession. She takes her sleeping husband and effects reconciliation.,The wise and the foolish,Cleverness,Clever practical retorts,,Retorts between husband and wife
1294,1500,ATU 875A Girl's Riddling Answer Betrays a Thief,H582.1.1. The full moon and the thirtieth of the month.,875A,H582.1.1,The full moon and the thirtieth of the month.,H. Tests.,H500–H899. Tests of cleverness.,H530–H899. Riddles.,,H580. Enigmatic statements.,"H582.1.1. The full moon and the thirtieth of the month. Prince sends servant to clever girl with a round tart, thirty cakes, and a capon, and asks her if it is full moon and the thirtieth of the month and if the cock has crowed in the evening. She replies that it is not full moon, that it is the fifteenth of the month, and that the capon has gone to the mill; but that the prince should spare the pheasant for the partridge's sake. She thus shows him that the servant has stolen half the tart, half of the cakes, and the capon.",Tests,Tests of cleverness,Riddles,,Enigmatic statements
1295,1501,ATU 875B Clever Girl and the King,H1010. Impossible tasks.,875B,H1010,Impossible tasks.,H. Tests.,H900–H1199. Tests of prowess: tasks.,H1000–H1199. Nature of tasks.,H1010–H1049. Impossible or absurd tasks.,H1010. Impossible tasks.,H1010. Impossible tasks.,Tests,Tests of prowess: tasks,Nature of tasks,Impossible or absurd tasks,Impossible tasks
1296,1502,ATU 875B Clever Girl and the King,H951. Countertasks.,875B,H951,Countertasks.,H. Tests.,H900–H1199. Tests of prowess: tasks.,H900–H999. Assignment and performance of tasks.,H950–H999. Performance of tasks.,H950. Task evaded by subterfuge.,"H951. Countertasks. When a task is assigned, the hero agrees to perform it as soon as the assigner performs a certain other task. (Cf. H691.2.1, H1021.1.1, H1021.3, H1021.6.1, H1021.6.2, H1022.2.1, H1022.3, H1022.9, H1023.1.1, H1023.1.2, H1023.2.2.1, H1023.9.1, H1023.10.1, H1142.3, H1146.)",Tests,Tests of prowess: tasks,Assignment and performance of tasks,Performance of tasks,Task evaded by subterfuge
1297,1503,ATU 875B Clever Girl and the King,J2121. Drying snow on the stove.,875B,J2121,Drying snow on the stove.,J. The wise and the foolish.,J1700–J2749. Fools (and other unwise persons).,J2050–J2199. Absurd short-sightedness.,,J2120. Disregard of danger to objects (or animals).,J2121. Drying snow on the stove.,The wise and the foolish,Fools (and other unwise persons),Absurd short-sightedness,,Disregard of danger to objects (or animals)
1298,1504,ATU 875B Clever Girl and the King,H1021.9. Task: sewing a shirt of stone.,875B,H1021.9,Task: sewing a shirt of stone.,H. Tests.,H900–H1199. Tests of prowess: tasks.,H1000–H1199. Nature of tasks.,H1010–H1049. Impossible or absurd tasks.,H1020. Tasks contrary to laws of nature.,H1021.9. Task: sewing a shirt of stone.,Tests,Tests of prowess: tasks,Nature of tasks,Impossible or absurd tasks,Tasks contrary to laws of nature
1299,1505,ATU 875B Clever Girl and the King,H1024.1. Task: milking a bull.,875B,H1024.1,Task: milking a bull.,H. Tests.,H900–H1199. Tests of prowess: tasks.,H1000–H1199. Nature of tasks.,H1010–H1049. Impossible or absurd tasks.,H1020. Tasks contrary to laws of nature.,H1024.1. Task: milking a bull.,Tests,Tests of prowess: tasks,Nature of tasks,Impossible or absurd tasks,Tasks contrary to laws of nature
1300,1506,ATU 875B Clever Girl and the King,H1024.1.1.1. Task: making a bull bear a calf.,875B,H1024.1.1.1,Task: making a bull bear a calf.,H. Tests.,H900–H1199. Tests of prowess: tasks.,H1000–H1199. Nature of tasks.,H1010–H1049. Impossible or absurd tasks.,H1020. Tasks contrary to laws of nature.,H1024.1.1.1. Task: making a bull bear a calf. Reductio ad absurdum: have a man prepare for childbirth. (Cf. H952.),Tests,Tests of prowess: tasks,Nature of tasks,Impossible or absurd tasks,Tasks contrary to laws of nature
1301,1507,ATU 875B Clever Girl and the King,J1536.2. Absurdity of trying to convert king to Hinduism -- like making cow of donkey or black dog into white.,875B,J1536.2,Absurdity of trying to convert king to Hinduism -- like making cow of donkey or black dog into white.,J. The wise and the foolish.,J1100–J1699. Cleverness.,J1500–J1649. Clever practical retorts.,,J1530. One absurdity rebukes another.,J1536.2. Absurdity of trying to convert king to Hinduism – like making cow of donkey or black dog into white.,The wise and the foolish,Cleverness,Clever practical retorts,,One absurdity rebukes another
1302,1508,ATU 875B Clever Girl and the King,H1023.25.1. Task: bringing well to king; countertask: sending his own well to accompany it.,875B,H1023.25.1,Task: bringing well to king; countertask: sending his own well to accompany it.,H. Tests.,H900–H1199. Tests of prowess: tasks.,H1000–H1199. Nature of tasks.,H1010–H1049. Impossible or absurd tasks.,H1020. Tasks contrary to laws of nature.,H1023.25.1. Task: bringing well to king; countertask: sending his own well to accompany it. (Cf. H951.),Tests,Tests of prowess: tasks,Nature of tasks,Impossible or absurd tasks,Tasks contrary to laws of nature
1303,1509,ATU 875D Clever Young Woman at the End of the Journey,H586. Riddling remarks of traveling companion interpreted by girl (man) at end of journey,875D,H586,Riddling remarks of traveling companion interpreted by girl (man) at end of journey,H. Tests.,H500–H899. Tests of cleverness.,H530–H899. Riddles.,,H580. Enigmatic statements.,H586. Riddling remarks of traveling companion interpreted by girl (man) at end of journey.,Tests,Tests of cleverness,Riddles,,Enigmatic statements
1304,1510,ATU 875D Clever Young Woman at the End of the Journey,D1318.2.1. Laughing fish reveals unjust judgment.,875D,D1318.2.1,Laughing fish reveals unjust judgment.,D. Magic.,D800–D1699. Magic objects.,D1300–D1599. Function of magic objects.,D1300–D1379. Magic objects effect changes in persons.,D1310. Magic object gives supernatural information.,"D1318.2.1. Laughing fish reveals unjust judgment. A severe judgment is rendered for a small offence. As the convicted man is being led away, a dead (dried) fish is heard to laugh. The fish reveals that he has laughed at the foolishness of the judge who, while he punishes minor offences severely, is unable to see the capital crimes in his own household. (Cf. D1281.)",Magic,Magic objects,Function of magic objects,Magic objects effect changes in persons,Magic object gives supernatural information
1305,1511,ATU 875D Clever Young Woman at the End of the Journey,H561.1.1.1. Clever daughter construes enigmatic sayings.,875D,H561.1.1.1,Clever daughter construes enigmatic sayings.,H. Tests.,H500–H899. Tests of cleverness.,H530–H899. Riddles.,,H540. Propounding of riddles.,H561.1.1.1. Clever daughter construes enigmatic sayings.,Tests,Tests of cleverness,Riddles,,Propounding of riddles
1306,1512,ATU 875B* Storytelling Saves a Wife from Death (Sheherazade),J1185.1. Scheherazade: story with indefinite sequels told to stave off execution.,875B*,J1185.1,Scheherazade: story with indefinite sequels told to stave off execution.,J. The wise and the foolish.,J1100–J1699. Cleverness.,J1100–J1249. Clever persons and acts.,J1130–J1199. Cleverness in the law court.,J1180. Clever means of avoiding legal punishment.,J1185.1. Scheherazade: story with indefinite sequels told to stave off execution.,The wise and the foolish,Cleverness,Clever persons and acts,Cleverness in the law court,Clever means of avoiding legal punishment
1307,1513,ATU 877 The Old Woman who was Skinned,D1880. Magic rejuvenation.,877,D1880,Magic rejuvenation.,D. Magic.,D1700–D2199. Magic powers and manifestations.,D1800–D2199. Manifestations of magic power.,D1800–D1949. Lasting magic qualities.,D1880. Magic rejuvenation.,D1880. Magic rejuvenation.,Magic,Magic powers and manifestations,Manifestations of magic power,Lasting magic qualities,Magic rejuvenation
1308,1514,ATU 879 The Basil Maiden,H702. Riddle: how many stars in the heavens?,879,H702,Riddle: how many stars in the heavens?,H. Tests.,H500–H899. Tests of cleverness.,H530–H899. Riddles.,,H700. Riddles of numbers.,H702. Riddle: how many stars in the heavens?,Tests,Tests of cleverness,Riddles,,Riddles of numbers
1309,1515,ATU 879 The Basil Maiden,H705.3. How many leaves are on the tree? Counterquestion: how many stars in the sky?,879,H705.3,How many leaves are on the tree? Counterquestion: how many stars in the sky?,H. Tests.,H500–H899. Tests of cleverness.,H530–H899. Riddles.,,H700. Riddles of numbers.,H705.3. How many leaves are on the tree? Counterquestion: how many stars in the sky? (Cf. H702.),Tests,Tests of cleverness,Riddles,,Riddles of numbers
1310,1516,ATU 879 The Basil Maiden,K1837. Disguise of woman in man's clothes.,879,K1837,Disguise of woman in man's clothes.,K. Deceptions.,K1700–K2099. Deception through shams.,K1800–K1899. Deception by disguise or illusion.,,K1810. Deception by disguise.,K1837. Disguise of woman in man's clothes. (Cf. K1825.),Deceptions,Deception through shams,Deception by disguise or illusion,,Deception by disguise
1311,1517,ATU 879 The Basil Maiden,K525.1. Substituted object left in bed while intended victim escapes.,879,K525.1,Substituted object left in bed while intended victim escapes.,K. Deceptions.,K500–K699. Escape by deception.,,,"K520. Death escaped through disguise, shamming, or substitution.",K525.1. Substituted object left in bed while intended victim escapes.,Deceptions,Escape by deception,,,"Death escaped through disguise, shamming, or substitution"
1312,1518,ATU 880 The Man Boasts of his Wife,K1837. Disguise of woman in man's clothes,880,K1837,Disguise of woman in man's clothes,K. Deceptions.,K1700–K2099. Deception through shams.,K1800–K1899. Deception by disguise or illusion.,,K1810. Deception by disguise.,K1837. Disguise of woman in man's clothes. (Cf. K1825.),Deceptions,Deception through shams,Deception by disguise or illusion,,Deception by disguise
1313,1519,ATU 880 The Man Boasts of his Wife,R152.1. Disguised wife helps husband escape from prison,880,R152.1,Disguised wife helps husband escape from prison,R. Captives and fugitives.,R100–R199. Rescues.,,,R150. Rescuers.,R152.1. Disguised wife helps husband escape from prison. (Cf. R121.),Captives and fugitives,Rescues,,,Rescuers
1314,1520,ATU 881 Oft-proved Fidility,K2112. Woman slandered as adulteress (prostitute).,881,K2112,Woman slandered as adulteress (prostitute).,K. Deceptions.,K2100–K2199. False accusations.,,,K2110. Slanders.,"K2112. Woman slandered as adulteress (prostitute). (Usually by unsuccessful suitor.) (Crescentia, Genoveva, Susanna.)",Deceptions,False accusations,,,Slanders
1315,1521,ATU 881 Oft-proved Fidility,T320.1. Oft-proved fidelity,881,T320.1,Oft-proved fidelity,T. Sex.,T300–T399. Chastity and celibacy.,,,T320. Escape from undesired lover.,T320.1. Oft-proved fidelity. Repeated attempts to seduce innocent woman. She escapes them all.,Sex,Chastity and celibacy,,,Escape from undesired lover
1316,1522,ATU 881 Oft-proved Fidility,K1837. Disguise of woman in man's clothes,881,K1837,Disguise of woman in man's clothes,K. Deceptions.,K1700–K2099. Deception through shams.,K1800–K1899. Deception by disguise or illusion.,,K1810. Deception by disguise.,K1837. Disguise of woman in man's clothes. (Cf. K1825.),Deceptions,Deception through shams,Deception by disguise or illusion,,Deception by disguise
1317,1523,ATU 881 Oft-proved Fidility,H21. Recognition through picture.,881,H21,Recognition through picture.,H. Tests.,H0–H199. Identity tests: Recognition.,,,H20. Recognition by resemblance.,H21. Recognition through picture. Picture is publicly displayed and brings about recognition of lost person.,Tests,Identity tests: Recognition,,,Recognition by resemblance
1318,1525,ATU 882 The wager on the wife's chastity (Cymbeline),N15. Chastity wager.,882,N15,Chastity wager.,N. Chance and fate.,N0–N99. Wagers and gambling.,,,"N10. Wagers on wives, husbands, or servants.","N15. Chastity wager. A man makes a wager on his wife's chastity. In spite of unsuccessful attempts to seduce her and of false proofs presented, he wins the wager.",Chance and fate,Wagers and gambling,,,"Wagers on wives, husbands, or servants"
1319,1526,ATU 882 The wager on the wife's chastity (Cymbeline),K1342. Entrance into woman's (man's) room by hiding in chest,882,K1342,Entrance into woman's (man's) room by hiding in chest,K. Deceptions.,K1300–K1399. Seduction or deceptive marriage.,,,K1340. Entrance into girl's (man's) room (bed) by trick.,K1342. Entrance into woman's (man's) room by hiding in chest.,Deceptions,Seduction or deceptive marriage,,,Entrance into girl's (man's) room (bed) by trick
1320,1527,ATU 882 The wager on the wife's chastity (Cymbeline),H94. Identification by ring,882,H94,Identification by ring,H. Tests.,H0–H199. Identity tests: Recognition.,H80–H149. Identification by tokens.,,H90. Identification by ornaments.,H94. Identification by ring.,Tests,Identity tests: Recognition,Identification by tokens,,Identification by ornaments
1321,1528,ATU 882 The wager on the wife's chastity (Cymbeline),K2112.1. False tokens of woman's unfaithfulness.,882,K2112.1,False tokens of woman's unfaithfulness.,K. Deceptions.,K2100–K2199. False accusations.,,,K2110. Slanders.,"K2112.1. False tokens of woman's unfaithfulness. Tokens are stolen from the woman, or her secret markings are seen by treachery.",Deceptions,False accusations,,,Slanders
1322,1529,ATU 882 The wager on the wife's chastity (Cymbeline),K1837. Disguise of woman in man's clothes.,882,K1837,Disguise of woman in man's clothes.,K. Deceptions.,K1700–K2099. Deception through shams.,K1800–K1899. Deception by disguise or illusion.,,K1810. Deception by disguise.,K1837. Disguise of woman in man's clothes. (Cf. K1825.),Deceptions,Deception through shams,Deception by disguise or illusion,,Deception by disguise
1323,1530,ATU 883A Innocent Slandered Maiden,T320.1. Oft-proved fidelity.,883A,T320.1,Oft-proved fidelity.,T. Sex.,T300–T399. Chastity and celibacy.,,,T320. Escape from undesired lover.,T320.1. Oft-proved fidelity. Repeated attempts to seduce innocent woman. She escapes them all.,Sex,Chastity and celibacy,,,Escape from undesired lover
1324,1531,ATU 883A Innocent Slandered Maiden,K2110.1. Calumniated wife,883A,K2110.1,Calumniated wife,K. Deceptions.,K2100–K2199. False accusations.,,,K2110. Slanders.,K2110.1. Calumniated wife.,Deceptions,False accusations,,,Slanders
1325,1532,ATU 883A Innocent Slandered Maiden,K2112. Woman slandered as adulteress (prostitute).,883A,K2112,Woman slandered as adulteress (prostitute).,K. Deceptions.,K2100–K2199. False accusations.,,,K2110. Slanders.,"K2112. Woman slandered as adulteress (prostitute). (Usually by unsuccessful suitor.) (Crescentia, Genoveva, Susanna.)",Deceptions,False accusations,,,Slanders
1326,1533,ATU 883A Innocent Slandered Maiden,S322.1.3. Father condemns daughter to death because he believes her unchaste.,883A,S322.1.3,Father condemns daughter to death because he believes her unchaste.,S. Unnatural cruelty.,S300–S399. Abandoned or murdered children.,,,S310. Reasons for abandonment of children.,S322.1.3. Father condemns daughter to death because he believes her unchaste.,Unnatural cruelty,Abandoned or murdered children,,,Reasons for abandonment of children
1327,1534,ATU 883A Innocent Slandered Maiden,K512.2. Compassionate executioner: substituted heart.,883A,K512.2,Compassionate executioner: substituted heart.,K. Deceptions.,K500–K699. Escape by deception.,,,K510. Death order evaded.,"K512.2. Compassionate executioner: substituted heart. A servant charged with killing the hero (heroine) substitutes an animal, whose heart he takes to his master as proof of the execution.",Deceptions,Escape by deception,,,Death order evaded
1328,1535,ATU 883A Innocent Slandered Maiden,L162. Lowly heroine marries prince (king).,883A,L162,Lowly heroine marries prince (king).,L. Reversal of fortune.,L100–L199. Unpromising hero (heroine).,,,L160. Success of the unpromising hero (heroine).,L162. Lowly heroine marries prince (king).,Reversal of fortune,Unpromising hero (heroine),,,Success of the unpromising hero (heroine)
1329,1536,ATU 883A Innocent Slandered Maiden,K2250.1. Treacherous servant,883A,K2250.1,Treacherous servant,K. Deceptions.,K2200–K2299. Villains and traitors.,,,K2250. Treacherous servants and workmen.,K2250.1. Treacherous servant.,Deceptions,Villains and traitors,,,Treacherous servants and workmen
1330,1537,ATU 883A Innocent Slandered Maiden,T320. Escape from undesired lover.,883A,T320,Escape from undesired lover.,T. Sex.,T300–T399. Chastity and celibacy.,,,T320. Escape from undesired lover.,T320. Escape from undesired lover.,Sex,Chastity and celibacy,,,Escape from undesired lover
1331,1538,ATU 884 The forgotten fiancee: Service as a Menial,K1837. Disguise of woman in man's clothes.,884,K1837,Disguise of woman in man's clothes.,K. Deceptions.,K1700–K2099. Deception through shams.,K1800–K1899. Deception by disguise or illusion.,,K1810. Deception by disguise.,K1837. Disguise of woman in man's clothes. (Cf. K1825.),Deceptions,Deception through shams,Deception by disguise or illusion,,Deception by disguise
1332,1539,ATU 884 The forgotten fiancee: Service as a Menial,H1578.1. Test of sex of girl masking as man.,884,H1578.1,Test of sex of girl masking as man.,H. Tests.,H1400–H1599. Other tests.,H1570–H1599. Miscellaneous tests.,,H1570. Miscellaneous tests.,H1578.1. Test of sex of girl masking as man.,Tests,Other tests,Miscellaneous tests,,Miscellaneous tests
1333,1540,ATU 884 The forgotten fiancee: Service as a Menial,T84. Lovers treacherously separated.,884,T84,Lovers treacherously separated.,T. Sex.,T0–T99. Love.,,,T80. Tragic love.,T84. Lovers treacherously separated.,Sex,Love,,,Tragic love
1334,1541,ATU 884 The forgotten fiancee: Service as a Menial,T165.4. Bride and groom separated on wedding night.,884,T165.4,Bride and groom separated on wedding night.,T. Sex.,T100–T199. Marriage.,,,T160. Consummation of marriage.,T165.4. Bride and groom separated on wedding night.,Sex,Marriage,,,Consummation of marriage
1335,1542,ATU 884 The forgotten fiancee: Service as a Menial,N681.1. Wife finds lost husband just as he is to marry another.,884,N681.1,Wife finds lost husband just as he is to marry another.,N. Chance and fate.,N400–N699. Lucky accidents.,N600–N699. Other lucky accidents.,,N680. Lucky accidents – miscellaneous.,N681.1. Wife finds lost husband just as he is to marry another.,Chance and fate,Lucky accidents,Other lucky accidents,,Lucky accidents – miscellaneous
1336,1543,ATU 884 The forgotten fiancee: Service as a Menial,K1816.0.2. Girl in menial disguise at lover's court.,884,K1816.0.2,Girl in menial disguise at lover's court.,K. Deceptions.,K1700–K2099. Deception through shams.,K1800–K1899. Deception by disguise or illusion.,,K1810. Deception by disguise.,K1816.0.2. Girl in menial disguise at lover's court.,Deceptions,Deception through shams,Deception by disguise or illusion,,Deception by disguise
1337,1544,ATU 884 The forgotten fiancee: Service as a Menial,D2003. Forgotten fiancée,884,D2003,Forgotten fiancée,D. Magic.,D1700–D2199. Magic powers and manifestations.,D1800–D2199. Manifestations of magic power.,D1950–D2049. Temporary magic characteristics.,D2000. Magic forgetfulness.,D2003. Forgotten fiancée. Young husband visiting his home breaks tabu and forgets his wife. Later she succeeds in reawakening his memory. (For details of the ways in which the memory is lost and regained see D2004 and D2006.,Magic,Magic powers and manifestations,Manifestations of magic power,Temporary magic characteristics,Magic forgetfulness
1338,1545,ATU 887 Griselda,H461. Test of wife's patience.,887,H461,Test of wife's patience.,H. Tests.,H300–H499. Marriage tests.,,,H460. Wife tests.,H461. Test of wife's patience. Griselda. Children stolen and attendance at wedding to another demanded.,Tests,Marriage tests,,,Wife tests
1339,1546,ATU 888 The Faithful Wife,R61. Person sold into slavery.,888,R61,Person sold into slavery.,R. Captives and fugitives.,R0–R99. Captivity.,,,R50. Conditions of captivity.,R61. Person sold into slavery.,Captives and fugitives,Captivity,,,Conditions of captivity
1340,1547,ATU 888 The Faithful Wife,H431.1. Shirt as chastity index.,888,H431.1,Shirt as chastity index.,H. Tests.,H300–H499. Marriage tests.,H400–H459. Chasity tests.,,H430. Chastity index.,H431.1. Shirt as chastity index. Remains white as long as woman (man) is true (Cf. D1056.),Tests,Marriage tests,Chasity tests,,Chastity index
1341,1548,ATU 888 The Faithful Wife,T320.1. Oft-proved fidelity.,888,T320.1,Oft-proved fidelity.,T. Sex.,T300–T399. Chastity and celibacy.,,,T320. Escape from undesired lover.,T320.1. Oft-proved fidelity. Repeated attempts to seduce innocent woman. She escapes them all.,Sex,Chastity and celibacy,,,Escape from undesired lover
1342,1549,ATU 888 The Faithful Wife,K1837. Disguise of woman in man's clothes.,888,K1837,Disguise of woman in man's clothes.,K. Deceptions.,K1700–K2099. Deception through shams.,K1800–K1899. Deception by disguise or illusion.,,K1810. Deception by disguise.,K1837. Disguise of woman in man's clothes. (Cf. K1825.),Deceptions,Deception through shams,Deception by disguise or illusion,,Deception by disguise
1343,1550,ATU 888 The Faithful Wife,R152.1. Disguised wife helps husband escape from prison.,888,R152.1,Disguised wife helps husband escape from prison.,R. Captives and fugitives.,R100–R199. Rescues.,,,R150. Rescuers.,R152.1. Disguised wife helps husband escape from prison. (Cf. R121.),Captives and fugitives,Rescues,,,Rescuers
1344,1551,ATU 888A Wife Who Would Not be Beaten,M134. Prince vows to marry no woman unless he can beat her daily,888A,M134,Prince vows to marry no woman unless he can beat her daily,M. Ordaining the future.,M100–M199. Vows and oaths.,,,M130. Vows concerning sex.,M134. Prince vows to marry no woman unless he can beat her daily.,Ordaining the future,Vows and oaths,,,Vows concerning sex
1345,1552,ATU 888A Wife Who Would Not be Beaten,K1837. Disguise of woman in man's clothes.,888A,K1837,Disguise of woman in man's clothes.,K. Deceptions.,K1700–K2099. Deception through shams.,K1800–K1899. Deception by disguise or illusion.,,K1810. Deception by disguise.,K1837. Disguise of woman in man's clothes. (Cf. K1825.),Deceptions,Deception through shams,Deception by disguise or illusion,,Deception by disguise
1346,1553,ATU 888A Wife Who Would Not be Beaten,J1545.6. Wife by cleverness wins back fortune overbearing husband has foolishly lost and humbles him.,888A,J1545.6,Wife by cleverness wins back fortune overbearing husband has foolishly lost and humbles him.,J. The wise and the foolish.,J1100–J1699. Cleverness.,J1500–J1649. Clever practical retorts.,,J1540. Retorts between husband and wife.,J1545.6. Wife by cleverness wins back fortune overbearing husband has foolishly lost and humbles him.,The wise and the foolish,Cleverness,Clever practical retorts,,Retorts between husband and wife
1347,1554,ATU 888A Wife Who Would Not be Beaten,H80. Identification by tokens.,888A,H80,Identification by tokens.,H. Tests.,H0–H199. Identity tests: Recognition.,H80–H149. Identification by tokens.,,H80. Identification by tokens.,H80. Identification by tokens.,Tests,Identity tests: Recognition,Identification by tokens,,Identification by tokens
1348,1555,ATU 889 Wager on the Faithfulness of the Servant,N25. Wager on truthfulness of servant.,889,N25,Wager on truthfulness of servant.,N. Chance and fate.,N0–N99. Wagers and gambling.,,,"N10. Wagers on wives, husbands, or servants.",N25. Wager on truthfulness of servant. The servant is sent to a neighbor's where he is made drunk and is seduced by the neighbor's wife. He tells the master all.,Chance and fate,Wagers and gambling,,,"Wagers on wives, husbands, or servants"
1349,1556,ATU 889 Wager on the Faithfulness of the Servant,J751.1. Truth the best policy.,889,J751.1,Truth the best policy.,J. The wise and the foolish.,J200–J1099. Wise and unwise conduct.,J600–J799. Forethought.,J750–J799. Forethought – miscellaneous.,J750. Forethought – miscellaneous.,J751.1. Truth the best policy. Servant about to be caught for theft rehearses the lie he is to tell his master. He finds lies so transparent that he decides to tell the truth.,The wise and the foolish,Wise and unwise conduct,Forethought,Forethought – miscellaneous,Forethought – miscellaneous
1350,1557,ATU 890 The Pound of Flesh,T52.3. Bride purchased for her weight in gold.,890,T52.3,Bride purchased for her weight in gold.,T. Sex.,T0–T99. Love.,,,T50. Wooing.,T52.3. Bride purchased for her weight in gold.,Sex,Love,,,Wooing
1351,1558,ATU 890 The Pound of Flesh,J1161.2. Pound of flesh.,890,J1161.2,Pound of flesh.,J. The wise and the foolish.,J1100–J1699. Cleverness.,J1100–J1249. Clever persons and acts.,J1130–J1199. Cleverness in the law court.,J1160. Clever pleading.,"J1161.2. Pound of flesh. (Fleischpfand.) Literal pleading frees man from pound of flesh contract. Contract does not give the right to shed blood. Impossible, therefore, to carry out.",The wise and the foolish,Cleverness,Clever persons and acts,Cleverness in the law court,Clever pleading
1352,1559,ATU 890 The Pound of Flesh,K443.2. Clever wife gets money from those who attempt to seduce her.,890,K443.2,Clever wife gets money from those who attempt to seduce her.,K. Deceptions.,K300–K499. Thefts and cheats.,K440–K499. Other cheats.,,K440. Other cheats.,K443.2. Clever wife gets money from those who attempt to seduce her. Payment for keeping silence.,Deceptions,Thefts and cheats,Other cheats,,Other cheats
1353,1560,ATU 890 The Pound of Flesh,K1825.2. Woman masks as lawyer (judge) and frees her husband.,890,K1825.2,Woman masks as lawyer (judge) and frees her husband.,K. Deceptions.,K1700–K2099. Deception through shams.,K1800–K1899. Deception by disguise or illusion.,,K1810. Deception by disguise.,K1825.2. Woman masks as lawyer (judge) and frees her husband.,Deceptions,Deception through shams,Deception by disguise or illusion,,Deception by disguise
1354,1561,ATU 891 The Man Who Deserts his Wife,H1187. Task left by departing husband for virgin wife to accomplish: have a son whose real mother she is and whose real father he is.,891,H1187,Task left by departing husband for virgin wife to accomplish: have a son whose real mother she is and whose real father he is.,H. Tests.,H900–H1199. Tests of prowess: tasks.,H1000–H1199. Nature of tasks.,,H1180. Miscellaneous tasks.,H1187. Task left by departing husband for virgin wife to accomplish: have a son whose real mother she is and whose real father he is. She accomplishes this by disguising as a girl.,Tests,Tests of prowess: tasks,Nature of tasks,,Miscellaneous tasks
1355,1562,ATU 891 The Man Who Deserts his Wife,K1814. Woman in disguise wooed by her faithless husband.,891,K1814,Woman in disguise wooed by her faithless husband.,K. Deceptions.,K1700–K2099. Deception through shams.,K1800–K1899. Deception by disguise or illusion.,,K1810. Deception by disguise.,K1814. Woman in disguise wooed by her faithless husband.,Deceptions,Deception through shams,Deception by disguise or illusion,,Deception by disguise
1356,1563,ATU 891A Crystal Palace,M372. Confinement in tower to avoid fulfillment of prophecy.,891A,M372,Confinement in tower to avoid fulfillment of prophecy.,M. Ordaining the future.,M300–M399. Prophecies.,,,M370. Vain attempts to escape fulfillment of prophecy.,M372. Confinement in tower to avoid fulfillment of prophecy.,Ordaining the future,Prophecies,,,Vain attempts to escape fulfillment of prophecy
1357,1564,ATU 891A Crystal Palace,R41.2. Captivity in tower,891A,R41.2,Captivity in tower,R. Captives and fugitives.,R0–R99. Captivity.,,,R40. Places of captivity.,R41.2. Captivity in tower.,Captives and fugitives,Captivity,,,Places of captivity
1358,1565,ATU 891A Crystal Palace,"T381. Imprisoned virgin to prevent knowledge of men (marriage, impregnation).",891A,T381,"Imprisoned virgin to prevent knowledge of men (marriage, impregnation).",T. Sex.,T300–T399. Chastity and celibacy.,,,T360. Chastity and celibacy – miscellaneous.,"T381. Imprisoned virgin to prevent knowledge of men (marriage, impregnation). Usually kept in a tower. (Danaë.)",Sex,Chastity and celibacy,,,Chastity and celibacy – miscellaneous
1359,1566,ATU 891A Crystal Palace,K1837. Disguise of woman in man's clothes.,891A,K1837,Disguise of woman in man's clothes.,K. Deceptions.,K1700–K2099. Deception through shams.,K1800–K1899. Deception by disguise or illusion.,,K1810. Deception by disguise.,K1837. Disguise of woman in man's clothes. (Cf. K1825.),Deceptions,Deception through shams,Deception by disguise or illusion,,Deception by disguise
1360,1568,ATU 892 The children of the king,K2112.1. False tokens of woman's unfaithfulness.,892,K2112.1,False tokens of woman's unfaithfulness.,K. Deceptions.,K2100–K2199. False accusations.,,,K2110. Slanders.,"K2112.1. False tokens of woman's unfaithfulness. Tokens are stolen from the woman, or her secret markings are seen by treachery.",Deceptions,False accusations,,,Slanders
1361,1569,ATU 892 The children of the king,Q261. Treachery punished,892,Q261,Treachery punished,Q. Rewards and punishments.,Q200–Q399. Deeds punished.,,,Q260. Deceptions punished.,"Q261. Treachery punished. (Cf. Q413.8, Q414.0.5, Q414.0.6.1, Q417.2, Q423, Q431.2, Q431.10, Q433.7, Q451.1.3, Q451.4.4, Q451.5.4, Q469.7.1, Q552.1.5, Q581.0.1.)",Rewards and punishments,Deeds punished,,,Deceptions punished
1362,1570,ATU 893 The Unreliable Friends.,H1558.1. Test of friendship: the half-friend.,893,H1558.1,Test of friendship: the half-friend.,H. Tests.,H1400–H1599. Other tests.,H1550–H1569. Tests of character.,,H1550. Tests of character.,H1558.1. Test of friendship: the half-friend. A man kills a hog and tells his friends that he has killed a man and asks where he can hide the body. All of them drive him away and only his father's half-friend remains true to him in his feigned trouble.,Tests,Other tests,Tests of character,,Tests of character
1363,1571,ATU 893 The Unreliable Friends.,R169.6. Youth saved from death sentence by father's friend,893,R169.6,Youth saved from death sentence by father's friend,R. Captives and fugitives.,R100–R199. Rescues.,,,R150. Rescuers.,R169.6. Youth saved from death sentence by father's friend.,Captives and fugitives,Rescues,,,Rescuers
1364,1572,ATU 894 Ghoulish Schoolmaster and the Stone of Pity,G11.9. Ogre schoolmaster.,894,G11.9,Ogre schoolmaster.,G. Ogres.,G10–G399. Kinds of ogres.,G10–G99. Cannibals and cannibalism.,G10–G49. Regular cannibalism.,G10. Cannibalism.,G11.9. Ogre schoolmaster. Girl sees schoolmaster eat human flesh. Refuses to tell him what she saw. He persecutes her.,Ogres,Kinds of ogres,Cannibals and cannibalism,Regular cannibalism,Cannibalism
1365,1573,ATU 894 Ghoulish Schoolmaster and the Stone of Pity,K2155.1. Blood smeared on innocent person brings accusation of murder.,894,K2155.1,Blood smeared on innocent person brings accusation of murder.,K. Deceptions.,K2100–K2199. False accusations.,,,K2150. Innocent made to appear guilty.,K2155.1. Blood smeared on innocent person brings accusation of murder.,Deceptions,False accusations,,,Innocent made to appear guilty
1366,1574,ATU 894 Ghoulish Schoolmaster and the Stone of Pity,H13.2.2. Recognition by overheard conversation with stone.,894,H13.2.2,Recognition by overheard conversation with stone.,H. Tests.,H0–H199. Identity tests: Recognition.,,,H10. Recognition through common knowledge.,H13.2.2. Recognition by overheard conversation with stone.,Tests,Identity tests: Recognition,,,Recognition through common knowledge
1367,1575,ATU 897 Orphan Girl and Her Cruel Sister-in-Law,H934.2. Sisters-in-law impose tasks.,897,H934.2,Sisters-in-law impose tasks.,H. Tests.,H900–H1199. Tests of prowess: tasks.,H900–H999. Assignment and performance of tasks.,H900–H949. Assignment of tasks.,H920. Assigners of tasks.,H934.2. Sisters-in-law impose tasks.,Tests,Tests of prowess: tasks,Assignment and performance of tasks,Assignment of tasks,Assigners of tasks
1368,1576,ATU 897 Orphan Girl and Her Cruel Sister-in-Law,H1023.19. Task: bringing bundle of faggots without rope to tie them.,897,H1023.19,Task: bringing bundle of faggots without rope to tie them.,H. Tests.,H900–H1199. Tests of prowess: tasks.,H1000–H1199. Nature of tasks.,H1010–H1049. Impossible or absurd tasks.,H1020. Tasks contrary to laws of nature.,H1023.19. Task: bringing bundle of faggots without rope to tie them. Helpful snake coils himself about them.,Tests,Tests of prowess: tasks,Nature of tasks,Impossible or absurd tasks,Tasks contrary to laws of nature
1369,1577,ATU 897 Orphan Girl and Her Cruel Sister-in-Law,B579.5. Serpent acts as a rope to collect wood for man.,897,B579.5,Serpent acts as a rope to collect wood for man.,B. Animals.,B300–B599. Friendly animals.,B500–B599. Services of helpful animals.,,B570. Animals serve men.,B579.5. Serpent acts as a rope to collect wood for man.,Animals,Friendly animals,Services of helpful animals,,Animals serve men
1370,1578,ATU 897 Orphan Girl and Her Cruel Sister-in-Law,H1361.1. Quest for tiger's milk.,897,H1361.1,Quest for tiger's milk.,H. Tests.,H1200–H1399. Tests of prowess: quests.,H1250–H1399. Nature of quests.,,H1360. Quest for dangerous animals.,H1361.1. Quest for tiger's milk.,Tests,Tests of prowess: quests,Nature of quests,,Quest for dangerous animals
1371,1579,ATU 897 Orphan Girl and Her Cruel Sister-in-Law,H1023.2. Task: carrying water in a sieve.,897,H1023.2,Task: carrying water in a sieve.,H. Tests.,H900–H1199. Tests of prowess: tasks.,H1000–H1199. Nature of tasks.,H1010–H1049. Impossible or absurd tasks.,H1020. Tasks contrary to laws of nature.,H1023.2. Task: carrying water in a sieve.,Tests,Tests of prowess: tasks,Nature of tasks,Impossible or absurd tasks,Tasks contrary to laws of nature
1372,1580,ATU 897 Orphan Girl and Her Cruel Sister-in-Law,H1023.2.1.2. Task: carrying water in leaky vessel; frog sits in hole.,897,H1023.2.1.2,Task: carrying water in leaky vessel; frog sits in hole.,H. Tests.,H900–H1199. Tests of prowess: tasks.,H1000–H1199. Nature of tasks.,H1010–H1049. Impossible or absurd tasks.,H1020. Tasks contrary to laws of nature.,H1023.2.1.2. Task: carrying water in leaky vessel; frog sits in hole.,Tests,Tests of prowess: tasks,Nature of tasks,Impossible or absurd tasks,Tasks contrary to laws of nature
1373,1581,ATU 897 Orphan Girl and Her Cruel Sister-in-Law,H1091.2. Task: sorting grains; performed by helpful birds.,897,H1091.2,Task: sorting grains; performed by helpful birds.,H. Tests.,H900–H1199. Tests of prowess: tasks.,H1000–H1199. Nature of tasks.,,H1090. Tasks requiring miraculous speed.,H1091.2. Task: sorting grains; performed by helpful birds.,Tests,Tests of prowess: tasks,Nature of tasks,,Tasks requiring miraculous speed
1374,1582,ATU 898 The Daughter of the Sun,"T381. Imprisoned virgin to prevent knowledge of men (marriage, impregnation).",898,T381,"Imprisoned virgin to prevent knowledge of men (marriage, impregnation).",T. Sex.,T300–T399. Chastity and celibacy.,,,T360. Chastity and celibacy – miscellaneous.,"T381. Imprisoned virgin to prevent knowledge of men (marriage, impregnation). Usually kept in a tower. (Danaë.)",Sex,Chastity and celibacy,,,Chastity and celibacy – miscellaneous
1375,1583,ATU 898 The Daughter of the Sun,T521. Conception from sunlight.,898,T521,Conception from sunlight.,T. Sex.,T500–T599. Conception and birth.,,,T510. Miraculous conception.,T521. Conception from sunlight.,Sex,Conception and birth,,,Miraculous conception
1376,1584,ATU 898 The Daughter of the Sun,S313. Child of supernatural birth exposed.,898,S313,Child of supernatural birth exposed.,S. Unnatural cruelty.,S300–S399. Abandoned or murdered children.,,,S310. Reasons for abandonment of children.,S313. Child of supernatural birth exposed. (Cf. T520.),Unnatural cruelty,Abandoned or murdered children,,,Reasons for abandonment of children
1377,1585,ATU 898 The Daughter of the Sun,R131.11.3. Prince rescues abandoned child.,898,R131.11.3,Prince rescues abandoned child.,R. Captives and fugitives.,R100–R199. Rescues.,,,R130. Rescue of abandoned or lost persons.,R131.11.3. Prince rescues abandoned child.,Captives and fugitives,Rescues,,,Rescue of abandoned or lost persons
1378,1586,ATU 899 Alcestis,M341.1.1. Prophecy: death on wedding day.,899,M341.1.1,Prophecy: death on wedding day.,M. Ordaining the future.,M300–M399. Prophecies.,,,M340. Unfavorable prophecies.,M341.1.1. Prophecy: death on wedding day.,Ordaining the future,Prophecies,,,Unfavorable prophecies
1379,1587,ATU 899 Alcestis,T211.1. Wife dies so that husband's death may be postponed.,899,T211.1,Wife dies so that husband's death may be postponed.,T. Sex.,T200–T299. Married life.,,,T210. Faithfulness in marriage.,T211.1. Wife dies so that husband's death may be postponed.,Sex,Married life,,,Faithfulness in marriage
1380,1588,ATU 900 King Thrushbeard,H311. Inspection test for suitors.,900,H311,Inspection test for suitors.,H. Tests.,H300–H499. Marriage tests.,H310–H359. Suitor tests.,,H310. Suitor tests.,"H311. Inspection test for suitors. Suitors for princess's hand must present themselves for public inspection. (Cf. H362, T55.7.)",Tests,Marriage tests,Suitor tests,,Suitor tests
1381,1589,ATU 900 King Thrushbeard,T76. Princess calls her suitors ugly names.,900,T76,Princess calls her suitors ugly names.,T. Sex.,T0–T99. Love.,,,T70. The scorned lover.,T76. Princess calls her suitors ugly names.,Sex,Love,,,The scorned lover
1382,1590,ATU 900 King Thrushbeard,T62. Princess to marry first man who asks for her.,900,T62,Princess to marry first man who asks for her.,T. Sex.,T0–T99. Love.,,,T50. Wooing.,T62. Princess to marry first man who asks for her.,Sex,Love,,,Wooing
1383,1591,ATU 900 King Thrushbeard,K1816.0.3. Menial disguise of princess's lover.,900,K1816.0.3,Menial disguise of princess's lover.,K. Deceptions.,K1700–K2099. Deception through shams.,K1800–K1899. Deception by disguise or illusion.,,K1810. Deception by disguise.,K1816.0.3. Menial disguise of princess's lover.,Deceptions,Deception through shams,Deception by disguise or illusion,,Deception by disguise
1384,1592,ATU 900 King Thrushbeard,K1817.1. Disguise as beggar (pauper).,900,K1817.1,Disguise as beggar (pauper).,K. Deceptions.,K1700–K2099. Deception through shams.,K1800–K1899. Deception by disguise or illusion.,,K1810. Deception by disguise.,K1817.1. Disguise as beggar (pauper).,Deceptions,Deception through shams,Deception by disguise or illusion,,Deception by disguise
1385,1593,ATU 900 King Thrushbeard,T72.2.1. Prince marries scornful girl and punishes her.,900,T72.2.1,Prince marries scornful girl and punishes her.,T. Sex.,T0–T99. Love.,,,T70. The scorned lover.,T72.2.1. Prince marries scornful girl and punishes her.,Sex,Love,,,The scorned lover
1386,1594,ATU 900 King Thrushbeard,T45. Lover buys admission to woman's room.,900,T45,Lover buys admission to woman's room.,T. Sex.,T0–T99. Love.,,,T30. Lovers' meeting.,T45. Lover buys admission to woman's room.,Sex,Love,,,Lovers' meeting
1387,1595,ATU 900 King Thrushbeard,"K1361. Beggar buys right to sleep before the girl's door, at foot of bed, in the bed.",900,K1361,"Beggar buys right to sleep before the girl's door, at foot of bed, in the bed.",K. Deceptions.,K1300–K1399. Seduction or deceptive marriage.,,,K1350. Woman persuaded (or wooed) by trick.,"K1361. Beggar buys right to sleep before the girl's door, at foot of bed, in the bed. Usually with jewel.",Deceptions,Seduction or deceptive marriage,,,Woman persuaded (or wooed) by trick
1388,1596,ATU 900 King Thrushbeard,L113.1.0.1. Heroine endures hardships with menial husband.,900,L113.1.0.1,Heroine endures hardships with menial husband.,L. Reversal of fortune.,L100–L199. Unpromising hero (heroine).,,,L110. Types of unpromising heroes (heroines).,L113.1.0.1. Heroine endures hardships with menial husband. Rewarded by his success.,Reversal of fortune,Unpromising hero (heroine),,,Types of unpromising heroes (heroines)
1389,1597,ATU 900 King Thrushbeard,L431. Arrogant mistress repaid in kind by her lover.,900,L431,Arrogant mistress repaid in kind by her lover.,L. Reversal of fortune.,L400–L499. Pride brought low.,,,L430. Arrogance repaid.,L431. Arrogant mistress repaid in kind by her lover.,Reversal of fortune,Pride brought low,,,Arrogance repaid
1390,1598,ATU 900 King Thrushbeard,H461. Test of wife's patience.,900,H461,Test of wife's patience.,H. Tests.,H300–H499. Marriage tests.,,,H460. Wife tests.,H461. Test of wife's patience. Griselda. Children stolen and attendance at wedding to another demanded.,Tests,Marriage tests,,,Wife tests
1391,1599,ATU 900 King Thrushbeard,H465. Test of wife's endurance,900,H465,Test of wife's endurance,H. Tests.,H300–H499. Marriage tests.,,,H460. Wife tests.,H465. Test of wife's endurance. Haughty princess married to beggar and must endure poverty and menial work.,Tests,Marriage tests,,,Wife tests
1392,1600,ATU 900 King Thrushbeard,Q483. Princess must sell goods on market as punishment.,900,Q483,Princess must sell goods on market as punishment.,Q. Rewards and punishments.,Q400–Q599. Kinds of punishment.,,,Q470. Humiliating punishments.,Q483. Princess must sell goods on market as punishment.,Rewards and punishments,Kinds of punishment,,,Humiliating punishments
1393,1601,ATU 900 King Thrushbeard,H181. Recognition by unmasking.,900,H181,Recognition by unmasking.,H. Tests.,H0–H199. Identity tests: Recognition.,,,H150. Circumstances of recognition.,H181. Recognition by unmasking.,Tests,Identity tests: Recognition,,,Circumstances of recognition
1394,1602,ATU 901 Taming of the Shrew,L50. Victorious youngest daughter.,901,L50,Victorious youngest daughter.,L. Reversal of fortune.,L0–L99. Victorious youngest child.,,,L50. Victorious youngest daughter.,L50. Victorious youngest daughter.,Reversal of fortune,Victorious youngest child,,,Victorious youngest daughter
1395,1603,ATU 901 Taming of the Shrew,T251.2. Taming the shrew.,901,T251.2,Taming the shrew.,T. Sex.,T200–T299. Married life.,,,T250. Characteristics of wives and husbands.,T251.2. Taming the shrew. By outdoing his wife in shrewishness the husband renders her obedient.,Sex,Married life,,,Characteristics of wives and husbands
1396,1604,ATU 901 Taming of the Shrew,H386. Bride test: obedience.,901,H386,Bride test: obedience.,H. Tests.,H300–H499. Marriage tests.,H360–H399. Bride tests.,,H360. Bride test.,H386. Bride test: obedience.,Tests,Marriage tests,Bride tests,,Bride test
1397,1605,ATU 901 Taming of the Shrew,N12. Wager on the most obedient wife.,901,N12,Wager on the most obedient wife.,N. Chance and fate.,N0–N99. Wagers and gambling.,,,"N10. Wagers on wives, husbands, or servants.",N12. Wager on the most obedient wife. The husband tames his shrewish wife so that he wins the wager.,Chance and fate,Wagers and gambling,,,"Wagers on wives, husbands, or servants"
1398,1606,ATU 902* The Lazy Woman is Cured,Q495.1. Lazy wife taken naked in bundle of straw to a wedding.,902*,Q495.1,Lazy wife taken naked in bundle of straw to a wedding.,Q. Rewards and punishments.,Q400–Q599. Kinds of punishment.,,,Q470. Humiliating punishments.,Q495.1. Lazy wife taken naked in bundle of straw to a wedding. (Cf. Q321.),Rewards and punishments,Kinds of punishment,,,Humiliating punishments
1399,1607,ATU 902* The Lazy Woman is Cured,Q495. Punishment: unseemly exposure of body.,902*,Q495,Punishment: unseemly exposure of body.,Q. Rewards and punishments.,Q400–Q599. Kinds of punishment.,,,Q470. Humiliating punishments.,Q495. Punishment: unseemly exposure of body.,Rewards and punishments,Kinds of punishment,,,Humiliating punishments
1400,1608,ATU 910A Father's Precepts Disregarded,J154. Wise words of dying father.,910A,J154,Wise words of dying father.,J. The wise and the foolish.,J0–J199. Acquisition and possession of wisdom (knowledge).,,,J150. Other means of acquiring wisdom (knowledge).,J154. Wise words of dying father. Counsel proved wise by experience.,The wise and the foolish,Acquisition and possession of wisdom (knowledge),,,Other means of acquiring wisdom (knowledge)
1401,1609,ATU 910A Father's Precepts Disregarded,"J21.22. ""Do not tell a secret to a woman""",910A,J21.22,Do not tell a secret to a woman,J. The wise and the foolish.,J0–J199. Acquisition and possession of wisdom (knowledge).,,,J10. Wisdom (knowledge) acquired from experience.,"J21.22. ""Do not tell a secret to a woman"": counsel proved wise by experience.",The wise and the foolish,Acquisition and possession of wisdom (knowledge),,,Wisdom (knowledge) acquired from experience
1402,1610,ATU 910A Father's Precepts Disregarded,"J21.46. ""Do not make friends with a policeman (soldier)""",910A,J21.46,Do not make friends with a policeman (soldier),J. The wise and the foolish.,J0–J199. Acquisition and possession of wisdom (knowledge).,,,J10. Wisdom (knowledge) acquired from experience.,"J21.46. ""Do not make friends with a policeman (soldier)"": counsel proved wise by experience.",The wise and the foolish,Acquisition and possession of wisdom (knowledge),,,Wisdom (knowledge) acquired from experience
1403,1611,ATU 910A Father's Precepts Disregarded,"J21.28. ""Do not trust a ruler who rules by reason alone""",910A,J21.28,Do not trust a ruler who rules by reason alone,J. The wise and the foolish.,J0–J199. Acquisition and possession of wisdom (knowledge).,,,J10. Wisdom (knowledge) acquired from experience.,"J21.28. ""Do not trust a ruler who rules by reason alone"": counsel proved wise by experience.",The wise and the foolish,Acquisition and possession of wisdom (knowledge),,,Wisdom (knowledge) acquired from experience
1404,1612,ATU 910A Father's Precepts Disregarded,"J21.27. ""Do not adopt a child"":",910A,J21.27,"""Do not adopt a child"":",J. The wise and the foolish.,J0–J199. Acquisition and possession of wisdom (knowledge).,,,J10. Wisdom (knowledge) acquired from experience.,"J21.27. ""Do not adopt a child"": counsel proved wise by experience.",The wise and the foolish,Acquisition and possession of wisdom (knowledge),,,Wisdom (knowledge) acquired from experience
1405,1613,ATU 910A Father's Precepts Disregarded,"J21.9. ""Do not visit your friends often""",910A,J21.9,Do not visit your friends often,J. The wise and the foolish.,J0–J199. Acquisition and possession of wisdom (knowledge).,,,J10. Wisdom (knowledge) acquired from experience.,"J21.9. ""Do not visit your friends often"": counsel proved wise by experience. At last the man is treated shamefully.",The wise and the foolish,Acquisition and possession of wisdom (knowledge),,,Wisdom (knowledge) acquired from experience
1406,1614,ATU 910A Father's Precepts Disregarded,"21.4. ""Do not marry a girl from abroad"":",910A,J21.4,Do not marry a girl from abroad,J. The wise and the foolish.,J0–J199. Acquisition and possession of wisdom (knowledge).,,,J10. Wisdom (knowledge) acquired from experience.,"J21.4. ""Do not marry a girl from abroad"": counsel proved wise by experience.",The wise and the foolish,Acquisition and possession of wisdom (knowledge),,,Wisdom (knowledge) acquired from experience
1407,1615,ATU 910A Father's Precepts Disregarded,"J21.47.1. ""Do not send your wife for a long visit to her parents""",910A,J21.47.1,Do not send your wife for a long visit to her parents,J. The wise and the foolish.,J0–J199. Acquisition and possession of wisdom (knowledge).,,,J10. Wisdom (knowledge) acquired from experience.,"J21.47.1. ""Do not send your wife for a long visit to her parents"": counsel proved wise by experience.",The wise and the foolish,Acquisition and possession of wisdom (knowledge),,,Wisdom (knowledge) acquired from experience
1408,1616,ATU 910A Father's Precepts Disregarded,"J21.26. ""Don't be too greedy in making a trade""",910A,J21.26,Don't be too greedy in making a trade,J. The wise and the foolish.,J0–J199. Acquisition and possession of wisdom (knowledge).,,,J10. Wisdom (knowledge) acquired from experience.,"J21.26. ""Don't be too greedy in making a trade"": counsel proved wise by experience. Man refuses fifty ducats for horse. Horse suddenly dies.",The wise and the foolish,Acquisition and possession of wisdom (knowledge),,,Wisdom (knowledge) acquired from experience
1409,1617,ATU 910A Father's Precepts Disregarded,"J21.24. ""Do not make a horse run down hill"":",910A,J21.24,"""Do not make a horse run down hill"":",J. The wise and the foolish.,J0–J199. Acquisition and possession of wisdom (knowledge).,,,J10. Wisdom (knowledge) acquired from experience.,"J21.24. ""Do not make a horse run down hill"": counsel proved wise by experience. Horse breaks its neck.",The wise and the foolish,Acquisition and possession of wisdom (knowledge),,,Wisdom (knowledge) acquired from experience
1410,1618,ATU 910A Father's Precepts Disregarded,"J21.10. ""Do not lend out your horse""",910A,J21.10,Do not lend out your horse,J. The wise and the foolish.,J0–J199. Acquisition and possession of wisdom (knowledge).,,,J10. Wisdom (knowledge) acquired from experience.,"J21.10. ""Do not lend out your horse"": counsel proved wise by experience.",The wise and the foolish,Acquisition and possession of wisdom (knowledge),,,Wisdom (knowledge) acquired from experience
1411,1619,ATU 910B Observance of the Master's Precepts,"J21.5. ""Do not leave the highway""",910B,J21.5,Do not leave the highway,J. The wise and the foolish.,J0–J199. Acquisition and possession of wisdom (knowledge).,,,J10. Wisdom (knowledge) acquired from experience.,"J21.5. ""Do not leave the highway"": counsel proved wise by experience. Robbers encountered.",The wise and the foolish,Acquisition and possession of wisdom (knowledge),,,Wisdom (knowledge) acquired from experience
1412,1620,ATU 910B Observance of the Master's Precepts,"J21.6. ""Do not ask questions about extraordinary things""",910B,J21.6,Do not ask questions about extraordinary things,J. The wise and the foolish.,J0–J199. Acquisition and possession of wisdom (knowledge).,,,J10. Wisdom (knowledge) acquired from experience.,"J21.6. ""Do not ask questions about extraordinary things"": counsel proved wise by experience. Those who ask question killed.",The wise and the foolish,Acquisition and possession of wisdom (knowledge),,,Wisdom (knowledge) acquired from experience
1413,1621,ATU 910B Observance of the Master's Precepts,"J21.3. ""Do not go where an old man has a young wife""",910B,J21.3,Do not go where an old man has a young wife,J. The wise and the foolish.,J0–J199. Acquisition and possession of wisdom (knowledge).,,,J10. Wisdom (knowledge) acquired from experience.,"J21.3. ""Do not go where an old man has a young wife"": counsel proved wise by experience. Discovers a murder in an inn.",The wise and the foolish,Acquisition and possession of wisdom (knowledge),,,Wisdom (knowledge) acquired from experience
1414,1622,ATU 910B Observance of the Master's Precepts,"J21.2. ""Do not act when angry""",910B,J21.2,Do not act when angry,J. The wise and the foolish.,J0–J199. Acquisition and possession of wisdom (knowledge).,,,J10. Wisdom (knowledge) acquired from experience.,"J21.2. ""Do not act when angry"": counsel proved wise by experience. Man returns home and sees someone sleeping with his wife. Though he thinks it is a paramour, he restrains himself and finds that it is a newborn son.",The wise and the foolish,Acquisition and possession of wisdom (knowledge),,,Wisdom (knowledge) acquired from experience
1415,1623,ATU 910B Observance of the Master's Precepts,J1655.2. Valuable rubies baked in bread.,910B,J1655.2,Valuable rubies baked in bread.,J. The wise and the foolish.,J1100–J1699. Cleverness.,J1650–J1699. Miscellaneous clever acts.,,J1650. Miscellaneous clever acts.,J1655.2. Valuable rubies baked in bread.,The wise and the foolish,Cleverness,Miscellaneous clever acts,,Miscellaneous clever acts
1416,1624,ATU 910B Observance of the Master's Precepts,C320. Tabu: looking into certain receptacle.,910B,C320,Tabu: looking into certain receptacle.,C. Tabu.,C300–C399. Looking tabu.,,,C320. Tabu: looking into certain receptacle.,C320. Tabu: looking into certain receptacle.,Tabu,Looking tabu,,,Tabu: looking into certain receptacle
1417,1625,ATU 910B Observance of the Master's Precepts,J865. Consolation by thinking of some good aspect of a situation.,910B,J865,Consolation by thinking of some good aspect of a situation.,J. The wise and the foolish.,J200–J1099. Wise and unwise conduct.,J850–J899. Consolation in misfortune.,,J860. Consolation by a trifle.,J865. Consolation by thinking of some good aspect of a situation.,The wise and the foolish,Wise and unwise conduct,Consolation in misfortune,,Consolation by a trifle
1418,1626,ATU 910B Observance of the Master's Precepts,D758. Disenchantment by maintaining silence.,910B,D758,Disenchantment by maintaining silence.,D. Magic.,D700–D799. Disenchantment.,,,D750. Disenchantment by faithfulness of others.,D758. Disenchantment by maintaining silence.,Magic,Disenchantment,,,Disenchantment by faithfulness of others
1419,1627,ATU 910B Observance of the Master's Precepts,K2213.3. Faithless wife plots with paramour against husband's life.,910B,K2213.3,Faithless wife plots with paramour against husband's life.,K. Deceptions.,K2200–K2299. Villains and traitors.,,,K2210. Treacherous relatives.,K2213.3. Faithless wife plots with paramour against husband's life. (Cf. K2213.5.),Deceptions,Villains and traitors,,,Treacherous relatives
1420,1628,ATU 910B Observance of the Master's Precepts,K2155. Evidence of crime left so that dupe is blamed.,910B,K2155,Evidence of crime left so that dupe is blamed.,K. Deceptions.,K2100–K2199. False accusations.,,,K2150. Innocent made to appear guilty.,K2155. Evidence of crime left so that dupe is blamed.,Deceptions,False accusations,,,Innocent made to appear guilty
1421,1629,ATU 910B Observance of the Master's Precepts,J571. Avoid hasty judgment.,910B,J571,Avoid hasty judgment.,J. The wise and the foolish.,J200–J1099. Wise and unwise conduct.,J500–J599. Prudence and Discretion.,,J570. Wisdom of deliberation.,J571. Avoid hasty judgment.,The wise and the foolish,Wise and unwise conduct,Prudence and Discretion,,Wisdom of deliberation
1422,1630,ATU 910B Observance of the Master's Precepts,Q20.2. Fulfillment of precepts rewarded.,910B,Q20.2,Fulfillment of precepts rewarded.,Q. Rewards and punishments.,Q10–Q99. Deeds rewarded.,,,Q20. Piety rewarded.,Q20.2. Fulfillment of precepts rewarded.,Rewards and punishments,Deeds rewarded,,,Piety rewarded
1423,1631,ATU 910C Think Carefully Before You Begin a Task,"J21.1. ""Consider the end""",910C,J21.1,Consider the end,J. The wise and the foolish.,J0–J199. Acquisition and possession of wisdom (knowledge).,,,J10. Wisdom (knowledge) acquired from experience.,"J21.1. ""Consider the end"": counsel proved wise by experience. Barber hired to cut king's throat sees on the bottom of the basin the words ""Whatever you do, do wisely and think of the consequences."" He drops the razor and confesses.",The wise and the foolish,Acquisition and possession of wisdom (knowledge),,,Wisdom (knowledge) acquired from experience
1424,1632,ATU 910D Treasure Behind the Nail,"J21.15. ""If you wish to hang yourself, do so by the stone which I point out""",910D,J21.15,"If you wish to hang yourself, do so by the stone which I point out",J. The wise and the foolish.,J0–J199. Acquisition and possession of wisdom (knowledge).,,,J10. Wisdom (knowledge) acquired from experience.,"J21.15. ""If you wish to hang yourself, do so by the stone which I point out"": counsel proved wise by experience. Father has left money which will fall out when the spendthrift son goes to hang himself in despair. ""The Heir of Linne.""",The wise and the foolish,Acquisition and possession of wisdom (knowledge),,,Wisdom (knowledge) acquired from experience
1425,1633,ATU 910D Treasure Behind the Nail,N545.1. Man in despair preparing to hang himself finds treasure in the tree (beam).,910D,N545.1,Man in despair preparing to hang himself finds treasure in the tree (beam).,N. Chance and fate.,N400–N699. Lucky accidents.,N500–N599. Treasure trove.,,N530. Discovery of treasure.,N545.1. Man in despair preparing to hang himself finds treasure in the tree (beam).,Chance and fate,Lucky accidents,Treasure trove,,Discovery of treasure
1426,1634,"ATU 910E ""Find the Treasure in Our Vineyard""",H588.7. Father's counsel: find treasure within a foot of the ground.,910E,H588.7,Father's counsel: find treasure within a foot of the ground.,H. Tests.,H500–H899. Tests of cleverness.,H530–H899. Riddles.,,H580. Enigmatic statements.,"H588.7. Father's counsel: find treasure within a foot of the ground. (Sons dig everywhere and thus loosen soil of vineyard, which becomes fruitful.)",Tests,Tests of cleverness,Riddles,,Enigmatic statements
1427,1635,ATU 910F Quarreling Sons and the Bundle of Twigs,J1021. The quarreling sons and the bundle of twigs,910F,J1021,The quarreling sons and the bundle of twigs,J. The wise and the foolish.,J200–J1099. Wise and unwise conduct.,J1000–J1099. Other aspects of wisdom.,,J1020. Strength in unity.,J1021. The quarreling sons and the bundle of twigs. Peasant puts twigs together and cannot break them. Separately they are easily broken. His sons apply the lesson.,The wise and the foolish,Wise and unwise conduct,Other aspects of wisdom,,Strength in unity
1428,1636,ATU 910G Man Buys a Pennyworth of Wit,J163.1. Man buys a pennyworth of wit,910G,J163.1,Man buys a pennyworth of wit,J. The wise and the foolish.,J0–J199. Acquisition and possession of wisdom (knowledge).,,,J150. Other means of acquiring wisdom (knowledge).,J163.1. Man buys a pennyworth of wit.,The wise and the foolish,Acquisition and possession of wisdom (knowledge),,,Other means of acquiring wisdom (knowledge)
1429,1637,ATU 920B Birds Chosen by the Sons of the King,J412.1. Prince of democratic tastes chosen,920B,J412.1,Prince of democratic tastes chosen,J. The wise and the foolish.,J200–J1099. Wise and unwise conduct.,J200–J499. Choices.,J400–J459. Choice of associates.,J410. Association of equals and unequals.,"J412.1. Prince of democratic tastes chosen. King asks three sons what kind of bird they would prefer to be. First: an eagle, because it is ruler of birds; second: a falcon; because it is beloved by the nobles; third: a bird which flies with many others, so as to receive advice. King chooses third.",The wise and the foolish,Wise and unwise conduct,Choices,Choice of associates,Association of equals and unequals
1430,1638,ATU 920C Shooting at the Father's Corpse as a Test of Paternity,L13. Compassionate youngest son.,920C,L13,Compassionate youngest son.,L. Reversal of fortune.,L0–L99. Victorious youngest child.,,,L10. Victorious youngest son.,L13. Compassionate youngest son. Kind to people or animals: rewarded.,Reversal of fortune,Victorious youngest child,,,Victorious youngest son
1431,1639,ATU 920C Shooting at the Father's Corpse as a Test of Paternity,H486.2. Test of paternity: shooting at father's corpse.,920C,H486.2,Test of paternity: shooting at father's corpse.,H. Tests.,H300–H499. Marriage tests.,,,H480. Father tests.,H486.2. Test of paternity: shooting at father's corpse. Youngest of supposed sons refuses to shoot and is judged the only genuine son of dead emperor.,Tests,Marriage tests,,,Father tests
1432,1640,ATU 921 The King and the Farmer's Son,H583. Clever youth (maiden) answers king's inquiry in riddles.,921,H583,Clever youth (maiden) answers king's inquiry in riddles.,H. Tests.,H500–H899. Tests of cleverness.,H530–H899. Riddles.,,H580. Enigmatic statements.,H583. Clever youth (maiden) answers king's inquiry in riddles. (Cf. H561.4.),Tests,Tests of cleverness,Riddles,,Enigmatic statements
1433,1641,ATU 921 The King and the Farmer's Son,H583.1. King: What do you see? Youth: One and a half men and a horse's head.,921,H583.1,King: What do you see? Youth: One and a half men and a horse's head.,H. Tests.,H500–H899. Tests of cleverness.,H530–H899. Riddles.,,H580. Enigmatic statements.,"H583.1. King: What do you see? Youth: One and a half men and a horse's head. (Himself, the legs of the king on horseback in the door, and the horse's head.)",Tests,Tests of cleverness,Riddles,,Enigmatic statements
1434,1642,ATU 921 The King and the Farmer's Son,H583.2. King: What is your father doing? Youth: He is in the vineyard and is doing good and bad,921,H583.2,King: What is your father doing? Youth: He is in the vineyard and is doing good and bad,H. Tests.,H500–H899. Tests of cleverness.,H530–H899. Riddles.,,H580. Enigmatic statements.,H583.2. King: What is your father doing? Youth: He is in the vineyard and is doing good and bad. (He prunes vines and sometimes cuts good and sometimes lets bad ones stay.),Tests,Tests of cleverness,Riddles,,Enigmatic statements
1435,1643,ATU 921 The King and the Farmer's Son,H583.3. King: What is your brother doing? Youth: He hunts; he throws away what he catches and what he does not catch he carries with him.,921,H583.3,King: What is your brother doing? Youth: He hunts; he throws away what he catches and what he does not catch he carries with him.,H. Tests.,H500–H899. Tests of cleverness.,H530–H899. Riddles.,,H580. Enigmatic statements.,H583.3. King: What is your brother doing? Youth: He hunts; he throws away what he catches and what he does not catch he carries with him. (Hunts for lice on his body.),Tests,Tests of cleverness,Riddles,,Enigmatic statements
1436,1644,ATU 921 The King and the Farmer's Son,H583.4. King: What is your mother doing? Youth: She does for another what the latter cannot do for her.,921,H583.4,King: What is your mother doing? Youth: She does for another what the latter cannot do for her.,H. Tests.,H500–H899. Tests of cleverness.,H530–H899. Riddles.,,H580. Enigmatic statements.,H583.4. King: What is your mother doing? Youth: She does for another what the latter cannot do for her. (Lays out a corpse.),Tests,Tests of cleverness,Riddles,,Enigmatic statements
1437,1645,ATU 921 The King and the Farmer's Son,H583.5. King: What is your sister doing? Youth: She is mourning last year's laughter.,921,H583.5,King: What is your sister doing? Youth: She is mourning last year's laughter.,H. Tests.,H500–H899. Tests of cleverness.,H530–H899. Riddles.,,H580. Enigmatic statements.,"H583.5. King: What is your sister doing? Youth: She is mourning last year's laughter. (Nurses child, the fruit of last year's love affair.)",Tests,Tests of cleverness,Riddles,,Enigmatic statements
1438,1646,ATU 921 The King and the Farmer's Son,H583.6. King: What are you doing? Youth: I boil those which come and go.,921,H583.6,King: What are you doing? Youth: I boil those which come and go.,H. Tests.,H500–H899. Tests of cleverness.,H530–H899. Riddles.,,H580. Enigmatic statements.,H583.6. King: What are you doing? Youth: I boil those which come and go. (Beans which keep rising and falling in water.),Tests,Tests of cleverness,Riddles,,Enigmatic statements
1439,1647,ATU 921A Sharing of Bread or Money,H585.1. The four coins.,921A,H585.1,The four coins.,H. Tests.,H500–H899. Tests of cleverness.,H530–H899. Riddles.,,H580. Enigmatic statements.,H585.1. The four coins. (Focus.) King: What do you do with the four coins you earn? Peasant: First I eat (feed self); second I put out at interest (give my children); third I give back (pay debts); fourth I throw away (give my wife.),Tests,Tests of cleverness,Riddles,,Enigmatic statements
1440,1649,ATU 921C* Astronomer and Doctor at Farmer's House,L144.2. Farmer surpasses astronomer and doctor in predicting weather and choosing food.,921C*,L144.2,Farmer surpasses astronomer and doctor in predicting weather and choosing food.,L. Reversal of fortune.,L100–L199. Unpromising hero (heroine).,,,L140. The unpromising surpasses the promising.,L144.2. Farmer surpasses astronomer and doctor in predicting weather and choosing food.,Reversal of fortune,Unpromising hero (heroine),,,The unpromising surpasses the promising
1441,1650,ATU 921D* Witty Answers,J1252. Quibbling answers,921D*,J1252,Quibbling answers,J. The wise and the foolish.,J1100–J1699. Cleverness.,J1250–J1499. Clever verbal retorts (repartee).,,J1250. Clever verbal retorts – general.,"J1252. Quibbling answers. E.g., Where are you going? – Forward. Where are you going to cut the tree? – At the foot.",The wise and the foolish,Cleverness,Clever verbal retorts (repartee),,Clever verbal retorts – general
1442,1651,ATU 922 The Shepherd Substituting for the Clergyman Answers the Kings Questions,H561.2. King and abbot.,922,H561.2,King and abbot.,H. Tests.,H500–H899. Tests of cleverness.,H530–H899. Riddles.,,H540. Propounding of riddles.,H561.2. King and abbot. King propounds three riddles to abbot to answer on pain of death. Herdsman disguises as abbot and answers questions.,Tests,Tests of cleverness,Riddles,,Propounding of riddles
1443,1652,ATU 922 The Shepherd Substituting for the Clergyman Answers the Kings Questions,H512. Guessing with life as wager.,922,H512,Guessing with life as wager.,H. Tests.,H500–H899. Tests of cleverness.,,,H510. Tests in guessing.,H512. Guessing with life as wager.,Tests,Tests of cleverness,,,Tests in guessing
1444,1653,ATU 922 The Shepherd Substituting for the Clergyman Answers the Kings Questions,H541.1. Riddle propounded on pain of death.,922,H541.1,Riddle propounded on pain of death.,H. Tests.,H500–H899. Tests of cleverness.,H530–H899. Riddles.,,H540. Propounding of riddles.,H541.1. Riddle propounded on pain of death. (Cf. H512.),Tests,Tests of cleverness,Riddles,,Propounding of riddles
1445,1654,ATU 922 The Shepherd Substituting for the Clergyman Answers the Kings Questions,K1961. Sham churchman.,922,K1961,Sham churchman.,K. Deceptions.,K1700–K2099. Deception through shams.,K1900–K1999. Impostures.,,K1950. Sham prowess.,K1961. Sham churchman.,Deceptions,Deception through shams,Impostures,,Sham prowess
1446,1655,ATU 922 The Shepherd Substituting for the Clergyman Answers the Kings Questions,Q113.4. Appointment to priesthood as reward.,922,Q113.4,Appointment to priesthood as reward.,Q. Rewards and punishments.,Q100–Q199. Nature of rewards.,,,Q110. Material rewards.,Q113.4. Appointment to priesthood as reward.,Rewards and punishments,Nature of rewards,,,Material rewards
1447,1656,ATU 922 The Shepherd Substituting for the Clergyman Answers the Kings Questions,H691.1. Riddle: how much does the moon weigh?,922,H691.1,Riddle: how much does the moon weigh?,H. Tests.,H500–H899. Tests of cleverness.,H530–H899. Riddles.,,H690. Riddles of weight and measure.,H691.1. Riddle: how much does the moon weigh?,Tests,Tests of cleverness,Riddles,,Riddles of weight and measure
1448,1657,ATU 922 The Shepherd Substituting for the Clergyman Answers the Kings Questions,"H705.2. How many leaves are on the tree? So and so many; and if you don't believe it, go count them",922,H705.2,"How many leaves are on the tree? So and so many; and if you don't believe it, go count them",H. Tests.,H500–H899. Tests of cleverness.,H530–H899. Riddles.,,H700. Riddles of numbers.,"H705.2. How many leaves are on the tree? So and so many; and if you don't believe it, go count them.",Tests,Tests of cleverness,Riddles,,Riddles of numbers
1449,1658,ATU 922 The Shepherd Substituting for the Clergyman Answers the Kings Questions,H705.1. How many leaves are on the tree? As many as there are stems for.,922,H705.1,How many leaves are on the tree? As many as there are stems for.,H. Tests.,H500–H899. Tests of cleverness.,H530–H899. Riddles.,,H700. Riddles of numbers.,H705.1. How many leaves are on the tree? As many as there are stems for.,Tests,Tests of cleverness,Riddles,,Riddles of numbers
1450,1659,ATU 922 The Shepherd Substituting for the Clergyman Answers the Kings Questions,H702. Riddle: how many stars in the heavens?,922,H702,Riddle: how many stars in the heavens?,H. Tests.,H500–H899. Tests of cleverness.,H530–H899. Riddles.,,H700. Riddles of numbers.,H702. Riddle: how many stars in the heavens?,Tests,Tests of cleverness,Riddles,,Riddles of numbers
1451,1660,ATU 922 The Shepherd Substituting for the Clergyman Answers the Kings Questions,H696.1. Riddle: how much water is in the sea?,922,H696.1,Riddle: how much water is in the sea?,H. Tests.,H500–H899. Tests of cleverness.,H530–H899. Riddles.,,H690. Riddles of weight and measure.,H696.1. Riddle: how much water is in the sea?,Tests,Tests of cleverness,Riddles,,Riddles of weight and measure
1452,1661,ATU 922 The Shepherd Substituting for the Clergyman Answers the Kings Questions,H703. Riddle: how many hairs are in the head?,922,H703,Riddle: how many hairs are in the head?,H. Tests.,H500–H899. Tests of cleverness.,H530–H899. Riddles.,,H700. Riddles of numbers.,H703. Riddle: how many hairs are in the head?,Tests,Tests of cleverness,Riddles,,Riddles of numbers
1453,1662,ATU 922 The Shepherd Substituting for the Clergyman Answers the Kings Questions,"H701.1. How many seconds in eternity? A bird carries a grain of sand from a mountain each century; when the whole mountain is gone, the first second of eternity has passed",922,H701.1,"How many seconds in eternity? A bird carries a grain of sand from a mountain each century; when the whole mountain is gone, the first second of eternity has passed",H. Tests.,H500–H899. Tests of cleverness.,H530–H899. Riddles.,,H700. Riddles of numbers.,"H701.1. How many seconds in eternity? A bird carries a grain of sand from a mountain each century; when the whole mountain is gone, the first second of eternity has passed. (Cf. D791.1.2, H1583, X950.2, Z61.)",Tests,Tests of cleverness,Riddles,,Riddles of numbers
1454,1663,ATU 922 The Shepherd Substituting for the Clergyman Answers the Kings Questions,H681.1. Riddle: how far is it from one end of the earth to the other (east to west)?,922,H681.1,Riddle: how far is it from one end of the earth to the other (east to west)?,H. Tests.,H500–H899. Tests of cleverness.,H530–H899. Riddles.,,H680. Riddles of distance.,H681.1. Riddle: how far is it from one end of the earth to the other (east to west)?,Tests,Tests of cleverness,Riddles,,Riddles of distance
1455,1664,ATU 922 The Shepherd Substituting for the Clergyman Answers the Kings Questions,"H711.1. How much am I (the king) worth? Twenty-nine pieces of silver, for Christ was sold for thirty.",922,H711.1,"How much am I (the king) worth? Twenty-nine pieces of silver, for Christ was sold for thirty.",H. Tests.,H500–H899. Tests of cleverness.,H530–H899. Riddles.,,H710. Riddles of value.,"H711.1. How much am I (the king) worth? Twenty-nine pieces of silver, for Christ was sold for thirty. (Cf. H716.)",Tests,Tests of cleverness,Riddles,,Riddles of value
1456,1665,ATU 922 The Shepherd Substituting for the Clergyman Answers the Kings Questions,H634. Riddle: what is the sweetest song?,922,H634,Riddle: what is the sweetest song?,H. Tests.,H500–H899. Tests of cleverness.,H530–H899. Riddles.,,H630. Riddles of the superlative.,H634. Riddle: what is the sweetest song?,Tests,Tests of cleverness,Riddles,,Riddles of the superlative
1457,1666,ATU 922 The Shepherd Substituting for the Clergyman Answers the Kings Questions,"H713.1. How much is a golden plow (throne, crown, palace) worth? A rain in May",922,H713.1,"How much is a golden plow (throne, crown, palace) worth? A rain in May",H. Tests.,H500–H899. Tests of cleverness.,H530–H899. Riddles.,,H710. Riddles of value.,"H713.1. How much is a golden plow (throne, crown, palace) worth? A rain in May.",Tests,Tests of cleverness,Riddles,,Riddles of value
1458,1667,ATU 922 The Shepherd Substituting for the Clergyman Answers the Kings Questions,H797. Riddle: what does God do?,922,H797,Riddle: what does God do?,H. Tests.,H500–H899. Tests of cleverness.,H530–H899. Riddles.,,H790. Riddles based on unusual circumstances.,H797. Riddle: what does God do?,Tests,Tests of cleverness,Riddles,,Riddles based on unusual circumstances
1459,1668,ATU 923 Love Like Salt,"H592.1. ""Love like Salt.",923,H592.1,"""Love like Salt.",H. Tests.,H500–H899. Tests of cleverness.,H530–H899. Riddles.,,H580. Enigmatic statements.,"H592.1. ""Love like Salt."" Girl compares her love for her father to salt. Experience teaches him the value of salt.",Tests,Tests of cleverness,Riddles,,Enigmatic statements
1460,1669,ATU 923 Love Like Salt,M21. King Lear judgment.,923,M21,King Lear judgment.,M. Ordaining the future.,M0–M99. Judgments and decrees.,,,M20. Short-sighted judgments.,"M21. King Lear judgment. A king flattered by his elder daughters and angered by the seeming indifference, though real love, of the youngest, banishes the youngest and favors the elder daughters.",Ordaining the future,Judgments and decrees,,,Short-sighted judgments
1461,1670,ATU 924 Discussion in Sign Language,J1804. Conversation by sign language mutually misunderstood.,924,J1804,Conversation by sign language mutually misunderstood.,J. The wise and the foolish.,J1700–J2749. Fools (and other unwise persons).,J1750–J1849. Absurd misunderstandings.,J1750–J1809. One thing mistaken for another.,J1800. One thing mistaken for another – miscellaneous.,J1804. Conversation by sign language mutually misunderstood.,The wise and the foolish,Fools (and other unwise persons),Absurd misunderstandings,One thing mistaken for another,One thing mistaken for another – miscellaneous
1462,1671,ATU 924 Discussion in Sign Language,H607.1. Discussion between priest and Jew carried on by symbols.,924,H607.1,Discussion between priest and Jew carried on by symbols.,H. Tests.,H500–H899. Tests of cleverness.,H530–H899. Riddles.,,H600. Symbolic interpretations.,"H607.1. Discussion between priest and Jew carried on by symbols. E.g., priest raises three fingers (Trinity); Jew raises arm (one God); etc.",Tests,Tests of cleverness,Riddles,,Symbolic interpretations
1463,1672,ATU 926 Judgment of Solomon,J1171.1. Solomon's judgment: the divided child,926,J1171.1,Solomon's judgment: the divided child,J. The wise and the foolish.,J1100–J1699. Cleverness.,J1100–J1249. Clever persons and acts.,J1130–J1199. Cleverness in the law court.,J1170. Clever judicial decisions.,J1171.1. Solomon's judgment: the divided child. Two women claim a child. Judge offers to cut it in two. Real mother refuses.,The wise and the foolish,Cleverness,Clever persons and acts,Cleverness in the law court,Clever judicial decisions
1464,1673,ATU 926C Cases Solved in a Manner Worthy of Solomon,J1141. Confession obtained by a ruse.,926C,J1141,Confession obtained by a ruse.,J. The wise and the foolish.,J1100–J1699. Cleverness.,J1100–J1249. Clever persons and acts.,J1130–J1199. Cleverness in the law court.,J1140. Cleverness in detection of truth.,J1141. Confession obtained by a ruse.,The wise and the foolish,Cleverness,Clever persons and acts,Cleverness in the law court,Cleverness in detection of truth
1465,1674,ATU 926C Cases Solved in a Manner Worthy of Solomon,J1172.1. Not the same purse as was lost.,926C,J1172.1,Not the same purse as was lost.,J. The wise and the foolish.,J1100–J1699. Cleverness.,J1100–J1249. Clever persons and acts.,J1130–J1199. Cleverness in the law court.,J1170. Clever judicial decisions.,J1172.1. Not the same purse as was lost. Finder of a purse containing 800 gulden returns it to owner for reward. Latter says that purse had 900 gulden in it. In court. Decision: The rich man speaks truth. The purse found is not the one he lost. The finder may keep it.,The wise and the foolish,Cleverness,Clever persons and acts,Cleverness in the law court,Clever judicial decisions
1466,1675,ATU 926C Cases Solved in a Manner Worthy of Solomon,J1141.1. Guilty person deceived into gesture (act) which admits guilt.,926C,J1141.1,Guilty person deceived into gesture (act) which admits guilt.,J. The wise and the foolish.,J1100–J1699. Cleverness.,J1100–J1249. Clever persons and acts.,J1130–J1199. Cleverness in the law court.,J1140. Cleverness in detection of truth.,J1141.1. Guilty person deceived into gesture (act) which admits guilt.,The wise and the foolish,Cleverness,Clever persons and acts,Cleverness in the law court,Cleverness in detection of truth
1467,1676,ATU 926C Cases Solved in a Manner Worthy of Solomon,"J1141.1.4. ""Guilty man's stick will grow during night.""",926C,J1141.1.4,Guilty man's stick will grow during night.,J. The wise and the foolish.,J1100–J1699. Cleverness.,J1100–J1249. Clever persons and acts.,J1130–J1199. Cleverness in the law court.,J1140. Cleverness in detection of truth.,"J1141.1.4. ""Guilty man's stick will grow during night."" Guilty man chops end off stick.",The wise and the foolish,Cleverness,Clever persons and acts,Cleverness in the law court,Cleverness in detection of truth
1468,1677,ATU 926C Cases Solved in a Manner Worthy of Solomon,J1179.6. Thread awarded to disputant who knows what it was wound on.,926C,J1179.6,Thread awarded to disputant who knows what it was wound on.,J. The wise and the foolish.,J1100–J1699. Cleverness.,J1100–J1249. Clever persons and acts.,J1130–J1199. Cleverness in the law court.,J1170. Clever judicial decisions.,J1179.6. Thread awarded to disputant who knows what it was wound on.,The wise and the foolish,Cleverness,Clever persons and acts,Cleverness in the law court,Clever judicial decisions
1469,1678,ATU 926C Cases Solved in a Manner Worthy of Solomon,J1154.2. Witnesses to make image of diamond they claim to have seen.,926C,J1154.2,Witnesses to make image of diamond they claim to have seen.,J. The wise and the foolish.,J1100–J1699. Cleverness.,J1100–J1249. Clever persons and acts.,J1130–J1199. Cleverness in the law court.,J1150. Cleverness connected with the giving of evidence.,J1154.2. Witnesses to make image of diamond they claim to have seen.,The wise and the foolish,Cleverness,Clever persons and acts,Cleverness in the law court,Cleverness connected with the giving of evidence
1470,1679,ATU 927 Out-riddling the Judge,H542. Death sentence escaped by propounding riddle king (judge) cannot solve,927,H542,Death sentence escaped by propounding riddle king (judge) cannot solve,H. Tests.,H500–H899. Tests of cleverness.,H530–H899. Riddles.,,H540. Propounding of riddles.,H542. Death sentence escaped by propounding riddle king (judge) cannot solve,Tests,Tests of cleverness,Riddles,,Propounding of riddles
1471,1680,ATU 927 Out-riddling the Judge,H804. Riddle: from the eater came forth meat and from the strong sweetness,927,H804,Riddle: from the eater came forth meat and from the strong sweetness,H. Tests.,H500–H899. Tests of cleverness.,H530–H899. Riddles.,,H790. Riddles based on unusual circumstances.,H804. Riddle: from the eater came forth meat and from the strong sweetness. (Swarm of bees and honey in lion's carcass.),Tests,Tests of cleverness,Riddles,,Riddles based on unusual circumstances
1472,1681,ATU 927 Out-riddling the Judge,H793. Riddle: seven tongues in a head.,927,H793,Riddle: seven tongues in a head.,H. Tests.,H500–H899. Tests of cleverness.,H530–H899. Riddles.,,H790. Riddles based on unusual circumstances.,H793. Riddle: seven tongues in a head. (A horse's head in which a bird's nest is found with seven birds in it.),Tests,Tests of cleverness,Riddles,,Riddles based on unusual circumstances
1473,1682,ATU 927 Out-riddling the Judge,H806. Riddle: drink this wine which a bird took to nest.,927,H806,Riddle: drink this wine which a bird took to nest.,H. Tests.,H500–H899. Tests of cleverness.,H530–H899. Riddles.,,H790. Riddles based on unusual circumstances.,H806. Riddle: drink this wine which a bird took to nest. (Stork took bunch of grapes to nest; boy makes wine from them.),Tests,Tests of cleverness,Riddles,,Riddles based on unusual circumstances
1474,1683,ATU 927 Out-riddling the Judge,"H807. Formerly I was daughter, now I am mother; I have a son who was the husband of my mother.",927,H807,"Formerly I was daughter, now I am mother; I have a son who was the husband of my mother.",H. Tests.,H500–H899. Tests of cleverness.,H530–H899. Riddles.,,H790. Riddles based on unusual circumstances.,"H807. Formerly I was daughter, now I am mother; I have a son who was the husband of my mother. (Girl has nursed her imprisoned father through a crack in the prison wall.)",Tests,Tests of cleverness,Riddles,,Riddles based on unusual circumstances
1475,1684,ATU 927 Out-riddling the Judge,H805. Riddle of the murdered lover.,927,H805,Riddle of the murdered lover.,H. Tests.,H500–H899. Tests of cleverness.,H530–H899. Riddles.,,H790. Riddles based on unusual circumstances.,"H805. Riddle of the murdered lover. With what thinks, I drink; what sees, I carry; with what eats I walk. (Queen has cup made from skull of her murdered lover; ring with one of his eyes; she carries two of his teeth in her boots.)",Tests,Tests of cleverness,Riddles,,Riddles based on unusual circumstances
1476,1685,ATU 927 Out-riddling the Judge,H792. Riddle of the unborn.,927,H792,Riddle of the unborn.,H. Tests.,H500–H899. Tests of cleverness.,H530–H899. Riddles.,,H790. Riddles based on unusual circumstances.,H792. Riddle of the unborn. I am unborn; my horse is unborn; I carry my mother on my hands. (A boy who has been taken from his dead mother's body digs up the body of his mother and makes gloves of her skin. He rides on a colt which has been taken from a dead mare's body.),Tests,Tests of cleverness,Riddles,,Riddles based on unusual circumstances
1477,1686,ATU 929 Clever Defences,J1130. Cleverness in law court -- general.,929,J1130,Cleverness in law court -- general.,J. The wise and the foolish.,J1100–J1699. Cleverness.,J1100–J1249. Clever persons and acts.,J1130–J1199. Cleverness in the law court.,J1130. Cleverness in law court – general.,J1130. Cleverness in law court – general.,The wise and the foolish,Cleverness,Clever persons and acts,Cleverness in the law court,Cleverness in law court – general
1478,1687,ATU 929 Clever Defences,N178. Loss of eye saves man from execution,929,N178,Loss of eye saves man from execution,N. Chance and fate.,N100–N299. The ways of luck and fate.,,,N170. The capriciousness of luck.,N178. Loss of eye saves man from execution. Man to be buried with king. Gets off because he lacks an eye.,Chance and fate,The ways of luck and fate,,,The capriciousness of luck
1479,1688,ATU 930 The Prophecy,M312.1. Prophecy: wealthy marriage for poor boy.,930,M312.1,Prophecy: wealthy marriage for poor boy.,M. Ordaining the future.,M300–M399. Prophecies.,,,M310. Favorable prophecies.,M312.1. Prophecy: wealthy marriage for poor boy.,Ordaining the future,Prophecies,,,Favorable prophecies
1480,1689,ATU 930 The Prophecy,K978. Uriah letter.,930,K978,Uriah letter.,K. Deceptions.,K800–K999. Killing or maiming by deception.,,,K960. Other fatal deceits.,K978. Uriah letter. Man carries written order for his own execution.,Deceptions,Killing or maiming by deception,,,Other fatal deceits
1481,1690,ATU 930 The Prophecy,K511. Uriah letter changed.,930,K511,Uriah letter changed.,K. Deceptions.,K500–K699. Escape by deception.,,,K510. Death order evaded.,K511. Uriah letter changed. Falsified order of execution. A messenger is sent with a letter ordering the recipient to kill the bearer. On the way the letter is changed so that the bearer is honored.,Deceptions,Escape by deception,,,Death order evaded
1482,1691,ATU 930 The Prophecy,K1355. Altered letter of execution gives princess to hero.,930,K1355,Altered letter of execution gives princess to hero.,K. Deceptions.,K1300–K1399. Seduction or deceptive marriage.,,,K1350. Woman persuaded (or wooed) by trick.,K1355. Altered letter of execution gives princess to hero. On his way robbers steal the letter and change it so that instead of being killed he is married to the princess.,Deceptions,Seduction or deceptive marriage,,,Woman persuaded (or wooed) by trick
1483,1692,ATU 930A Predestined Wife,T22.2. Predestined wife.,930A,T22.2,Predestined wife.,T. Sex.,T0–T99. Love.,,,T10. Falling in love.,T22.2. Predestined wife. (Cf. M312.1.),Sex,Love,,,Falling in love
1484,1693,ATU 930A Predestined Wife,M359.2. Prophecy: prince's marriage to common woman.,930A,M359.2,Prophecy: prince's marriage to common woman.,M. Ordaining the future.,M300–M399. Prophecies.,,,M340. Unfavorable prophecies.,M359.2. Prophecy: prince's marriage to common woman.,Ordaining the future,Prophecies,,,Unfavorable prophecies
1485,1694,ATU 930A Predestined Wife,M312.1.1. Prophecy: wealthy marriage for poor girl.,930A,M312.1.1,Prophecy: wealthy marriage for poor girl.,M. Ordaining the future.,M300–M399. Prophecies.,,,M310. Favorable prophecies.,M312.1.1. Prophecy: wealthy marriage for poor girl.,Ordaining the future,Prophecies,,,Favorable prophecies
1486,1695,ATU 930A Predestined Wife,M370. Vain attempts to escape fulfillment of prophecy.,930A,M370,Vain attempts to escape fulfillment of prophecy.,M. Ordaining the future.,M300–M399. Prophecies.,,,M370. Vain attempts to escape fulfillment of prophecy.,"M370. Vain attempts to escape fulfillment of prophecy. (Cf. M341.2.10, M343, M344.)",Ordaining the future,Prophecies,,,Vain attempts to escape fulfillment of prophecy
1487,1696,ATU 930A Predestined Wife,S115.2. Murder by sticking needle through head.,930A,S115.2,Murder by sticking needle through head.,S. Unnatural cruelty.,S100–S199. Revolting murders or mutilations.,,,S110. Murders.,S115.2. Murder by sticking needle through head.,Unnatural cruelty,Revolting murders or mutilations,,,Murders
1488,1697,ATU 930A Predestined Wife,S143. Abandonment in forest.,930A,S143,Abandonment in forest.,S. Unnatural cruelty.,S100–S199. Revolting murders or mutilations.,,,S140. Cruel abandonments and exposures.,S143. Abandonment in forest.,Unnatural cruelty,Revolting murders or mutilations,,,Cruel abandonments and exposures
1489,1698,ATU 930A Predestined Wife,R131. Exposed or abandoned child rescued.,930A,R131,Exposed or abandoned child rescued.,R. Captives and fugitives.,R100–R199. Rescues.,,,R130. Rescue of abandoned or lost persons.,R131. Exposed or abandoned child rescued.,Captives and fugitives,Rescues,,,Rescue of abandoned or lost persons
1490,1699,ATU 930A Predestined Wife,H51. Recognition by scar.,930A,H51,Recognition by scar.,H. Tests.,H0–H199. Identity tests: Recognition.,,,H50. Recognition by bodily marks or physical attributes.,H51. Recognition by scar. (Cf. H56.),Tests,Identity tests: Recognition,,,Recognition by bodily marks or physical attributes
1491,1700,ATU 930A Predestined Wife,N101. Inexorable fate.,930A,N101,Inexorable fate.,N. Chance and fate.,N100–N299. The ways of luck and fate.,N100–N169. Nature of luck and fate.,,N100. Nature of luck and fate.,N101. Inexorable fate.,Chance and fate,The ways of luck and fate,Nature of luck and fate,,Nature of luck and fate
1492,1701,ATU 931 Oedipus,M343. Parricide prophecy,931,M343,Parricide prophecy,M. Ordaining the future.,M300–M399. Prophecies.,,,M340. Unfavorable prophecies.,"M343. Parricide prophecy. In spite of all attempts to thwart the fates, the child kills his father.",Ordaining the future,Prophecies,,,Unfavorable prophecies
1493,1702,ATU 931 Oedipus,M371.2. Exposure of child to prevent fulfillment of parricide prophecy.,931,M371.2,Exposure of child to prevent fulfillment of parricide prophecy.,M. Ordaining the future.,M300–M399. Prophecies.,,,M370. Vain attempts to escape fulfillment of prophecy.,M371.2. Exposure of child to prevent fulfillment of parricide prophecy.,Ordaining the future,Prophecies,,,Vain attempts to escape fulfillment of prophecy
1494,1703,ATU 931 Oedipus,R131. Exposed or abandoned child rescued,931,R131,Exposed or abandoned child rescued,R. Captives and fugitives.,R100–R199. Rescues.,,,R130. Rescue of abandoned or lost persons.,R131. Exposed or abandoned child rescued.,Captives and fugitives,Rescues,,,Rescue of abandoned or lost persons
1495,1704,ATU 931 Oedipus,"S354. Exposed infant reared at strange king's court (Joseph, Oedipus).",931,S354,"Exposed infant reared at strange king's court (Joseph, Oedipus).",S. Unnatural cruelty.,S300–S399. Abandoned or murdered children.,,,S350. Fate of abandoned child.,"S354. Exposed infant reared at strange king's court (Joseph, Oedipus).",Unnatural cruelty,Abandoned or murdered children,,,Fate of abandoned child
1496,1705,ATU 931 Oedipus,N323. Parricide prophecy unwittingly fulfilled,931,N323,Parricide prophecy unwittingly fulfilled,N. Chance and fate.,N300–N399. Unlucky accidents.,,,N320. Person unwittingly killed.,N323. Parricide prophecy unwittingly fulfilled.,Chance and fate,Unlucky accidents,,,Person unwittingly killed
1497,1706,ATU 931 Oedipus,T412. Mother-son incest.,931,T412,Mother-son incest.,T. Sex.,T400–T499. Illicit sexual relations.,,,T410. Incest.,T412. Mother-son incest.,Sex,Illicit sexual relations,,,Incest
1498,1707,ATU 934 Tales of the Predestined Death,"M341.1. Prophecy: death at (before, within) certain time.",934,M341.1,"Prophecy: death at (before, within) certain time.",M. Ordaining the future.,M300–M399. Prophecies.,,,M340. Unfavorable prophecies.,"M341.1. Prophecy: death at (before, within) certain time.",Ordaining the future,Prophecies,,,Unfavorable prophecies
1499,1708,ATU 934 Tales of the Predestined Death,"M301.12. Three fates, ""norns"", prophesy at child's birth.",934,M301.12,"Three fates, ""norns"", prophesy at child's birth.",M. Ordaining the future.,M300–M399. Prophecies.,,,M300. Prophecies.,"M301.12. Three fates, ""norns"", prophesy at child's birth.",Ordaining the future,Prophecies,,,Prophecies
1500,1709,ATU 934 Tales of the Predestined Death,M341.2.2. Prophecy: death by storm.,934,M341.2.2,Prophecy: death by storm.,M. Ordaining the future.,M300–M399. Prophecies.,,,M340. Unfavorable prophecies.,M341.2.2. Prophecy: death by storm.,Ordaining the future,Prophecies,,,Unfavorable prophecies
1501,1710,ATU 934 Tales of the Predestined Death,M341.1.1.4. Prophecy: death on entrance to the marriage chamber.,934,M341.1.1.4,Prophecy: death on entrance to the marriage chamber.,M. Ordaining the future.,M300–M399. Prophecies.,,,M340. Unfavorable prophecies.,M341.1.1.4. Prophecy: death on entrance to the marriage chamber.,Ordaining the future,Prophecies,,,Unfavorable prophecies
1502,1711,ATU 934 Tales of the Predestined Death,M341.2.6. Prophecy: death by wolf.,934,M341.2.6,Prophecy: death by wolf.,M. Ordaining the future.,M300–M399. Prophecies.,,,M340. Unfavorable prophecies.,M341.2.6. Prophecy: death by wolf. Killed by a wolf claw (or by a cat transformed to wolf).,Ordaining the future,Prophecies,,,Unfavorable prophecies
1503,1712,ATU 934 Tales of the Predestined Death,M341.2.21. Prophecy: death from snakebite,934,M341.2.21,Prophecy: death from snakebite,M. Ordaining the future.,M300–M399. Prophecies.,,,M340. Unfavorable prophecies.,M341.2.21. Prophecy: death from snakebite.,Ordaining the future,Prophecies,,,Unfavorable prophecies
1504,1713,ATU 934 Tales of the Predestined Death,M341.2.3. Prophecy: death by drowning,934,M341.2.3,Prophecy: death by drowning,M. Ordaining the future.,M300–M399. Prophecies.,,,M340. Unfavorable prophecies.,M341.2.3. Prophecy: death by drowning.,Ordaining the future,Prophecies,,,Unfavorable prophecies
1505,1714,ATU 934 Tales of the Predestined Death,"F901.1.1. Extraordinary threefold death: wounding, burning, drowning.",934,F901.1.1,"Extraordinary threefold death: wounding, burning, drowning.",F. Marvels.,F900-F1099. Extraordinary occurrences.,,,F900. Extraordinary occurrences.,"F901.1.1. Extraordinary threefold death: wounding, burning, drowning.",Marvels,-F1099. Extraordinary occurrences,,,Extraordinary occurrences
1506,1715,ATU 934 Tales of the Predestined Death,M370. Vain attempts to escape fulfillment of prophecy.,934,M370,Vain attempts to escape fulfillment of prophecy.,M. Ordaining the future.,M300–M399. Prophecies.,,,M370. Vain attempts to escape fulfillment of prophecy.,"M370. Vain attempts to escape fulfillment of prophecy. (Cf. M341.2.10, M343, M344.)",Ordaining the future,Prophecies,,,Vain attempts to escape fulfillment of prophecy
1507,1716,ATU 934 Tales of the Predestined Death,M372. Confinement in tower to avoid fulfillment of prophecy.,934,M372,Confinement in tower to avoid fulfillment of prophecy.,M. Ordaining the future.,M300–M399. Prophecies.,,,M370. Vain attempts to escape fulfillment of prophecy.,M372. Confinement in tower to avoid fulfillment of prophecy.,Ordaining the future,Prophecies,,,Vain attempts to escape fulfillment of prophecy
1508,1717,ATU 934 Tales of the Predestined Death,M341.2. Prophecy: death by particular instrument.,934,M341.2,Prophecy: death by particular instrument.,M. Ordaining the future.,M300–M399. Prophecies.,,,M340. Unfavorable prophecies.,M341.2. Prophecy: death by particular instrument. In spite of all precautions the prophecy is fulfilled.,Ordaining the future,Prophecies,,,Unfavorable prophecies
1509,1718,ATU 934 Tales of the Predestined Death,M370.1. Prophecy of death fulfilled.,934,M370.1,Prophecy of death fulfilled.,M. Ordaining the future.,M300–M399. Prophecies.,,,M370. Vain attempts to escape fulfillment of prophecy.,M370.1. Prophecy of death fulfilled.,Ordaining the future,Prophecies,,,Vain attempts to escape fulfillment of prophecy
1510,1719,ATU 935 The Prodigal's Return,L161. Lowly hero marries princess,935,L161,Lowly hero marries princess,L. Reversal of fortune.,L100–L199. Unpromising hero (heroine).,,,L160. Success of the unpromising hero (heroine).,L161. Lowly hero marries princess.,Reversal of fortune,Unpromising hero (heroine),,,Success of the unpromising hero (heroine)
1511,1720,ATU 935 The Prodigal's Return,K1815. Humble disguise,935,K1815,Humble disguise,K. Deceptions.,K1700–K2099. Deception through shams.,K1800–K1899. Deception by disguise or illusion.,,K1810. Deception by disguise.,"K1815. Humble disguise. (Cap o' Rushes, Peau d'âne Allerleirauh.) Usually in rough clothing. (Cf. K521.4.3, K1812, K1816.)",Deceptions,Deception through shams,Deception by disguise or illusion,,Deception by disguise
1512,1721,ATU 935 The Prodigal's Return,K1837. Disguise of woman in man's clothes.,935,K1837,Disguise of woman in man's clothes.,K. Deceptions.,K1700–K2099. Deception through shams.,K1800–K1899. Deception by disguise or illusion.,,K1810. Deception by disguise.,K1837. Disguise of woman in man's clothes. (Cf. K1825.),Deceptions,Deception through shams,Deception by disguise or illusion,,Deception by disguise
1513,1722,ATU 938 Placidas,J214. Choice: suffering in youth or old age.,938,J214,Choice: suffering in youth or old age.,J. The wise and the foolish.,J200–J1099. Wise and unwise conduct.,J200–J499. Choices.,,J210. Choice between evils.,J214. Choice: suffering in youth or old age.,The wise and the foolish,Wise and unwise conduct,Choices,,Choice between evils
1514,1723,ATU 938 Placidas,N251. Person pursued by misfortune.,938,N251,Person pursued by misfortune.,N. Chance and fate.,N100–N299. The ways of luck and fate.,,,N250. Persistent bad luck.,"N251. Person pursued by misfortune. (Placidas, Eustacius.) His goods are destroyed, his wife carried off by a ship captain and his children by animals.",Chance and fate,The ways of luck and fate,,,Persistent bad luck
1515,1724,ATU 945 Luck and Intelligence.,H343. Suitor test: bringing dumb princess to speak.,945,H343,Suitor test: bringing dumb princess to speak.,H. Tests.,H300–H499. Marriage tests.,H310–H359. Suitor tests.,,H310. Suitor tests.,H343. Suitor test: bringing dumb princess to speak.,Tests,Marriage tests,Suitor tests,,Suitor tests
1516,1725,ATU 945 Luck and Intelligence.,F954.2.1. Dumb princess is brought to speech by tale ending with a question to be solved.,945,F954.2.1,Dumb princess is brought to speech by tale ending with a question to be solved.,F. Marvels.,F900-F1099. Extraordinary occurrences.,,,F950. Marvelous cures.,F954.2.1. Dumb princess is brought to speech by tale ending with a question to be solved.,Marvels,-F1099. Extraordinary occurrences,,,Marvelous cures
1517,1726,ATU 945 Luck and Intelligence.,Z16.1. Four brothers construct a woman.,945,Z16.1,Four brothers construct a woman.,Z. Miscellaneous groups of motifs.,Z0–Z99. Formulas.,,,Z10. Formulistic framework for tales.,Z16.1. Four brothers construct a woman. Whose is she?,Miscellaneous groups of motifs,Formulas,,,Formulistic framework for tales
1518,1727,ATU 945 Luck and Intelligence.,F1023. Creation of a person by cooperation of skillful men.,945,F1023,Creation of a person by cooperation of skillful men.,F. Marvels.,F900-F1099. Extraordinary occurrences.,,,F1010. Other extraordinary events.,F1023. Creation of a person by cooperation of skillful men.,Marvels,-F1099. Extraordinary occurrences,,,Other extraordinary events
1519,1728,ATU 945 Luck and Intelligence.,D435.1.1. Transformation: statue comes to life.,945,D435.1.1,Transformation: statue comes to life.,D. Magic.,D0–D699. Transformation.,D400–D499. Other forms of transformation.,,D430. Transformation: object to person.,D435.1.1. Transformation: statue comes to life.,Magic,Transformation,Other forms of transformation,,Transformation: object to person
1520,1729,ATU 945 Luck and Intelligence.,H621. Skillful companions create woman: to whom does she belong?,945,H621,Skillful companions create woman: to whom does she belong?,H. Tests.,H500–H899. Tests of cleverness.,H530–H899. Riddles.,,H620. The unsolved problem: enigmatic ending of tale.,"H621. Skillful companions create woman: to whom does she belong? Woodcarver carves a doll, tailor clothes her, gardener gives her speech (or the like). (Answer sometimes given: her father, her mother, or her husband).",Tests,Tests of cleverness,Riddles,,The unsolved problem: enigmatic ending of tale
1521,1730,ATU 945 Luck and Intelligence.,N141. Luck or intelligence? Dispute as to which is the more powerful.,945,N141,Luck or intelligence? Dispute as to which is the more powerful.,N. Chance and fate.,N100–N299. The ways of luck and fate.,N100–N169. Nature of luck and fate.,,N140. Nature of luck and fate – miscellaneous motifs.,N141. Luck or intelligence? Dispute as to which is the more powerful. Man with intelligence remains poor (is brought into court). Saved by mere luck.,Chance and fate,The ways of luck and fate,Nature of luck and fate,,Nature of luck and fate – miscellaneous motifs
1522,1731,ATU 947 The Man Followed by Bad Luck,N253. Safety in shadow of wall,947,N253,Safety in shadow of wall,N. Chance and fate.,N100–N299. The ways of luck and fate.,,,N250. Persistent bad luck.,N253. Safety in shadow of wall. After many misfortunes the man is apparently safe. The wall falls on him.,Chance and fate,The ways of luck and fate,,,Persistent bad luck
1523,1732,ATU 950 Rhampsinitus,K315.1. Thief enters treasury through passage made by him as architect of the building,950,K315.1,Thief enters treasury through passage made by him as architect of the building,K. Deceptions.,K300–K499. Thefts and cheats.,K310–K439. Thefts.,,K310. Means of entering house or treasury.,K315.1. Thief enters treasury through passage made by him as architect of the building.,Deceptions,Thefts and cheats,Thefts,,Means of entering house or treasury
1524,1733,ATU 950 Rhampsinitus,J1143. Thief detected by building straw fire so that smoke escapes through thief's entrance,950,J1143,Thief detected by building straw fire so that smoke escapes through thief's entrance,J. The wise and the foolish.,J1100–J1699. Cleverness.,J1100–J1249. Clever persons and acts.,J1130–J1199. Cleverness in the law court.,J1140. Cleverness in detection of truth.,J1143. Thief detected by building straw fire so that smoke escapes through thief's entrance. The secret hole into the building is thus discovered and the thief caught.,The wise and the foolish,Cleverness,Clever persons and acts,Cleverness in the law court,Cleverness in detection of truth
1525,1734,ATU 950 Rhampsinitus,K730. Victim trapped.,950,K730,Victim trapped.,K. Deceptions.,K700–K799. Capture by deception.,,,K730. Victim trapped.,K730. Victim trapped.,Deceptions,Capture by deception,,,Victim trapped
1526,1735,ATU 950 Rhampsinitus,K407.1. Thief has his companion cut off his head so that he may escape detection.,950,K407.1,Thief has his companion cut off his head so that he may escape detection.,K. Deceptions.,K300–K499. Thefts and cheats.,K310–K439. Thefts.,,K400. Thief escapes detection.,K407.1. Thief has his companion cut off his head so that he may escape detection.,Deceptions,Thefts and cheats,Thefts,,Thief escapes detection
1527,1736,ATU 950 Rhampsinitus,J1142.4. Thief's corpse carried through street to see who will weep for him.,950,J1142.4,Thief's corpse carried through street to see who will weep for him.,J. The wise and the foolish.,J1100–J1699. Cleverness.,J1100–J1249. Clever persons and acts.,J1130–J1199. Cleverness in the law court.,J1140. Cleverness in detection of truth.,J1142.4. Thief's corpse carried through street to see who will weep for him.,The wise and the foolish,Cleverness,Clever persons and acts,Cleverness in the law court,Cleverness in detection of truth
1528,1737,ATU 950 Rhampsinitus,K332. Theft by making owner drunk.,950,K332,Theft by making owner drunk.,K. Deceptions.,K300–K499. Thefts and cheats.,K310–K439. Thefts.,,K330. Means of hoodwinking the guardian or owner.,K332. Theft by making owner drunk.,Deceptions,Thefts and cheats,Thefts,,Means of hoodwinking the guardian or owner
1529,1738,ATU 950 Rhampsinitus,K425. King's daughter put into brothel to catch thief.,950,K425,King's daughter put into brothel to catch thief.,K. Deceptions.,K300–K499. Thefts and cheats.,K310–K439. Thefts.,,K420. Thief loses his goods or is detected.,K425. King's daughter put into brothel to catch thief.,Deceptions,Thefts and cheats,Thefts,,Thief loses his goods or is detected
1530,1739,ATU 950 Rhampsinitus,H58. Tell-tale hand-mark,950,H58,Tell-tale hand-mark,H. Tests.,H0–H199. Identity tests: Recognition.,,,H50. Recognition by bodily marks or physical attributes.,H58. Tell-tale hand-mark. Clandestine lover is identified by paint marks left on his skin by his mistress.,Tests,Identity tests: Recognition,,,Recognition by bodily marks or physical attributes
1531,1740,ATU 950 Rhampsinitus,K415. Marked culprit marks everyone else and escapes detection.,950,K415,Marked culprit marks everyone else and escapes detection.,K. Deceptions.,K300–K499. Thefts and cheats.,K310–K439. Thefts.,,K400. Thief escapes detection.,K415. Marked culprit marks everyone else and escapes detection.,Deceptions,Thefts and cheats,Thefts,,Thief escapes detection
1532,1741,ATU 952 The King and the Soldier,D2072. Magic paralysis,952,D2072,Magic paralysis,D. Magic.,D1700–D2199. Magic powers and manifestations.,D1800–D2199. Manifestations of magic power.,D2050–D2099. Destructive magic powers.,D2070. Bewitching.,D2072. Magic paralysis. Person or thing rendered helpless. (Cf. D1410.),Magic,Magic powers and manifestations,Manifestations of magic power,Destructive magic powers,Bewitching
1533,1742,ATU 952 The King and the Soldier,K422. Thief rendered helpless by magic.,952,K422,Thief rendered helpless by magic.,K. Deceptions.,K300–K499. Thefts and cheats.,K310–K439. Thefts.,,K420. Thief loses his goods or is detected.,K422. Thief rendered helpless by magic.,Deceptions,Thefts and cheats,Thefts,,Thief loses his goods or is detected
1534,1743,ATU 952 The King and the Soldier,N884.1. Robber helps king.,952,N884.1,Robber helps king.,N. Chance and fate.,N800–N899. Helpers.,,,N820. Human helpers.,N884.1. Robber helps king.,Chance and fate,Helpers,,,Human helpers
1535,1744,ATU 952 The King and the Soldier,K1812.1. Incognito king helped by humble man.,952,K1812.1,Incognito king helped by humble man.,K. Deceptions.,K1700–K2099. Deception through shams.,K1800–K1899. Deception by disguise or illusion.,,K1810. Deception by disguise.,K1812.1. Incognito king helped by humble man. Gives reward.,Deceptions,Deception through shams,Deception by disguise or illusion,,Deception by disguise
1536,1745,ATU 953 The Robber and His Sons,R153.3.3. Old robber frees his three sons: relates frightful adventures.,953,R153.3.3,Old robber frees his three sons: relates frightful adventures.,R. Captives and fugitives.,R100–R199. Rescues.,,,R150. Rescuers.,"R153.3.3. Old robber frees his three sons: relates frightful adventures. In order to free them he must relate three adventures, each more frightful than the last.",Captives and fugitives,Rescues,,,Rescuers
1537,1746,ATU 953 The Robber and His Sons,J1185. Execution escaped by story-telling.,953,J1185,Execution escaped by story-telling.,J. The wise and the foolish.,J1100–J1699. Cleverness.,J1100–J1249. Clever persons and acts.,J1130–J1199. Cleverness in the law court.,J1180. Clever means of avoiding legal punishment.,"J1185. Execution escaped by story-telling. Cf. Browning's ""Balaustion's Adventure.""",The wise and the foolish,Cleverness,Clever persons and acts,Cleverness in the law court,Clever means of avoiding legal punishment
1538,1747,ATU 953 The Robber and His Sons,K1011. Eye-remedy.,953,K1011,Eye-remedy.,K. Deceptions.,K1000–K1199. Deception into self-injury.,,,K1010. Deception through false doctoring.,K1011. Eye-remedy. Under pretence of curing eyesight the trickster blinds the dupe. (Often with a glowing mass thrust into the eye.),Deceptions,Deception into self-injury,,,Deception through false doctoring
1539,1748,ATU 953 The Robber and His Sons,K527. Escape by substituting another person in place of the intended victim.,953,K527,Escape by substituting another person in place of the intended victim.,K. Deceptions.,K500–K699. Escape by deception.,,,"K520. Death escaped through disguise, shamming, or substitution.",K527. Escape by substituting another person in place of the intended victim.,Deceptions,Escape by deception,,,"Death escaped through disguise, shamming, or substitution"
1540,1749,ATU 953 The Robber and His Sons,Q53. Reward for rescue.,953,Q53,Reward for rescue.,Q. Rewards and punishments.,Q10–Q99. Deeds rewarded.,,,Q40. Kindness rewarded.,Q53. Reward for rescue.,Rewards and punishments,Deeds rewarded,,,Kindness rewarded
1541,1750,ATU 954 The Forty Thieves (Ali Baba),D1552.2. Mountain opens to magic formula (Open Sesame).,954,D1552.2,Mountain opens to magic formula (Open Sesame).,D. Magic.,D800–D1699. Magic objects.,D1300–D1599. Function of magic objects.,,D1550. Magic object miraculously opens and closes.,D1552.2. Mountain opens to magic formula (Open Sesame). (Cf. D1273.),Magic,Magic objects,Function of magic objects,,Magic object miraculously opens and closes
1542,1751,ATU 954 The Forty Thieves (Ali Baba),N455.3. Secret formula for opening treasure mountain overheard from robbers (Open Sesame).,954,N455.3,Secret formula for opening treasure mountain overheard from robbers (Open Sesame).,N. Chance and fate.,N400–N699. Lucky accidents.,N440–N499. Valuable secrets learned.,,N450. Secrets overheard.,N455.3. Secret formula for opening treasure mountain overheard from robbers (Open Sesame).,Chance and fate,Lucky accidents,Valuable secrets learned,,Secrets overheard
1543,1752,ATU 954 The Forty Thieves (Ali Baba),N512. Treasure in underground chamber (cavern).,954,N512,Treasure in underground chamber (cavern).,N. Chance and fate.,N400–N699. Lucky accidents.,N500–N599. Treasure trove.,,N510. Where treasure is found.,N512. Treasure in underground chamber (cavern).,Chance and fate,Lucky accidents,Treasure trove,,Where treasure is found
1544,1753,ATU 954 The Forty Thieves (Ali Baba),N478. Secret wealth betrayed by money left in borrowed money-scales.,954,N478,Secret wealth betrayed by money left in borrowed money-scales.,N. Chance and fate.,N400–N699. Lucky accidents.,N440–N499. Valuable secrets learned.,,N450. Secrets overheard.,N478. Secret wealth betrayed by money left in borrowed money-scales.,Chance and fate,Lucky accidents,Valuable secrets learned,,Secrets overheard
1545,1754,ATU 954 The Forty Thieves (Ali Baba),"N471. Foolish attempt of second man to overhear secrets (from animals, demons etc.)",954,N471,"Foolish attempt of second man to overhear secrets (from animals, demons etc.)",N. Chance and fate.,N400–N699. Lucky accidents.,N440–N499. Valuable secrets learned.,,N450. Secrets overheard.,"N471. Foolish attempt of second man to overhear secrets (from animals, demons etc.). He is punished.",Chance and fate,Lucky accidents,Valuable secrets learned,,Secrets overheard
1546,1755,ATU 954 The Forty Thieves (Ali Baba),K312. Thieves hidden in oil casks.,954,K312,Thieves hidden in oil casks.,K. Deceptions.,K300–K499. Thefts and cheats.,K310–K439. Thefts.,,K310. Means of entering house or treasury.,K312. Thieves hidden in oil casks. In one cask is oil; in the others the robbers are hidden. The girl kills them.,Deceptions,Thefts and cheats,Thefts,,Means of entering house or treasury
1547,1756,ATU 955 The Robber Bridegroom,K1916. Robber bridegroom,955,K1916,Robber bridegroom,K. Deceptions.,K1700–K2099. Deception through shams.,K1900–K1999. Impostures.,,K1910. Marital impostors.,K1916. Robber bridegroom. Robber marries girl under pretence of being a fine gentleman.,Deceptions,Deception through shams,Impostures,,Marital impostors
1548,1757,ATU 955 The Robber Bridegroom,"R135. Abandoned children (wife, etc.) find way back by clue (bread-crumb, grain, pebble, etc.).",955,R135,"Abandoned children (wife, etc.) find way back by clue (bread-crumb, grain, pebble, etc.).",R. Captives and fugitives.,R100–R199. Rescues.,,,R130. Rescue of abandoned or lost persons.,"R135. Abandoned children (wife, etc.) find way back by clue (bread-crumb, grain, pebble, etc.). They have dropped the objects while being led away.",Captives and fugitives,Rescues,,,Rescue of abandoned or lost persons
1549,1758,ATU 955 The Robber Bridegroom,B143.1. Bird gives warning.,955,B143.1,Bird gives warning.,B. Animals.,B100–B199. Magic animals.,B120–B169. Animals with magic wisdom.,,B140. Prophetic animals.,B143.1. Bird gives warning. (Cf. B131.5.),Animals,Magic animals,Animals with magic wisdom,,Prophetic animals
1550,1759,ATU 955 The Robber Bridegroom,H57.2.1. Severed finger as sign of crime.,955,H57.2.1,Severed finger as sign of crime.,H. Tests.,H0–H199. Identity tests: Recognition.,,,H50. Recognition by bodily marks or physical attributes.,H57.2.1. Severed finger as sign of crime. Robber bridegroom thus detected.,Tests,Identity tests: Recognition,,,Recognition by bodily marks or physical attributes
1551,1760,ATU 956 Hot Chamber in the House of Robbers,K912. Robbers' (giants') heads cut off one by one as they enter house.,956,K912,Robbers' (giants') heads cut off one by one as they enter house.,K. Deceptions.,K800–K999. Killing or maiming by deception.,,,K910. Murder by strategy.,K912. Robbers' (giants') heads cut off one by one as they enter house.,Deceptions,Killing or maiming by deception,,,Murder by strategy
1552,1761,ATU 958C* Robber in Shroud,K311.1. Thief disguised as corpse.,958C*,K311.1,Thief disguised as corpse.,K. Deceptions.,K300–K499. Thefts and cheats.,K310–K439. Thefts.,,K310. Means of entering house or treasury.,K311.1. Thief disguised as corpse. In the shroud of the supposed dead man is hidden another robber.,Deceptions,Thefts and cheats,Thefts,,Means of entering house or treasury
1553,1762,ATU 958E* Deep Sleep Brought on by a Robber,K437.2. Robber with hand of glory killed.,958E*,K437.2,Robber with hand of glory killed.,K. Deceptions.,K300–K499. Thefts and cheats.,K310–K439. Thefts.,,K420. Thief loses his goods or is detected.,"K437.2. Robber with hand of glory killed. A robber disguised as a beggar gets night's lodging at a farm house. Using a candle made of human fat or hand of a corpse, he tries to charm the household into a deep sleep (D1162.2.1). One man who is suspicious and has not gone to sleep sees this and kills the robber.",Deceptions,Thefts and cheats,Thefts,,Thief loses his goods or is detected
1554,1763,ATU 960 The Sun Brings All to Light,D1715. Magic power of dying man's words.,960,D1715,Magic power of dying man's words.,D. Magic.,D1700–D2199. Magic powers and manifestations.,D1710–D1799. Possession and means of employment of magic powers.,,D1710. Possession of magic powers.,D1715. Magic power of dying man's words.,Magic,Magic powers and manifestations,Possession and means of employment of magic powers,,Possession of magic powers
1555,1764,ATU 960 The Sun Brings All to Light,N271.1. The sun brings all to light.,960,N271.1,The sun brings all to light.,N. Chance and fate.,N100–N299. The ways of luck and fate.,,,N270. Crime inevitably comes to light.,"N271.1. The sun brings all to light. The murderer repeats as he sees the rays of the sun, the last words of the dying man, thus betraying the crime.",Chance and fate,The ways of luck and fate,,,Crime inevitably comes to light
1556,1765,ATU 960A Cranes of Ibycus,N271.3. The Cranes of Ibycus,960A,N271.3,The Cranes of Ibycus,N. Chance and fate.,N100–N299. The ways of luck and fate.,,,N270. Crime inevitably comes to light.,"N271.3. The Cranes of Ibycus. Murdered man calls on cranes, the only witnesses of the murder, to avenge him. The cranes follow the murderer and point him out.",Chance and fate,The ways of luck and fate,,,Crime inevitably comes to light
1557,1766,ATU 967 Man Saved by a Spider Web,B523.1. Spider-web over hole saves fugitive.,967,B523.1,Spider-web over hole saves fugitive.,B. Animals.,B300–B599. Friendly animals.,B500–B599. Services of helpful animals.,,B520. Animals save person's life.,B523.1. Spider-web over hole saves fugitive. (Cf. A2221.5.),Animals,Friendly animals,Services of helpful animals,,Animals save person's life
1558,1767,ATU 968 Miscellaneous Robber and Murder Stories,"K434.1. The girl seizes the robber concealed under the bed by the beard and says: ""What a coarse bundle of flax.",968,K434.1,"The girl seizes the robber concealed under the bed by the beard and says: ""What a coarse bundle of flax.",K. Deceptions.,K300–K499. Thefts and cheats.,K310–K439. Thefts.,,K420. Thief loses his goods or is detected.,"K434.1. The girl seizes the robber concealed under the bed by the beard and says: ""What a coarse bundle of flax. I need a finer one.""",Deceptions,Thefts and cheats,Thefts,,Thief loses his goods or is detected
1559,1768,ATU 968 Miscellaneous Robber and Murder Stories,K434.3. Girl tells the thief money is in chest.,968,K434.3,Girl tells the thief money is in chest.,K. Deceptions.,K300–K499. Thefts and cheats.,K310–K439. Thefts.,,K420. Thief loses his goods or is detected.,"K434.3. Girl tells the thief money is in chest. When he looks in chest, girl drops lid on him.",Deceptions,Thefts and cheats,Thefts,,Thief loses his goods or is detected
1560,1769,ATU 968 Miscellaneous Robber and Murder Stories,S121. Murder by slamming down chest-lid.,968,S121,Murder by slamming down chest-lid.,S. Unnatural cruelty.,S100–S199. Revolting murders or mutilations.,,,S110. Murders.,S121. Murder by slamming down chest-lid. Done while victim is looking into the chest.,Unnatural cruelty,Revolting murders or mutilations,,,Murders
1561,1770,ATU 968 Miscellaneous Robber and Murder Stories,K343.0.1. Innkeeper deceived into going under the floor of the granary; meantime robbed.,968,K343.0.1,Innkeeper deceived into going under the floor of the granary; meantime robbed.,K. Deceptions.,K300–K499. Thefts and cheats.,K310–K439. Thefts.,,K330. Means of hoodwinking the guardian or owner.,K343.0.1. Innkeeper deceived into going under the floor of the granary; meantime robbed.,Deceptions,Thefts and cheats,Thefts,,Means of hoodwinking the guardian or owner
1562,1771,ATU 973 Man as Sacrifice to the Storm,S264.1. Man thrown overboard to placate storm.,973,S264.1,Man thrown overboard to placate storm.,S. Unnatural cruelty.,S200–S299. Cruel sacrifices.,,,S260. Sacrifices.,S264.1. Man thrown overboard to placate storm. (Cf. S263.5.3.),Unnatural cruelty,Cruel sacrifices,,,Sacrifices
1563,1772,ATU 974 The Homecoming Husband,N681. Husband (lover) arrives home just as wife (mistress) is to marry another,974,N681,Husband (lover) arrives home just as wife (mistress) is to marry another,N. Chance and fate.,N400–N699. Lucky accidents.,N600–N699. Other lucky accidents.,,N680. Lucky accidents – miscellaneous.,N681. Husband (lover) arrives home just as wife (mistress) is to marry another.,Chance and fate,Lucky accidents,Other lucky accidents,,Lucky accidents – miscellaneous
1564,1773,ATU 976 Which was the Noblest Act?,"H1552.1. Which was the most generous -- husband, robber, or lover?",976,H1552.1,"Which was the most generous -- husband, robber, or lover?",H. Tests.,H1400–H1599. Other tests.,H1550–H1569. Tests of character.,,H1550. Tests of character.,"H1552.1. Which was the most generous – husband, robber, or lover? Woman has promised her lover to go to him on her wedding night. Husband lets her go. On way she meets robbers and tells her story. Robbers take her to her lover. She tells what has happened. Lover returns her immediately to her husband.",Tests,Other tests,Tests of character,,Tests of character
1565,1774,ATU 980 Ungrateful Son,J121. Ungrateful son reproved by naïve action of his own son: preparing for old age.,980,J121,Ungrateful son reproved by naïve action of his own son: preparing for old age.,J. The wise and the foolish.,J0–J199. Acquisition and possession of wisdom (knowledge).,,,J120. Wisdom learned from children.,J121. Ungrateful son reproved by naïve action of his own son: preparing for old age. Man gives his old father half a carpet to keep him warm. Child keeps the other half and tells his father that he is keeping it for him when he grows old.,The wise and the foolish,Acquisition and possession of wisdom (knowledge),,,Wisdom learned from children
1566,1775,ATU 980 Ungrateful Son,J121.2. Undutiful son rebuked by father.,980,J121.2,Undutiful son rebuked by father.,J. The wise and the foolish.,J0–J199. Acquisition and possession of wisdom (knowledge).,,,J120. Wisdom learned from children.,"J121.2. Undutiful son rebuked by father. Father tells son not to drag him past the threshold, because he had dragged his own father only up to that point when he had thought of putting him out of his house.",The wise and the foolish,Acquisition and possession of wisdom (knowledge),,,Wisdom learned from children
1567,1779,ATU 980D Meat Springs as a Toad on the Face of an Ungrateful Son,D444.2. Transformation: meat to toad.,980D,D444.2,Transformation: meat to toad.,D. Magic.,D0–D699. Transformation.,D400–D499. Other forms of transformation.,,D440. Transformation: object to animal.,D444.2. Transformation: meat to toad. Punishment for ungrateful son.,Magic,Transformation,Other forms of transformation,,Transformation: object to animal
1568,1780,ATU 981 Wisdom of Hidden Old Man Saves Kingdom,J151.1. Wisdom of hidden old man saves kingdom.,981,J151.1,Wisdom of hidden old man saves kingdom.,J. The wise and the foolish.,J0–J199. Acquisition and possession of wisdom (knowledge).,,,J150. Other means of acquiring wisdom (knowledge).,"J151.1. Wisdom of hidden old man saves kingdom. In famine all old men are ordered killed. One man hides his father. When all goes wrong in the hands of the young rulers, the old man comes forth, performs assigned tasks, and aids with his wisdom.",The wise and the foolish,Acquisition and possession of wisdom (knowledge),,,Other means of acquiring wisdom (knowledge)
1569,1781,ATU 982 Pretended Inheritance,P236.2. Supposed chest of gold induces children to care for aged father.,982,P236.2,Supposed chest of gold induces children to care for aged father.,P. Society.,P200–P299. The family.,,,P230. Parents and children.,P236.2. Supposed chest of gold induces children to care for aged father. They think that the chest of stones contains the inheritance.,Society,The family,,,Parents and children
1570,1782,ATU 982 Pretended Inheritance,Q281.1. Ungrateful children punished.,982,Q281.1,Ungrateful children punished.,Q. Rewards and punishments.,Q200–Q399. Deeds punished.,,,Q280. Unkindness punished.,"Q281.1. Ungrateful children punished. (Cf. Q551.1, Q557.1, Q557.2, Q588.)",Rewards and punishments,Deeds punished,,,Unkindness punished
1571,1785,ATU 990 Seemingly Dead Revives,K426. Apparently dead woman revives when thief tries to steal from her grave.,990,K426,Apparently dead woman revives when thief tries to steal from her grave.,K. Deceptions.,K300–K499. Thefts and cheats.,K310–K439. Thefts.,,K420. Thief loses his goods or is detected.,K426. Apparently dead woman revives when thief tries to steal from her grave.,Deceptions,Thefts and cheats,Thefts,,Thief loses his goods or is detected
1572,1786,ATU 992 The Eaten Heart,Q478.1. The Eaten Heart.,992,Q478.1,The Eaten Heart.,Q. Rewards and punishments.,Q400–Q599. Kinds of punishment.,,,Q470. Humiliating punishments.,Q478.1. The Eaten Heart. Adulteress is caused unwittingly to eat her lover's heart. (Sometimes other parts of his body.) (Cf. Q241.),Rewards and punishments,Kinds of punishment,,,Humiliating punishments
1573,1788,ATU 1000 Contest Not to Become Angry,K172. Anger bargain.,1000,K172,Anger bargain.,K. Deceptions.,K100–K299. Deceptive bargains.,,,K170. Deception through pseudo-simple bargain.,K172. Anger bargain. The trickster makes a bargain with his master that the first to become angry must submit to punishment. He thereupon heaps abuses on his master till the latter breaks out in anger and must take his punishment.,Deceptions,Deceptive bargains,,,Deception through pseudo-simple bargain
1574,1789,ATU 1000 Contest Not to Become Angry,F613.3. Strong man's labor contract: anger bargain.,1000,F613.3,Strong man's labor contract: anger bargain.,F. Marvels.,F200–F699. Marvelous creatures.,F600-F699. Persons with extraordinary powers.,,F610. Remarkably strong man.,F613.3. Strong man's labor contract: anger bargain. First to become angry shall receive blow.,Marvels,Marvelous creatures,-F699. Persons with extraordinary powers,,Remarkably strong man
1575,1790,ATU 1002 Destroying the Master's Property,K1400. Dupe's property destroyed.,1002,K1400,Dupe's property destroyed.,K. Deceptions.,K1400–K1499. Dupe's property destroyed.,,,K1400. Dupe's property destroyed.,K1400. Dupe's property destroyed.,Deceptions,Dupe's property destroyed,,,Dupe's property destroyed
1576,1791,ATU 1003 Plowing,K1411. Plowing the field: horse and harness destroyed.,1003,K1411,Plowing the field: horse and harness destroyed.,K. Deceptions.,K1400–K1499. Dupe's property destroyed.,,,K1410. Dupe's goods destroyed.,K1411. Plowing the field: horse and harness destroyed. The youth is told to come home from plowing when the dog does. He beats the dog so that it runs home; then he destroys the horse and harness and goes home.,Deceptions,Dupe's property destroyed,,,Dupe's goods destroyed
1577,1792,ATU 1004 Hogs in the mud; sheep in the air,K404.1. Tails in ground.,1004,K404.1,Tails in ground.,K. Deceptions.,K300–K499. Thefts and cheats.,K310–K439. Thefts.,,K400. Thief escapes detection.,"K404.1. Tails in ground. Thief steals animals and sticks severed tails into the ground, claiming that animals have escaped underground.",Deceptions,Thefts and cheats,Thefts,,Thief escapes detection
1578,1793,ATU 1004 Hogs in the mud; sheep in the air,K404.3. Stolen sheep's tails severed and put in tree.,1004,K404.3,Stolen sheep's tails severed and put in tree.,K. Deceptions.,K300–K499. Thefts and cheats.,K310–K439. Thefts.,,K400. Thief escapes detection.,K404.3. Stolen sheep's tails severed and put in tree. Owner made to believe that they have escaped through the air.,Deceptions,Thefts and cheats,Thefts,,Thief escapes detection
1579,1794,ATU 1004 Hogs in the mud; sheep in the air,K404.2. Ox's tail in another's mouth,1004,K404.2,Ox's tail in another's mouth,K. Deceptions.,K300–K499. Thefts and cheats.,K310–K439. Thefts.,,K400. Thief escapes detection.,K404.2. Ox's tail in another's mouth. The thief kills one ox and puts the tail in another ox's mouth: the owner thinks one ox has eaten the other.,Deceptions,Thefts and cheats,Thefts,,Thief escapes detection
1580,1795,ATU 1005 A Bridge (Road) of Carcasses,K1441. Building a bridge of cattle,1005,K1441,Building a bridge of cattle,K. Deceptions.,K1400–K1499. Dupe's property destroyed.,,,K1440. Dupe's animals destroyed or maimed.,"K1441. Building a bridge of cattle. Ordered to build a bridge not of wood, stone, iron, or earth, the trickster uses the carcasses of cattle.",Deceptions,Dupe's property destroyed,,,Dupe's animals destroyed or maimed
1581,1796,ATU 1006 Casting eyes,K1442. Casting eyes: animal's eyes.,1006,K1442,Casting eyes: animal's eyes.,K. Deceptions.,K1400–K1499. Dupe's property destroyed.,,,K1440. Dupe's animals destroyed or maimed.,"K1442. Casting eyes: animal's eyes. Ordered to cast eyes on this or that, the trickster kills animals and casts their eyes at the object.",Deceptions,Dupe's property destroyed,,,Dupe's animals destroyed or maimed
1582,1797,ATU 1006* Kill the Sheep That is Looking at You,K1440. Dupe's animals destroyed or maimed.,1006*,K1440,Dupe's animals destroyed or maimed.,K. Deceptions.,K1400–K1499. Dupe's property destroyed.,,,K1440. Dupe's animals destroyed or maimed.,K1440. Dupe's animals destroyed or maimed.,Deceptions,Dupe's property destroyed,,,Dupe's animals destroyed or maimed
1583,1798,ATU 1008 Lighting the Road,K1412. Lighting the road (or painting the house red).,1008,K1412,Lighting the road (or painting the house red).,K. Deceptions.,K1400–K1499. Dupe's property destroyed.,,,K1410. Dupe's goods destroyed.,K1412. Lighting the road (or painting the house red). The house set on fire.,Deceptions,Dupe's property destroyed,,,Dupe's goods destroyed
1584,1799,ATU 1009 Guarding the Store-room Door,K1413. Guarding the door.,1009,K1413,Guarding the door.,K. Deceptions.,K1400–K1499. Dupe's property destroyed.,,,K1410. Dupe's goods destroyed.,K1413. Guarding the door. It is lifted off and carried away.,Deceptions,Dupe's property destroyed,,,Dupe's goods destroyed
1585,1800,ATU 1010 Repairing the House,K1415. Repairing the house,1010,K1415,Repairing the house,K. Deceptions.,K1400–K1499. Dupe's property destroyed.,,,K1410. Dupe's goods destroyed.,K1415. Repairing the house. House or furniture destroyed.,Deceptions,Dupe's property destroyed,,,Dupe's goods destroyed
1586,1801,ATU 1011 Tearing up the Orchard (Vineyard),K1416. Tearing up the orchard (vineyard).,1011,K1416,Tearing up the orchard (vineyard).,K. Deceptions.,K1400–K1499. Dupe's property destroyed.,,,K1410. Dupe's goods destroyed.,K1416. Tearing up the orchard (vineyard). Rascal has been told to cut wood.,Deceptions,Dupe's property destroyed,,,Dupe's goods destroyed
1587,1802,ATU 1012 Cleaning the Child,K1461.1. Cleaning the child.,1012,K1461.1,Cleaning the child.,K. Deceptions.,K1400–K1499. Dupe's property destroyed.,,,K1460. Members of dupe's family killed.,K1461.1. Cleaning the child. Intestines taken out and cleaned.,Deceptions,Dupe's property destroyed,,,Members of dupe's family killed
1588,1803,ATU 1013 Bathing (Warming) Grandmother,K1462. Washing the grandmother -- in boiling water.,1013,K1462,Washing the grandmother -- in boiling water.,K. Deceptions.,K1400–K1499. Dupe's property destroyed.,,,K1460. Members of dupe's family killed.,K1462. Washing the grandmother – in boiling water.,Deceptions,Dupe's property destroyed,,,Members of dupe's family killed
1589,1804,ATU 1029 The woman as Cuckoo in the Tree,K1691. The woman as cuckoo on the tree shot down.,1029,K1691,The woman as cuckoo on the tree shot down.,K. Deceptions.,K1600–K1699. Deceiver falls into own trap.,,,K1610. Deceiver falls into his own trap – miscellaneous incidents.,K1691. The woman as cuckoo on the tree shot down. The anger bargain is to cease when the cuckoo crows. The ogre's wife climbs the tree and imitates the cuckoo. She is shot down.,Deceptions,Deceiver falls into own trap,,,Deceiver falls into his own trap – miscellaneous incidents
1590,1805,ATU 1030 The Crop Division,"K171.1. Deceptive crop division: above the ground, below the ground.",1030,K171.1,"Deceptive crop division: above the ground, below the ground.",K. Deceptions.,K100–K299. Deceptive bargains.,,,K170. Deception through pseudo-simple bargain.,"K171.1. Deceptive crop division: above the ground, below the ground. Of root crops the ogre (stupid animal) chooses the tops; of other crops the roots. (Cf. J242.8.)",Deceptions,Deceptive bargains,,,Deception through pseudo-simple bargain
1591,1806,ATU 1036 Hogs with Curly Tails,K171.4. Deceptive division of pigs: curly and straight tails.,1036,K171.4,Deceptive division of pigs: curly and straight tails.,K. Deceptions.,K100–K299. Deceptive bargains.,,,K170. Deception through pseudo-simple bargain.,"K171.4. Deceptive division of pigs: curly and straight tails. All with curly tails belong to the trickster, others to the dupe.",Deceptions,Deceptive bargains,,,Deception through pseudo-simple bargain
1592,1807,ATU 1045 Pulling the Lake Together,K1744. Hero threatens to pull the lake together with a rope.,1045,K1744,Hero threatens to pull the lake together with a rope.,K. Deceptions.,K1700–K2099. Deception through shams.,K1700–K1799. Deception through bluffing.,,K1710. Ogre (large animal) overawed.,K1744. Hero threatens to pull the lake together with a rope. The ogre is intimidated.,Deceptions,Deception through shams,Deception through bluffing,,Ogre (large animal) overawed
1593,1808,ATU 1049 The heavy axe,K1741.1. Felling the whole forest.,1049,K1741.1,Felling the whole forest.,K. Deceptions.,K1700–K2099. Deception through shams.,K1700–K1799. Deception through bluffing.,,K1710. Ogre (large animal) overawed.,"K1741.1. Felling the whole forest. Told to bring in a tree, the hero asks, ""Why not the whole forest?"" The ogre is frightened.",Deceptions,Deception through shams,Deception through bluffing,,Ogre (large animal) overawed
1594,1809,ATU 1049 The heavy axe,K1741.3. Bringing the whole well.,1049,K1741.3,Bringing the whole well.,K. Deceptions.,K1700–K2099. Deception through shams.,K1700–K1799. Deception through bluffing.,,K1710. Ogre (large animal) overawed.,"K1741.3. Bringing the whole well. Told to get water, hero demands bucket large enough to bring in the whole well. The ogre is frightened.",Deceptions,Deception through shams,Deception through bluffing,,Ogre (large animal) overawed
1595,1810,ATU 1050 Felling trees,K44. Deceptive contest in chopping.,1050,K44,Deceptive contest in chopping.,K. Deceptions.,K0–K99. Contests won by deception.,,,K40. Labor contest won by deception.,K44. Deceptive contest in chopping.,Deceptions,Contests won by deception,,,Labor contest won by deception
1596,1811,ATU 1050 Felling trees,K178. Deceptive bargain: felling the tree.,1050,K178,Deceptive bargain: felling the tree.,K. Deceptions.,K100–K299. Deceptive bargains.,,,K170. Deception through pseudo-simple bargain.,"K178. Deceptive bargain: felling the tree. The ogre and the trickster agree to fell a large tree. The trickster purposely dulls his axe on a stone and then asks the ogre to exchange. Rather than work with a dull axe, the ogre does all the work.",Deceptions,Deceptive bargains,,,Deception through pseudo-simple bargain
1597,1812,ATU 1050 Felling trees,K1421. Clearing land: axe broken.,1050,K1421,Clearing land: axe broken.,K. Deceptions.,K1400–K1499. Dupe's property destroyed.,,,K1410. Dupe's goods destroyed.,K1421. Clearing land: axe broken.,Deceptions,Dupe's property destroyed,,,Dupe's goods destroyed
1598,1813,ATU 1051 Bending a Tree,K1112. Bending the tree.,1051,K1112,Bending the tree.,K. Deceptions.,K1000–K1199. Deception into self-injury.,,,K1110. Deceptions into self injury – miscellaneous.,K1112. Bending the tree. Hero bends tree over but when he catches breath the tree shoots him to the sky.,Deceptions,Deception into self-injury,,,Deceptions into self injury – miscellaneous
1599,1814,ATU 1052 Carrying a Tree,K71. Deceptive contest in carrying a tree: riding.,1052,K71,Deceptive contest in carrying a tree: riding.,K. Deceptions.,K0–K99. Contests won by deception.,,,K70. Contest in strength won by deception.,K71. Deceptive contest in carrying a tree: riding. The trickster has the dupe carry the branches of a tree while he carries the trunk. He rides on the trunk.,Deceptions,Contests won by deception,,,Contest in strength won by deception
1600,1815,ATU 1053 Shooting Wild Boars,K1741.2. A thousand at one shot.,1053,K1741.2,A thousand at one shot.,K. Deceptions.,K1700–K2099. Deception through shams.,K1700–K1799. Deception through bluffing.,,K1710. Ogre (large animal) overawed.,"K1741.2. A thousand at one shot. Told to shoot one or two wild boars, hero asks, ""Why not a thousand at one shot?"" The ogre is frightened.",Deceptions,Deception through shams,Deception through bluffing,,Ogre (large animal) overawed
1601,1816,ATU 1060 Squeezing the (Supposed) Stone,K62. Contest in squeezing water from a stone.,1060,K62,Contest in squeezing water from a stone.,K. Deceptions.,K0–K99. Contests won by deception.,,,K60. Absurd contest won by deception.,K62. Contest in squeezing water from a stone. The ogre squeezes a stone; the trickster a cheese or egg.,Deceptions,Contests won by deception,,,Absurd contest won by deception
1602,1817,ATU 1061 Biting a Stone to Pieces,K63. Contest in biting a stone.,1061,K63,Contest in biting a stone.,K. Deceptions.,K0–K99. Contests won by deception.,,,K60. Absurd contest won by deception.,K63. Contest in biting a stone. The ogre bites a stone; the man a nut.,Deceptions,Contests won by deception,,,Absurd contest won by deception
1603,1818,ATU 1062 Throwing a Stone,K18.3. Throwing contest: bird substituted for stone.,1062,K18.3,Throwing contest: bird substituted for stone.,K. Deceptions.,K0–K99. Contests won by deception.,,,K10. Athletic contest won by deception.,K18.3. Throwing contest: bird substituted for stone. The ogre throws a stone; the hero a bird which flies out of sight.,Deceptions,Contests won by deception,,,Athletic contest won by deception
1604,1819,ATU 1063 Throwing a Club,K18.2. Throwing contest: golden club on the cloud.,1063,K18.2,Throwing contest: golden club on the cloud.,K. Deceptions.,K0–K99. Contests won by deception.,,,K10. Athletic contest won by deception.,K18.2. Throwing contest: golden club on the cloud. Trickster shows the ogre the club he has thrown. (Really only a bright spot on the cloud.) (Cf. K1746.),Deceptions,Contests won by deception,,,Athletic contest won by deception
1605,1820,ATU 1063A Throwing Contest,K18.1. Throwing contest: trickster shouts.,1063A,K18.1,Throwing contest: trickster shouts.,K. Deceptions.,K0–K99. Contests won by deception.,,,K10. Athletic contest won by deception.,K18.1. Throwing contest: trickster shouts. He is trying to warn the people beyond the sea with his cry. The ogre is intimidated. (Cf. K12.1.),Deceptions,Contests won by deception,,,Athletic contest won by deception
1606,1821,ATU 1063A Throwing Contest,K18.1.1. Throwing contest: trickster addresses Angel Gabriel.,1063A,K18.1.1,Throwing contest: trickster addresses Angel Gabriel.,K. Deceptions.,K0–K99. Contests won by deception.,,,K10. Athletic contest won by deception.,K18.1.1. Throwing contest: trickster addresses Angel Gabriel. Offers him the ogre's cane. The ogre is intimidated.,Deceptions,Contests won by deception,,,Athletic contest won by deception
1607,1822,ATU 1063A Throwing Contest,"K18.1.2. Throwing contest: trickster addresses Angel Gabriel or St. Peter,",1063A,K18.1.2,"Throwing contest: trickster addresses Angel Gabriel or St. Peter,",K. Deceptions.,K0–K99. Contests won by deception.,,,K10. Athletic contest won by deception.,"K18.1.2. Throwing contest: trickster addresses Angel Gabriel or St. Peter, warns him to get out of way of missile trickster is about to throw.",Deceptions,Contests won by deception,,,Athletic contest won by deception
1608,1824,ATU 1070 Wrestling Contest,K12.1. Wrestling match won by deception: where to throw the ogre,1070,K12.1,Wrestling match won by deception: where to throw the ogre,K. Deceptions.,K0–K99. Contests won by deception.,,,K10. Athletic contest won by deception.,"K12.1. Wrestling match won by deception: where to throw the ogre. The ogre squeezes the man so that his eyes bulge out. The ogre: ""Why do you glare so?"" – ""I am looking to see where to throw you."" The ogre flees (Cf. K18.1.)",Deceptions,Contests won by deception,,,Athletic contest won by deception
1609,1825,ATU 1071 Wrestling Contest (with Old Grandfather),"K12.2. Wrestling match won by deception: bear as ""grandfather.""",1071,K12.2,"Wrestling match won by deception: bear as ""grandfather.""",K. Deceptions.,K0–K99. Contests won by deception.,,,K10. Athletic contest won by deception.,"K12.2. Wrestling match won by deception: bear as ""grandfather."" A man challenged by an ogre persuades the latter to wrestle with his old grandfather instead. By this he means a bear. (Cf. K11.6, K15.1.)",Deceptions,Contests won by deception,,,Athletic contest won by deception
1610,1826,ATU 1072 Running Contest,"K11.6. Race won by deception: rabbit as ""little son"" substitute.",1072,K11.6,"Race won by deception: rabbit as ""little son"" substitute.",K. Deceptions.,K0–K99. Contests won by deception.,,,K10. Athletic contest won by deception.,"K11.6. Race won by deception: rabbit as ""little son"" substitute. A man challenged by an ogre to a running race persuades the ogre to race with his little son instead. By this he means a rabbit. (Cf. K12.2, K15.1.)",Deceptions,Contests won by deception,,,Athletic contest won by deception
1611,1827,ATU 1073 Climbing Contest,"K15.1. Climbing match won by deception: squirrel as ""child""",1073,K15.1,"Climbing match won by deception: squirrel as ""child""",K. Deceptions.,K0–K99. Contests won by deception.,,,K10. Athletic contest won by deception.,"K15.1. Climbing match won by deception: squirrel as ""child"". The ogre agrees to contest against the man's young one, i.e., a squirrel. (Cf. K11.6, K12.2.)",Deceptions,Contests won by deception,,,Athletic contest won by deception
1612,1828,ATU 1082 Carrying the Horse,K72. Deceptive contest in carrying a horse.,1082,K72,Deceptive contest in carrying a horse.,K. Deceptions.,K0–K99. Contests won by deception.,,,K70. Contest in strength won by deception.,K72. Deceptive contest in carrying a horse. The ogre carries it on his back and soon tires; the man carries it between his legs (rides).,Deceptions,Contests won by deception,,,Contest in strength won by deception
1613,1829,ATU 1085 Making a hole in a tree,K61. Contest in pushing hole in tree: hole prepared beforehand.,1085,K61,Contest in pushing hole in tree: hole prepared beforehand.,K. Deceptions.,K0–K99. Contests won by deception.,,,K60. Absurd contest won by deception.,K61. Contest in pushing hole in tree: hole prepared beforehand. Hero and ogre to vie in pushing a hole in a tree with their heads.,Deceptions,Contests won by deception,,,Absurd contest won by deception
1614,1830,ATU 1088 Eating/Drinking contest,K81. Deceptive eating contest.,1088,K81,Deceptive eating contest.,K. Deceptions.,K0–K99. Contests won by deception.,,,K80. Contests in other physical accomplishments won by deception.,K81. Deceptive eating contest.,Deceptions,Contests won by deception,,,Contests in other physical accomplishments won by deception
1615,1831,ATU 1088 Eating/Drinking contest,K81.1. Deceptive eating contest: hole in bag.,1088,K81.1,Deceptive eating contest: hole in bag.,K. Deceptions.,K0–K99. Contests won by deception.,,,K80. Contests in other physical accomplishments won by deception.,K81.1. Deceptive eating contest: hole in bag. The hero slips his food into a bag and makes the ogre believe that he is the greater eater. (In many versions the hero cuts open the bag; the ogre imitates and kills himself.) (Cf. K82.1.),Deceptions,Contests won by deception,,,Contests in other physical accomplishments won by deception
1616,1832,ATU 1088 Eating/Drinking contest,K82.3. Deceptive contest in drinking whisky.,1088,K82.3,Deceptive contest in drinking whisky.,K. Deceptions.,K0–K99. Contests won by deception.,,,K80. Contests in other physical accomplishments won by deception.,"K82.3. Deceptive contest in drinking whisky. The man drinks water, the devil is given vinegar.",Deceptions,Contests won by deception,,,Contests in other physical accomplishments won by deception
1617,1833,ATU 1088 Threshing Contest,K42.1. Threshing contest,1088,K42.1,Threshing contest,K. Deceptions.,K0–K99. Contests won by deception.,,,K40. Labor contest won by deception.,K42.1. Threshing contest.,Deceptions,Contests won by deception,,,Labor contest won by deception
1618,1834,ATU 1090 Mowing Contest,K42.2. Mowing contest won by trickery.,1090,K42.2,Mowing contest won by trickery.,K. Deceptions.,K0–K99. Contests won by deception.,,,K40. Labor contest won by deception.,K42.2. Mowing contest won by trickery. The man takes the center of the field. The ogre is given a dull sickle and mows around the outside of the field.,Deceptions,Contests won by deception,,,Labor contest won by deception
1619,1835,ATU 1091 Bringing an Unknown Animal,K216.2. Bringing the devil an unknown animal.,1091,K216.2,Bringing the devil an unknown animal.,K. Deceptions.,K100–K299. Deceptive bargains.,K200–K249. Deception in payment of debt.,,K210. Devil cheated of his promised soul.,K216.2. Bringing the devil an unknown animal. The man sends his naked wife on all fours in tar and feathers. The devil has never seen such an animal.,Deceptions,Deceptive bargains,Deception in payment of debt,,Devil cheated of his promised soul
1620,1836,ATU 1091 Bringing an Unknown Animal,K31.1. Contest: shooting an unheard-of bird.,1091,K31.1,Contest: shooting an unheard-of bird.,K. Deceptions.,K0–K99. Contests won by deception.,,,K30. Hunting contest won by deception.,K31.1. Contest: shooting an unheard-of bird. The man sends his wife on all fours in tar and feathers. The ogre has never heard of such a bird.,Deceptions,Contests won by deception,,,Hunting contest won by deception
1621,1837,ATU 1096 Sewing Contest,K47.1. Sewing contest won by deception: the long thread.,1096,K47.1,Sewing contest won by deception: the long thread.,K. Deceptions.,K0–K99. Contests won by deception.,,,K40. Labor contest won by deception.,"K47.1. Sewing contest won by deception: the long thread. The ogre sews with the whole length of the thread. When he returns from the first stitch, the tailor has his task finished.",Deceptions,Contests won by deception,,,Labor contest won by deception
1622,1838,"ATU 43 Bear Builds a House of Wood, the Fox of Ice",J741.1. Bear builds house of wood; fox of ice.,43,J741.1,Bear builds house of wood; fox of ice.,J. The wise and the foolish.,J200–J1099. Wise and unwise conduct.,J600–J799. Forethought.,J700–J749. Forethought in provision for live.,J740. Forethought in provision for shelter.,J741.1. Bear builds house of wood; fox of ice. Fox's house fails him in summer.,The wise and the foolish,Wise and unwise conduct,Forethought,Forethought in provision for live,Forethought in provision for shelter
1623,1839,ATU 1115 Attempted Murder with a Hatchet,K525.1. Substituted object left in bed while intended victim escapes.,1115,K525.1,Substituted object left in bed while intended victim escapes.,K. Deceptions.,K500–K699. Escape by deception.,,,"K520. Death escaped through disguise, shamming, or substitution.",K525.1. Substituted object left in bed while intended victim escapes.,Deceptions,Escape by deception,,,"Death escaped through disguise, shamming, or substitution"
1624,1840,ATU 1119 Ogre Kills His Mother (Wife),K1611. Substituted caps cause ogre to kill his own children.,1119,K1611,Substituted caps cause ogre to kill his own children.,K. Deceptions.,K1600–K1699. Deceiver falls into own trap.,,,K1610. Deceiver falls into his own trap – miscellaneous incidents.,K1611. Substituted caps cause ogre to kill his own children. The hero and heroine change places in bed with the ogre's children and put on them their caps so that the ogre is deceived.,Deceptions,Deceiver falls into own trap,,,Deceiver falls into his own trap – miscellaneous incidents
1625,1842,ATU 1121 The Ogre's Wife Burned in Her Own Oven,G512.3.2.1. Ogre's wife (daughter) burned in his own oven.,1121,G512.3.2.1,Ogre's wife (daughter) burned in his own oven.,G. Ogres.,G500–G599. Ogre defeated.,,,"G510. Ogre killed, maimed, or captured.",G512.3.2.1. Ogre's wife (daughter) burned in his own oven.,Ogres,Ogre defeated,,,"Ogre killed, maimed, or captured"
1626,1843,ATU 1122 Ogre's wife killed through other tricks,G519.1. Ogre's wife killed through other tricks,1122,G519.1,Ogre's wife killed through other tricks,G. Ogres.,G500–G599. Ogre defeated.,,,"G510. Ogre killed, maimed, or captured.",G519.1. Ogre's wife killed through other tricks.,Ogres,Ogre defeated,,,"Ogre killed, maimed, or captured"
1627,1844,ATU 1130 Counting out Pay,K275. Counting out pay.,1130,K275,Counting out pay.,K. Deceptions.,K100–K299. Deceptive bargains.,,,K250. Other deceptive bargains.,K275. Counting out pay. Hole in the hat and hat over a pit.,Deceptions,Deceptive bargains,,,Other deceptive bargains
1628,1845,ATU 1133 Making Strong,K1012.1. Making the dupe strong -- by castration.,1133,K1012.1,Making the dupe strong -- by castration.,K. Deceptions.,K1000–K1199. Deception into self-injury.,,,K1010. Deception through false doctoring.,K1012.1. Making the dupe strong – by castration.,Deceptions,Deception into self-injury,,,Deception through false doctoring
1629,1846,ATU 1133 Making Strong,K241. The castration bargain: wife sent.,1133,K241,The castration bargain: wife sent.,K. Deceptions.,K100–K299. Deceptive bargains.,K200–K249. Deception in payment of debt.,,K230. Other deceptions in the payment of debt.,K241. The castration bargain: wife sent. The trickster castrates the dupe and is to come the next day and be castrated himself. He sends his wife as substitute.,Deceptions,Deceptive bargains,Deception in payment of debt,,Other deceptions in the payment of debt
1630,1847,ATU 1133 Making Strong,K1012.2. Making the dupe strong -- by scalding.,1133,K1012.2,Making the dupe strong -- by scalding.,K. Deceptions.,K1000–K1199. Deception into self-injury.,,,K1010. Deception through false doctoring.,K1012.2. Making the dupe strong – by scalding.,Deceptions,Deception into self-injury,,,Deception through false doctoring
1631,1848,ATU 1135 Eye-remedy,K1010. Deception through false doctoring.,1135,K1010,Deception through false doctoring.,K. Deceptions.,K1000–K1199. Deception into self-injury.,,,K1010. Deception through false doctoring.,K1010. Deception through false doctoring.,Deceptions,Deception into self-injury,,,Deception through false doctoring
1632,1849,ATU 1135 Eye-remedy,K1011. Eye-remedy.,1135,K1011,Eye-remedy.,K. Deceptions.,K1000–K1199. Deception into self-injury.,,,K1010. Deception through false doctoring.,K1011. Eye-remedy. Under pretence of curing eyesight the trickster blinds the dupe. (Often with a glowing mass thrust into the eye.),Deceptions,Deception into self-injury,,,Deception through false doctoring
1633,1850,ATU 1137 Blinded Ogre (Polyphemus),F512.1.1. Person with one eye in center of forehead.,1137,F512.1.1,Person with one eye in center of forehead.,F. Marvels.,F200–F699. Marvelous creatures.,F500–F599. Remarkable persons.,,F510. Monstrous persons.,"F512.1.1. Person with one eye in center of forehead. (Cf. F441.4.1, F531.1.1.1.)",Marvels,Marvelous creatures,Remarkable persons,,Monstrous persons
1634,1851,ATU 1137 Blinded Ogre (Polyphemus),G100. Giant ogre.,1137,G100,Giant ogre.,G. Ogres.,G10–G399. Kinds of ogres.,G100–G199. Giant ogres.,,G100. Giant ogre.,"G100. Giant ogre. Polyphemus. (For motifs concerning giants who are not malevolent but merely large, see F531.)",Ogres,Kinds of ogres,Giant ogres,,Giant ogre
1635,1852,ATU 1137 Blinded Ogre (Polyphemus),K1010. Deception through false doctoring.,1137,K1010,Deception through false doctoring.,K. Deceptions.,K1000–K1199. Deception into self-injury.,,,K1010. Deception through false doctoring.,K1010. Deception through false doctoring.,Deceptions,Deception into self-injury,,,Deception through false doctoring
1636,1853,ATU 1137 Blinded Ogre (Polyphemus),K1011. Eye-remedy.,1137,K1011,Eye-remedy.,K. Deceptions.,K1000–K1199. Deception into self-injury.,,,K1010. Deception through false doctoring.,K1011. Eye-remedy. Under pretence of curing eyesight the trickster blinds the dupe. (Often with a glowing mass thrust into the eye.),Deceptions,Deception into self-injury,,,Deception through false doctoring
1637,1854,ATU 1137 Blinded Ogre (Polyphemus),F521.1. Man covered with hair like animal.,1137,F521.1,Man covered with hair like animal.,F. Marvels.,F200–F699. Marvelous creatures.,F500–F599. Remarkable persons.,,F510. Monstrous persons.,F521.1. Man covered with hair like animal.,Marvels,Marvelous creatures,Remarkable persons,,Monstrous persons
1638,1855,ATU 1137 Blinded Ogre (Polyphemus),K603. Escape under ram's belly,1137,K603,Escape under ram's belly,K. Deceptions.,K500–K699. Escape by deception.,,,K600. Murderer or captor otherwise beguiled.,K603. Escape under ram's belly. By hiding under the belly of a ram the hero escapes under the legs of the blind ogre.,Deceptions,Escape by deception,,,Murderer or captor otherwise beguiled
1639,1856,ATU 1138 Gilding the Beard,"K1013.1. Making the beard golden: ""such a one"".",1138,K1013.1,"Making the beard golden: ""such a one"".",K. Deceptions.,K1000–K1199. Deception into self-injury.,,,K1010. Deception through false doctoring.,"K1013.1. Making the beard golden: ""such a one"". A man named ""Such a one"" persuades an ogre to have his beard gilded. He covers it with tar and leaves the ogre caught to the tar-kettle. The ogre with his tar-kettle wanders about and asks everyone, ""Have you seen such a one?""",Deceptions,Deception into self-injury,,,Deception through false doctoring
1640,1857,ATU 1145 Afraid of Strange Noise,K2345. Ogre frightened at rustling.,1145,K2345,Ogre frightened at rustling.,K. Deceptions.,K2300–K2399. Other deceptions.,,,K2320. Deception by frightening.,K2345. Ogre frightened at rustling. Man sets juniper afire.,Deceptions,Other deceptions,,,Deception by frightening
1641,1858,ATU 1146 Millstones,K1718.2. Bluff: millstones said to be pearls of hero's mother.,1146,K1718.2,Bluff: millstones said to be pearls of hero's mother.,K. Deceptions.,K1700–K2099. Deception through shams.,K1700–K1799. Deception through bluffing.,,K1710. Ogre (large animal) overawed.,K1718.2. Bluff: millstones said to be pearls of hero's mother. Ogre overawed.,Deceptions,Deception through shams,Deception through bluffing,,Ogre (large animal) overawed
1642,1859,ATU 1149 Bluff: Children Desire Tiger's Flesh,K1715.4. Enemies frightened away by making them think they will be eaten.,1149,K1715.4,Enemies frightened away by making them think they will be eaten.,K. Deceptions.,K1700–K2099. Deception through shams.,K1700–K1799. Deception through bluffing.,,K1710. Ogre (large animal) overawed.,K1715.4. Enemies frightened away by making them think they will be eaten.,Deceptions,Deception through shams,Deception through bluffing,,Ogre (large animal) overawed
1643,1860,ATU 1149 Bluff: Children Desire Tiger's Flesh,K1715.2. Bluff: only one tiger; you promised ten,1149,K1715.2,Bluff: only one tiger; you promised ten,K. Deceptions.,K1700–K2099. Deception through shams.,K1700–K1799. Deception through bluffing.,,K1710. Ogre (large animal) overawed.,"K1715.2. Bluff: only one tiger; you promised ten. Child (or shepherd) calls out to the small hero (ape, hare) and makes the tiger (ogre) think that he is lucky to escape alive.",Deceptions,Deception through shams,Deception through bluffing,,Ogre (large animal) overawed
1644,1861,ATU 1149 Bluff: Children Desire a Tiger's Flesh,K1715. Weak animal (man) makes large one (ogre) believe that he has eaten many of the large one's companions.,1149,K1715,Weak animal (man) makes large one (ogre) believe that he has eaten many of the large one's companions.,K. Deceptions.,K1700–K2099. Deception through shams.,K1700–K1799. Deception through bluffing.,,K1710. Ogre (large animal) overawed.,K1715. Weak animal (man) makes large one (ogre) believe that he has eaten many of the large one's companions. The latter is frightened.,Deceptions,Deception through shams,Deception through bluffing,,Ogre (large animal) overawed
1645,1862,ATU 1151 Big Shoes,K1717. Big shoes in front of the barn.,1151,K1717,Big shoes in front of the barn.,K. Deceptions.,K1700–K2099. Deception through shams.,K1700–K1799. Deception through bluffing.,,K1710. Ogre (large animal) overawed.,K1717. Big shoes in front of the barn. Man makes giant shoes and places them so that ogre thinks a giant lives there.,Deceptions,Deception through shams,Deception through bluffing,,Ogre (large animal) overawed
1646,1863,ATU 1153 Wages: as much as he can carry,K1732. Wages: as much as he can carry.,1153,K1732,Wages: as much as he can carry.,K. Deceptions.,K1700–K2099. Deception through shams.,K1700–K1799. Deception through bluffing.,,K1710. Ogre (large animal) overawed.,"K1732. Wages: as much as he can carry. To get rid of the boy the troll offers him as large wages as he is able to carry. Boy says that this will be too much, that he will be contented merely with what the troll can carry.",Deceptions,Deception through shams,Deception through bluffing,,Ogre (large animal) overawed
1647,1864,ATU 1157 The Ogre and the Gun,K1057. Gun as tobacco pipe.,1157,K1057,Gun as tobacco pipe.,K. Deceptions.,K1000–K1199. Deception into self-injury.,,,K1040. Dupe otherwise persuaded to voluntary self-injury.,K1057. Gun as tobacco pipe. The trickster gives the ogre the gun to smoke.,Deceptions,Deception into self-injury,,,Dupe otherwise persuaded to voluntary self-injury
1648,1865,ATU 1157 The Ogre and the Gun,J2131.4.1. Looking through the gun barrel.,1157,J2131.4.1,Looking through the gun barrel.,J. The wise and the foolish.,J1700–J2749. Fools (and other unwise persons).,J2050–J2199. Absurd short-sightedness.,,J2130. Foolish disregard of personal danger.,J2131.4.1. Looking through the gun barrel. The numskull (stupid ogre) is shot.,The wise and the foolish,Fools (and other unwise persons),Absurd short-sightedness,,Foolish disregard of personal danger
1649,1866,ATU 1159 The Ogre Caught in the Cleft,K1111.0.1. Dupe wishing to learn to play fiddle has finger caught in cleft of tree.,1159,K1111.0.1,Dupe wishing to learn to play fiddle has finger caught in cleft of tree.,K. Deceptions.,K1000–K1199. Deception into self-injury.,,,K1110. Deceptions into self injury – miscellaneous.,K1111.0.1. Dupe wishing to learn to play fiddle has finger caught in cleft of tree.,Deceptions,Deception into self-injury,,,Deceptions into self injury – miscellaneous
1650,1867,ATU 1159 The Ogre Caught in the Cleft,K1755. Ogre terrified by woman's legs,1159,K1755,Ogre terrified by woman's legs,K. Deceptions.,K1700–K2099. Deception through shams.,K1700–K1799. Deception through bluffing.,,K1710. Ogre (large animal) overawed.,"K1755. Ogre terrified by woman's legs. He has formerly been caught in a vise. On his approach, the man's wife stands on her head and ogre thinks her legs are a vise. He flees.",Deceptions,Deception through shams,Deception through bluffing,,Ogre (large animal) overawed
1651,1868,ATU 1159 The Ogre Caught in the Cleft,K1111.1. Ogre's (dwarf's) beard caught fast.,1159,K1111.1,Ogre's (dwarf's) beard caught fast.,K. Deceptions.,K1000–K1199. Deception into self-injury.,,,K1110. Deceptions into self injury – miscellaneous.,K1111.1. Ogre's (dwarf's) beard caught fast.,Deceptions,Deception into self-injury,,,Deceptions into self injury – miscellaneous
1652,1869,ATU 1161 The Bear Trainer and His Bear,K1728. The bear trainer and his bear.,1161,K1728,The bear trainer and his bear.,K. Deceptions.,K1700–K2099. Deception through shams.,K1700–K1799. Deception through bluffing.,,K1710. Ogre (large animal) overawed.,"K1728. The bear trainer and his bear. (Schrätel und Wasserbär.) Ogre is driven out by hero's bear. The next year the ogre asks, ""Is the big cat still living?"" Hero says that it now has many kittens. Ogre is overawed.",Deceptions,Deception through shams,Deception through bluffing,,Ogre (large animal) overawed
1653,1870,ATU 1164 The Devil and the Evil Woman,T251.1.2.1. Husband chooses to go to hell rather than join shrewish wife in heaven,1164,T251.1.2.1,Husband chooses to go to hell rather than join shrewish wife in heaven,T. Sex.,T200–T299. Married life.,,,T250. Characteristics of wives and husbands.,T251.1.2.1. Husband chooses to go to hell rather than join shrewish wife in heaven.,Sex,Married life,,,Characteristics of wives and husbands
1654,1871,ATU 1164 The Devil and the Evil Woman,T251.1.2.2. Man in hell declares that life there is much better than on earth with his wife,1164,T251.1.2.2,Man in hell declares that life there is much better than on earth with his wife,T. Sex.,T200–T299. Married life.,,,T250. Characteristics of wives and husbands.,"T251.1.2.2. Man in hell declares that life there is much better than on earth with his wife. Bargain with the devil: should the latter not be able to endure life with his wife for three years, the man would be released from hell. The devil is the loser.",Sex,Married life,,,Characteristics of wives and husbands
1655,1872,ATU 1165 The troll and the Baptism,K1736. Troll bluffed away from christening.,1165,K1736,Troll bluffed away from christening.,K. Deceptions.,K1700–K2099. Deception through shams.,K1700–K1799. Deception through bluffing.,,K1710. Ogre (large animal) overawed.,"K1736. Troll bluffed away from christening. He is invited but told that guests will include the Virgin Mary, Thor the Thunderer, etc. He stays away but sends the finest present.",Deceptions,Deception through shams,Deception through bluffing,,Ogre (large animal) overawed
1656,1873,ATU 1169 Changing Heads,A1371.1. Bad women because of head exchanged with devil.,1169,A1371.1,Bad women because of head exchanged with devil.,A. Mythological motifs.,A1200–A1699. Creation and ordering of human life.,A1300–A1399. Ordering of human life.,,A1370. Origin of mental and moral characteristics.,A1371.1. Bad women because of head exchanged with devil. Devil (serpent) and woman fight. St. Peter cuts off their heads and exchanges them.,Mythological motifs,Creation and ordering of human life,Ordering of human life,,Origin of mental and moral characteristics
1657,1874,ATU 1169 Changing Heads,E34. Resuscitation with misplaced head.,1169,E34,Resuscitation with misplaced head.,E. The dead.,E0–E199. Resuscitation.,,,E30. Resuscitation by arrangement of members.,"E34. Resuscitation with misplaced head. (Cf. M221.) In restoration of several persons simultaneously through reassembling of members, the heads are placed on the wrong bodies. Sometimes the damage is repaired, sometimes not.",The dead,Resuscitation,,,Resuscitation by arrangement of members
1658,1875,ATU 1170 The Unsalable Woman,K216.1. The evil woman in the glass case as the last commodity.,1170,K216.1,The evil woman in the glass case as the last commodity.,K. Deceptions.,K100–K299. Deceptive bargains.,K200–K249. Deception in payment of debt.,,K210. Devil cheated of his promised soul.,"K216.1. The evil woman in the glass case as the last commodity. The man is to belong to the devil as soon as he has sold his goods. If he has any goods that no one will buy, he is to be free. The man puts an evil old woman in a glass case. When the devil sees her, he recognizes her. ""Whoever knows her will refuse to buy her."" The man goes free.",Deceptions,Deceptive bargains,Deception in payment of debt,,Devil cheated of his promised soul
1659,1876,ATU 1174 Making a Rope of Sand,H1021.1. Task: making a rope of sand.,1174,H1021.1,Task: making a rope of sand.,H. Tests.,H900–H1199. Tests of prowess: tasks.,H1000–H1199. Nature of tasks.,H1010–H1049. Impossible or absurd tasks.,H1020. Tasks contrary to laws of nature.,H1021.1. Task: making a rope of sand.,Tests,Tests of prowess: tasks,Nature of tasks,Impossible or absurd tasks,Tasks contrary to laws of nature
1660,1877,ATU 1175 Straightening a Curly Hair,H1023.4. Task: straightening a curly hair.,1175,H1023.4,Task: straightening a curly hair.,H. Tests.,H900–H1199. Tests of prowess: tasks.,H1000–H1199. Nature of tasks.,H1010–H1049. Impossible or absurd tasks.,H1020. Tasks contrary to laws of nature.,H1023.4. Task: straightening a curly hair.,Tests,Tests of prowess: tasks,Nature of tasks,Impossible or absurd tasks,Tasks contrary to laws of nature
1661,1878,ATU 1179 The Devil on the Ship,H1023.5. Task: pumping out a leaky ship.,1179,H1023.5,Task: pumping out a leaky ship.,H. Tests.,H900–H1199. Tests of prowess: tasks.,H1000–H1199. Nature of tasks.,H1010–H1049. Impossible or absurd tasks.,H1020. Tasks contrary to laws of nature.,H1023.5. Task: pumping out a leaky ship.,Tests,Tests of prowess: tasks,Nature of tasks,Impossible or absurd tasks,Tasks contrary to laws of nature
1662,1879,ATU 1180 Catching Water in a Sieve,H1023.2. Task: carrying water in a sieve.,1180,H1023.2,Task: carrying water in a sieve.,H. Tests.,H900–H1199. Tests of prowess: tasks.,H1000–H1199. Nature of tasks.,H1010–H1049. Impossible or absurd tasks.,H1020. Tasks contrary to laws of nature.,H1023.2. Task: carrying water in a sieve.,Tests,Tests of prowess: tasks,Nature of tasks,Impossible or absurd tasks,Tasks contrary to laws of nature
1663,1880,ATU 1185 The First Crop,K221. Payment to be made at harvest of first crop.,1185,K221,Payment to be made at harvest of first crop.,K. Deceptions.,K100–K299. Deceptive bargains.,K200–K249. Deception in payment of debt.,,K220. Payment precluded by terms of the bargain.,K221. Payment to be made at harvest of first crop. The man plants acorns.,Deceptions,Deceptive bargains,Deception in payment of debt,,Payment precluded by terms of the bargain
1664,1881,ATU 1187 Meleager,E765.1.1. Life bound up with candle.,1187,E765.1.1,Life bound up with candle.,E. The dead.,E700–E799. The soul.,,,E760. Life index.,"E765.1.1. Life bound up with candle. When the candle goes out, person dies.",The dead,The soul,,,Life index
1665,1882,ATU 1187 Meleager,K551.9. Let me live as long as this candle lasts.,1187,K551.9,Let me live as long as this candle lasts.,K. Deceptions.,K500–K699. Escape by deception.,,,K550. Escape by false plea.,K551.9. Let me live as long as this candle lasts. Man who has sold his soul to devil thus escapes. (Cf. G303.12.5.4.),Deceptions,Escape by deception,,,Escape by false plea
1666,1883,ATU 1191 Sacrifice on the Bridge,S241.1. Unwitting bargain with devil evaded by driving dog over bridge first.,1191,S241.1,Unwitting bargain with devil evaded by driving dog over bridge first.,S. Unnatural cruelty.,S200–S299. Cruel sacrifices.,,,S240. Children unwittingly promised (sold).,S241.1. Unwitting bargain with devil evaded by driving dog over bridge first. The child has been unwittingly promised (the first thing that goes over the bridge).,Unnatural cruelty,Cruel sacrifices,,,Children unwittingly promised (sold)
1667,1884,ATU 1199 Prayer Without End,K551.1. Respite from death granted until prayer is finished,1199,K551.1,Respite from death granted until prayer is finished,K. Deceptions.,K500–K699. Escape by deception.,,,K550. Escape by false plea.,K551.1. Respite from death granted until prayer is finished. It lasts till rescue comes.,Deceptions,Escape by deception,,,Escape by false plea
1668,1885,ATU 1199 Prayer Without End,K555.2. Respite from death gained by long-drawn-out song.,1199,K555.2,Respite from death gained by long-drawn-out song.,K. Deceptions.,K500–K699. Escape by deception.,,,K550. Escape by false plea.,K555.2. Respite from death gained by long-drawn-out song.,Deceptions,Escape by deception,,,Escape by false plea
1669,1886,ATU 1200 Sowing Salt,J1932.3. Sowing salt to produce salt,1200,J1932.3,Sowing salt to produce salt,J. The wise and the foolish.,J1700–J2749. Fools (and other unwise persons).,J1850–J1999. Absurd disregard of facts.,,J1930. Absurd disregard of natural laws.,J1932.3. Sowing salt to produce salt.,The wise and the foolish,Fools (and other unwise persons),Absurd disregard of facts,,Absurd disregard of natural laws
1670,1887,ATU 1200 Sowing Salt,J1932.1. Numskulls sow cooked grain.,1200,J1932.1,Numskulls sow cooked grain.,J. The wise and the foolish.,J1700–J2749. Fools (and other unwise persons).,J1850–J1999. Absurd disregard of facts.,,J1930. Absurd disregard of natural laws.,J1932.1. Numskulls sow cooked grain.,The wise and the foolish,Fools (and other unwise persons),Absurd disregard of facts,,Absurd disregard of natural laws
1671,1888,ATU 1200 Sowing Salt,J1932.2. Sowing cheese to bring forth a cow,1200,J1932.2,Sowing cheese to bring forth a cow,J. The wise and the foolish.,J1700–J2749. Fools (and other unwise persons).,J1850–J1999. Absurd disregard of facts.,,J1930. Absurd disregard of natural laws.,J1932.2. Sowing cheese to bring forth a cow.,The wise and the foolish,Fools (and other unwise persons),Absurd disregard of facts,,Absurd disregard of natural laws
1672,1889,ATU 1200 Sowing Salt,J1932.4. Planting a hog in order to grow pigs.,1200,J1932.4,Planting a hog in order to grow pigs.,J. The wise and the foolish.,J1700–J2749. Fools (and other unwise persons).,J1850–J1999. Absurd disregard of facts.,,J1930. Absurd disregard of natural laws.,J1932.4. Planting a hog in order to grow pigs.,The wise and the foolish,Fools (and other unwise persons),Absurd disregard of facts,,Absurd disregard of natural laws
1673,1890,ATU 1201 Carrying the Horse,J2163. Carrying the plow horse so as not to tramp up the field,1201,J2163,Carrying the plow horse so as not to tramp up the field,J. The wise and the foolish.,J1700–J2749. Fools (and other unwise persons).,J2050–J2199. Absurd short-sightedness.,,J2160. Other short-sighted acts.,J2163. Carrying the plow horse so as not to tramp up the field. (Cf. J2103.2.),The wise and the foolish,Fools (and other unwise persons),Absurd short-sightedness,,Other short-sighted acts
1674,1891,ATU 1202 The Dangerous Sickle,J2196. Grain shot down with guns,1202,J2196,Grain shot down with guns,J. The wise and the foolish.,J1700–J2749. Fools (and other unwise persons).,J2050–J2199. Absurd short-sightedness.,,J2160. Other short-sighted acts.,J2196. Grain shot down with guns. People unacquainted with the sickle.,The wise and the foolish,Fools (and other unwise persons),Absurd short-sightedness,,Other short-sighted acts
1675,1892,ATU 1210 Cow is Taken to the Roof to Graze,J1904.1. Cow (hog) taken to roof to graze.,1210,J1904.1,Cow (hog) taken to roof to graze.,J. The wise and the foolish.,J1700–J2749. Fools (and other unwise persons).,J1850–J1999. Absurd disregard of facts.,,J1900. Absurd disregard or ignorance of animal's nature or habits.,J1904.1. Cow (hog) taken to roof to graze.,The wise and the foolish,Fools (and other unwise persons),Absurd disregard of facts,,Absurd disregard or ignorance of animal's nature or habits
1676,1893,ATU 1213 The Pent Cuckoo,J1904.2. The pent cuckoo.,1213,J1904.2,The pent cuckoo.,J. The wise and the foolish.,J1700–J2749. Fools (and other unwise persons).,J1850–J1999. Absurd disregard of facts.,,J1900. Absurd disregard or ignorance of animal's nature or habits.,J1904.2. The pent cuckoo. Fools build an enclosure to keep in the cuckoo. She flies over the hedge. They say that they have not built the hedge high enough.,The wise and the foolish,Fools (and other unwise persons),Absurd disregard of facts,,Absurd disregard or ignorance of animal's nature or habits
1677,1894,ATU 1214 The Persuavive Auctioner,J2087. The persuasive auctioneer.,1214,J2087,The persuasive auctioneer.,J. The wise and the foolish.,J1700–J2749. Fools (and other unwise persons).,J2050–J2199. Absurd short-sightedness.,,J2080. Foolish bargains.,J2087. The persuasive auctioneer. The auctioneer praises the man's worthless cow so much in his speech that the man takes her back himself.,The wise and the foolish,Fools (and other unwise persons),Absurd short-sightedness,,Foolish bargains
1678,1895,"ATU 1215 The Miller, His Son, and the Donkey","J1041.2. Miller, his son, and the ass: trying to please everyone.",1215,J1041.2,"Miller, his son, and the ass: trying to please everyone.",J. The wise and the foolish.,J200–J1099. Wise and unwise conduct.,J1000–J1099. Other aspects of wisdom.,,J1040. Decisiveness of conduct.,"J1041.2. Miller, his son, and the ass: trying to please everyone. Miller blamed when he follows his son on foot; when he takes the son's place on the ass; when he takes the son behind him; and when he puts the son in front of him.",The wise and the foolish,Wise and unwise conduct,Other aspects of wisdom,,Decisiveness of conduct
1679,1896,"ATU 1215 The Miller, His Son, and the Donkey",J1041. Impossibility of pleasing everyone.,1215,J1041,Impossibility of pleasing everyone.,J. The wise and the foolish.,J200–J1099. Wise and unwise conduct.,J1000–J1099. Other aspects of wisdom.,,J1040. Decisiveness of conduct.,J1041. Impossibility of pleasing everyone. One must act therefore without awaiting everyone's approval.,The wise and the foolish,Wise and unwise conduct,Other aspects of wisdom,,Decisiveness of conduct
1680,1897,ATU 1218 Numskull Sits on Eggs to Finish Hatching,J1902.1. Numskull sits on eggs to finish the hatching.,1218,J1902.1,Numskull sits on eggs to finish the hatching.,J. The wise and the foolish.,J1700–J2749. Fools (and other unwise persons).,J1850–J1999. Absurd disregard of facts.,,J1900. Absurd disregard or ignorance of animal's nature or habits.,J1902.1. Numskull sits on eggs to finish the hatching. Cautions people to be quiet and not frighten the eggs. (Sometimes puts on honey and feathers before sitting on the eggs.),The wise and the foolish,Fools (and other unwise persons),Absurd disregard of facts,,Absurd disregard or ignorance of animal's nature or habits
1681,1898,ATU 1218 Numskull Sits on Eggs to Finish Hatching,K1253. The general hatches out an egg,1218,K1253,The general hatches out an egg,K. Deceptions.,K1200–K1299. Deception into humiliating position.,,,K1240. Deception into humiliating position – miscellaneous.,K1253. The general hatches out an egg. The page induces the general to take his place in sitting on the eggs. Then he calls the king to look.,Deceptions,Deception into humiliating position,,,Deception into humiliating position – miscellaneous
1682,1899,ATU 1225 The man without a head,J2381. Question: did the man ever have a head?,1225,J2381,Question: did the man ever have a head?,J. The wise and the foolish.,J1700–J2749. Fools (and other unwise persons).,J2370–J2399. Inquisitive fools.,,J2370. Inquisitive fool.,J2381. Question: did the man ever have a head? A man's head is snatched off by accident and his companions do not see what has happened. Debate: did he ever have a head?,The wise and the foolish,Fools (and other unwise persons),Inquisitive fools,,Inquisitive fool
1683,1900,ATU 1227 Catching the squirrel,J2661.3. One woman to catch squirrel; the other to get the cooking pot.,1227,J2661.3,One woman to catch squirrel; the other to get the cooking pot.,J. The wise and the foolish.,J1700–J2749. Fools (and other unwise persons).,J2650–J2699. Bungling fool.,,J2650. Bungling fool.,J2661.3. One woman to catch squirrel; the other to get the cooking pot. One falls from the tree and kills herself; the other breaks the pot.,The wise and the foolish,Fools (and other unwise persons),Bungling fool,,Bungling fool
1684,1901,ATU 1229 If the Wolf's Tail Breaks,X1133.3.2. If the wolf's tail breaks.,1229,X1133.3.2,If the wolf's tail breaks.,X. Humor.,X900–X1899. Humor of lies and exaggeration,X1100–X1199. Lie: Great hunters and fishermen.,,X1130. Lie: hunter's unusual experiences.,"X1133.3.2. If the wolf's tail breaks. Trickster and companion are wolf hunting. The companion goes into the wolf hole. The wolf comes. The other catches the wolf by the tail and the wolf scratches dust into the companion's eyes. ""What a dust."" – ""If the wolf's tail breaks, you will see another kind of dust!""",Humor,Humor of lies and exaggeration,Lie: Great hunters and fishermen,,Lie: hunter's unusual experiences
1685,1902,ATU 1231 The Attack on the Hare (Crayfish),J2612. The attack on the hare (crayfish,1231,J2612,The attack on the hare (crayfish,J. The wise and the foolish.,J1700–J2749. Fools (and other unwise persons).,J2600–J2649. Cowardly fools.,,J2600. Cowardly fool.,J2612. The attack on the hare (crayfish). Seven men make strenuous plans for the attack on the fierce animal. One screams with fright and the animal runs away. (Cf. J1736.1.),The wise and the foolish,Fools (and other unwise persons),Cowardly fools,,Cowardly fool
1686,1903,ATU 1240 Cutting off the branch,J2133.4. Numskull cuts off tree-limb on which he sits.,1240,J2133.4,Numskull cuts off tree-limb on which he sits.,J. The wise and the foolish.,J1700–J2749. Fools (and other unwise persons).,J2050–J2199. Absurd short-sightedness.,,J2130. Foolish disregard of personal danger.,J2133.4. Numskull cuts off tree-limb on which he sits.,The wise and the foolish,Fools (and other unwise persons),Absurd short-sightedness,,Foolish disregard of personal danger
1687,1905,ATU 1242 Loading wood,J2213.4. If the horse can pull one load he can pull two,1242,J2213.4,If the horse can pull one load he can pull two,J. The wise and the foolish.,J1700–J2749. Fools (and other unwise persons).,J2200–J2259. Absurd lack of logic.,,J2210. Logical absurdity based upon certain false assumptions.,J2213.4. If the horse can pull one load he can pull two.,The wise and the foolish,Fools (and other unwise persons),Absurd lack of logic,,Logical absurdity based upon certain false assumptions
1688,1906,ATU 1242A Relief for the Donkey,J1874.1. Rider takes the meal-sack on his shoulder to relieve the ass of his burden,1242A,J1874.1,Rider takes the meal-sack on his shoulder to relieve the ass of his burden,J. The wise and the foolish.,J1700–J2749. Fools (and other unwise persons).,J1850–J1999. Absurd disregard of facts.,J1850–J1899. Animals or objects treated as if human.,J1870. Absurd sympathy for animals or objects.,J1874.1. Rider takes the meal-sack on his shoulder to relieve the ass of his burden.,The wise and the foolish,Fools (and other unwise persons),Absurd disregard of facts,Animals or objects treated as if human,Absurd sympathy for animals or objects
1689,1907,ATU 1244 Trying to Stretch the Beam,J1964.1. Trying to stretch the beam.,1244,J1964.1,Trying to stretch the beam.,J. The wise and the foolish.,J1700–J2749. Fools (and other unwise persons).,J1850–J1999. Absurd disregard of facts.,,J1960. Other absurd disregard of facts.,J1964.1. Trying to stretch the beam.,The wise and the foolish,Fools (and other unwise persons),Absurd disregard of facts,,Other absurd disregard of facts
1690,1908,ATU 1245 Sunlight carried in a bag into the windowless house,J2123. Sunlight carried into windowless house in baskets.,1245,J2123,Sunlight carried into windowless house in baskets.,J. The wise and the foolish.,J1700–J2749. Fools (and other unwise persons).,J2050–J2199. Absurd short-sightedness.,,J2120. Disregard of danger to objects (or animals).,"J2123. Sunlight carried into windowless house in baskets. When this plan does not succeed, they gradually pull down the house to get light.",The wise and the foolish,Fools (and other unwise persons),Absurd short-sightedness,,Disregard of danger to objects (or animals)
1691,1909,ATU 1248 Tree-Trunks Laid Crosswise on a Sledge,J1964. Tree-trunks laid crosswise of the sledge.,1248,J1964,Tree-trunks laid crosswise of the sledge.,J. The wise and the foolish.,J1700–J2749. Fools (and other unwise persons).,J1850–J1999. Absurd disregard of facts.,,J1960. Other absurd disregard of facts.,J1964. Tree-trunks laid crosswise of the sledge.,The wise and the foolish,Fools (and other unwise persons),Absurd disregard of facts,,Other absurd disregard of facts
1692,1910,ATU 1250 The Human Chain,J2133.5. Men hang down in a chain until top man spits on his hands.,1250,J2133.5,Men hang down in a chain until top man spits on his hands.,J. The wise and the foolish.,J1700–J2749. Fools (and other unwise persons).,J2050–J2199. Absurd short-sightedness.,,J2130. Foolish disregard of personal danger.,J2133.5. Men hang down in a chain until top man spits on his hands. They all fall.,The wise and the foolish,Fools (and other unwise persons),Absurd short-sightedness,,Foolish disregard of personal danger
1693,1911,ATU 1250A Hampers Pilled Up to Measure Tower,J2133.6.1. Measuring the tower by piling up hampers,1250A,J2133.6.1,Measuring the tower by piling up hampers,J. The wise and the foolish.,J1700–J2749. Fools (and other unwise persons).,J2050–J2199. Absurd short-sightedness.,,J2130. Foolish disregard of personal danger.,J2133.6.1. Measuring the tower by piling up hampers. They place hampers on top of one another. The fool has them take out the two on the bottom.,The wise and the foolish,Fools (and other unwise persons),Absurd short-sightedness,,Foolish disregard of personal danger
1694,1912,ATU 1255 A hole to throw the earth in,J1934. A hole to throw the earth in.,1255,J1934,A hole to throw the earth in.,J. The wise and the foolish.,J1700–J2749. Fools (and other unwise persons).,J1850–J1999. Absurd disregard of facts.,,J1930. Absurd disregard of natural laws.,J1934. A hole to throw the earth in. Numskull plans to dig a hole so as to have a place to throw the earth from his excavation.,The wise and the foolish,Fools (and other unwise persons),Absurd disregard of facts,,Absurd disregard of natural laws
1695,1913,ATU 1260 The porridge in the ice hole,J1938. Porridge in the ice hole,1260,J1938,Porridge in the ice hole,J. The wise and the foolish.,J1700–J2749. Fools (and other unwise persons).,J1850–J1999. Absurd disregard of facts.,,J1930. Absurd disregard of natural laws.,"J1938. Porridge in the ice hole. They put meal in the boiling current of the ice hole and then, one after another, they jump in to taste the porridge.",The wise and the foolish,Fools (and other unwise persons),Absurd disregard of facts,,Absurd disregard of natural laws
1696,1914,ATU 1263 The Porridge Eaten in Different Rooms,J2167. Porridge eaten in different rooms.,1263,J2167,Porridge eaten in different rooms.,J. The wise and the foolish.,J1700–J2749. Fools (and other unwise persons).,J2050–J2199. Absurd short-sightedness.,,J2160. Other short-sighted acts.,"J2167. Porridge eaten in different rooms. The porridge in one, the milk in another.",The wise and the foolish,Fools (and other unwise persons),Absurd short-sightedness,,Other short-sighted acts
1697,1915,ATU 1270 The Drying of the Candle,J2122. Candle put in the stove to dry: melts.,1270,J2122,Candle put in the stove to dry: melts.,J. The wise and the foolish.,J1700–J2749. Fools (and other unwise persons).,J2050–J2199. Absurd short-sightedness.,,J2120. Disregard of danger to objects (or animals).,J2122. Candle put in the stove to dry: melts.,The wise and the foolish,Fools (and other unwise persons),Absurd short-sightedness,,Disregard of danger to objects (or animals)
1698,1916,ATU 1271C* Cloak Given to a Stone,J1873.2. Cloak given to a stone to keep it warm.,1271C*,J1873.2,Cloak given to a stone to keep it warm.,J. The wise and the foolish.,J1700–J2749. Fools (and other unwise persons).,J1850–J1999. Absurd disregard of facts.,J1850–J1899. Animals or objects treated as if human.,J1870. Absurd sympathy for animals or objects.,J1873.2. Cloak given to a stone to keep it warm.,The wise and the foolish,Fools (and other unwise persons),Absurd disregard of facts,Animals or objects treated as if human,Absurd sympathy for animals or objects
1699,1917,ATU 1276 Rowing without going forward,J2164.1. Rowers pull in opposite directions.,1276,J2164.1,Rowers pull in opposite directions.,J. The wise and the foolish.,J1700–J2749. Fools (and other unwise persons).,J2050–J2199. Absurd short-sightedness.,,J2160. Other short-sighted acts.,J2164.1. Rowers pull in opposite directions.,The wise and the foolish,Fools (and other unwise persons),Absurd short-sightedness,,Other short-sighted acts
1700,1918,ATU 1276 Rowing without going forward,J2164.2. Rowing in a boat which is tied up.,1276,J2164.2,Rowing in a boat which is tied up.,J. The wise and the foolish.,J1700–J2749. Fools (and other unwise persons).,J2050–J2199. Absurd short-sightedness.,,J2160. Other short-sighted acts.,J2164.2. Rowing in a boat which is tied up.,The wise and the foolish,Fools (and other unwise persons),Absurd short-sightedness,,Other short-sighted acts
1701,1919,ATU 1278 Marking the place on the boat,J1922.1. Marking the place on the boat.,1278,J1922.1,Marking the place on the boat.,J. The wise and the foolish.,J1700–J2749. Fools (and other unwise persons).,J1850–J1999. Absurd disregard of facts.,,J1920. Absurd searches for the lost.,J1922.1. Marking the place on the boat. An object falls into the sea from a boat. Numskulls mark the place on the boat-rail to indicate where it fell.,The wise and the foolish,Fools (and other unwise persons),Absurd disregard of facts,,Absurd searches for the lost
1702,1920,ATU 1278 Marking the place on the boat,J1922.2. Marking the place under the cloud.,1278,J1922.2,Marking the place under the cloud.,J. The wise and the foolish.,J1700–J2749. Fools (and other unwise persons).,J1850–J1999. Absurd disregard of facts.,,J1920. Absurd searches for the lost.,"J1922.2. Marking the place under the cloud. Numskulls leave a knife in the field, marking the place by putting it under a heavy cloud. Next day the cloud is gone and the knife lost.",The wise and the foolish,Fools (and other unwise persons),Absurd disregard of facts,,Absurd searches for the lost
1703,1921,ATU 1281 Getting Rid of the Unknown Animal,J2101. Getting rid of the cat.,1281,J2101,Getting rid of the cat.,J. The wise and the foolish.,J1700–J2749. Fools (and other unwise persons).,J2050–J2199. Absurd short-sightedness.,,J2100. Remedies worse than the disease.,"J2101. Getting rid of the cat. In a land in which cats are not known, one is bought at a great price. It eats many mice. By misunderstanding, they think the cat is a monster. In order to get rid of it they set the house on fire.",The wise and the foolish,Fools (and other unwise persons),Absurd short-sightedness,,Remedies worse than the disease
1704,1922,ATU 1281A Getting Rid of the Man-Eating Calf,J1815. Did the calf eat the man?,1281A,J1815,Did the calf eat the man?,J. The wise and the foolish.,J1700–J2749. Fools (and other unwise persons).,J1750–J1849. Absurd misunderstandings.,,J1810. Physical phenomena misunderstood.,"J1815. Did the calf eat the man? A fool, liking the shoes on the feet of a man hanged on a gallows, cuts off the swollen feet in order to carry off the shoes. In the room in which he sleeps that night is a newborn calf. The next morning the man takes the shoes but leaves the feet. Peasants agree that the calf has eaten the man all but the feet. They burn the house to destroy the calf.",The wise and the foolish,Fools (and other unwise persons),Absurd misunderstandings,,Physical phenomena misunderstood
1705,1923,ATU 1284 Person Does Not Know Himself,J2012. Person does not know himself.,1284,J2012,Person does not know himself.,J. The wise and the foolish.,J1700–J2749. Fools (and other unwise persons).,J2000–J2049. Absurd absent-mindedness.,,J2010. Uncertainty about own identity.,J2012. Person does not know himself.,The wise and the foolish,Fools (and other unwise persons),Absurd absent-mindedness,,Uncertainty about own identity
1706,1924,ATU 1286 Jumping into the Breeches,J2161.1. Jumping into the breeches.,1286,J2161.1,Jumping into the breeches.,J. The wise and the foolish.,J1700–J2749. Fools (and other unwise persons).,J2050–J2199. Absurd short-sightedness.,,J2160. Other short-sighted acts.,J2161.1. Jumping into the breeches. Trying to draw both legs on at once.,The wise and the foolish,Fools (and other unwise persons),Absurd short-sightedness,,Other short-sighted acts
1707,1925,ATU 1287 Numskull unable to count their own number,J2031. Counting wrong by not counting oneself.,1287,J2031,Counting wrong by not counting oneself.,J. The wise and the foolish.,J1700–J2749. Fools (and other unwise persons).,J2000–J2049. Absurd absent-mindedness.,,J2030. Absurd inability to count.,J2031. Counting wrong by not counting oneself. Numskulls conclude that one of their number is drowned.,The wise and the foolish,Fools (and other unwise persons),Absurd absent-mindedness,,Absurd inability to count
1708,1926,ATU 1287 Numskull unable to count their own number,J2031.1. Numskulls count selves by sticking their noses in the sand.,1287,J2031.1,Numskulls count selves by sticking their noses in the sand.,J. The wise and the foolish.,J1700–J2749. Fools (and other unwise persons).,J2000–J2049. Absurd absent-mindedness.,,J2030. Absurd inability to count.,J2031.1. Numskulls count selves by sticking their noses in the sand. They then count the holes.,The wise and the foolish,Fools (and other unwise persons),Absurd absent-mindedness,,Absurd inability to count
1709,1927,ATU 1288 Numskiulls Cannot Find Their Own Legs,J2021. Numskulls cannot find their own legs.,1288,J2021,Numskulls cannot find their own legs.,J. The wise and the foolish.,J1700–J2749. Fools (and other unwise persons).,J2000–J2049. Absurd absent-mindedness.,,"J2020. Inability to find own members, etc.",J2021. Numskulls cannot find their own legs. A stranger helps them with a switch. (Usually get them mixed up when they sit down to bathe their feet.),The wise and the foolish,Fools (and other unwise persons),Absurd absent-mindedness,,"Inability to find own members, etc"
1710,1928,ATU 1290 Swimming in the Flax-field,J1821. Swimming (fishing) in the flax-field.,1290,J1821,Swimming (fishing) in the flax-field.,J. The wise and the foolish.,J1700–J2749. Fools (and other unwise persons).,J1750–J1849. Absurd misunderstandings.,,J1820. Inappropriate action from misunderstanding.,"J1821. Swimming (fishing) in the flax-field. Peasants go to visit the sea. They see a waving flax-field, and, thinking it is the sea, jump in to swim.",The wise and the foolish,Fools (and other unwise persons),Absurd misunderstandings,,Inappropriate action from misunderstanding
1711,1929,ATU 1291 One Cheese Sent to Bring Back Another,J1881.1.2. One cheese sent after another,1291,J1881.1.2,One cheese sent after another,J. The wise and the foolish.,J1700–J2749. Fools (and other unwise persons).,J1850–J1999. Absurd disregard of facts.,J1850–J1899. Animals or objects treated as if human.,J1880. Animals or objects treated as if human – miscellaneous.,J1881.1.2. One cheese sent after another. Numskull lets one roll down hill; sends the other to bring it back.,The wise and the foolish,Fools (and other unwise persons),Absurd disregard of facts,Animals or objects treated as if human,Animals or objects treated as if human – miscellaneous
1712,1930,ATU 1291B Filling the Cracks with Butter,J1871. Filling cracks with butter,1291B,J1871,Filling cracks with butter,J. The wise and the foolish.,J1700–J2749. Fools (and other unwise persons).,J1850–J1999. Absurd disregard of facts.,J1850–J1899. Animals or objects treated as if human.,J1870. Absurd sympathy for animals or objects.,J1871. Filling cracks with butter. Numskull sees cracks in the ground and feels so sorry for them that he greases them with the butter he is taking home.,The wise and the foolish,Fools (and other unwise persons),Absurd disregard of facts,Animals or objects treated as if human,Absurd sympathy for animals or objects
1713,1931,ATU 1291A Three-legged Pot Sent to Walk Home,J1881.1.3. Three-legged pot sent to walk home,1291A,J1881.1.3,Three-legged pot sent to walk home,J. The wise and the foolish.,J1700–J2749. Fools (and other unwise persons).,J1850–J1999. Absurd disregard of facts.,J1850–J1899. Animals or objects treated as if human.,J1880. Animals or objects treated as if human – miscellaneous.,J1881.1.3. Three-legged pot sent to walk home.,The wise and the foolish,Fools (and other unwise persons),Absurd disregard of facts,Animals or objects treated as if human,Animals or objects treated as if human – miscellaneous
1714,1932,ATU 1294 Getting the Calf's Head out of the Pot,J2113. Getting the calf's head out of the pot.,1294,J2113,Getting the calf's head out of the pot.,J. The wise and the foolish.,J1700–J2749. Fools (and other unwise persons).,J2050–J2199. Absurd short-sightedness.,,J2100. Remedies worse than the disease.,J2113. Getting the calf's head out of the pot. A calf gets its head caught in a pot. A fool cuts off the calf's head and then breaks the pot to get it out.,The wise and the foolish,Fools (and other unwise persons),Absurd short-sightedness,,Remedies worse than the disease
1715,1933,ATU 1296 Fool's Errand,J2346. Fool's errand.,1296,J2346,Fool's errand.,J. The wise and the foolish.,J1700–J2749. Fools (and other unwise persons).,J2300–J2349. Gullible fools.,,J2310. Nature of gullibility.,"J2346. Fool's errand. An apprentice, or newcomer or ignorant person, etc., is sent for absurd or misleading or nonexistent object or on a ridiculous quest.",The wise and the foolish,Fools (and other unwise persons),Gullible fools,,Nature of gullibility
1716,1934,ATU 1297* Jumping Into the River After Their Comrade,J1832. Jumping into the river after their comrade.,1297*,J1832,Jumping into the river after their comrade.,J. The wise and the foolish.,J1700–J2749. Fools (and other unwise persons).,J1750–J1849. Absurd misunderstandings.,,J1820. Inappropriate action from misunderstanding.,"J1832. Jumping into the river after their comrade. Through misunderstanding one of the men jumps into the river. He calls out; the others think that he wants them to follow, and all jump in and are drowned.",The wise and the foolish,Fools (and other unwise persons),Absurd misunderstandings,,Inappropriate action from misunderstanding
1717,1935,ATU 1305 Miser and His Gold,J1061.4. Miser's treasure stolen.,1305,J1061.4,Miser's treasure stolen.,J. The wise and the foolish.,J200–J1099. Wise and unwise conduct.,J1000–J1099. Other aspects of wisdom.,,J1060. Miscellaneous aspects of wisdom.,J1061.4. Miser's treasure stolen. Advised to imagine that his treasure is still there: he will be as well off as before.,The wise and the foolish,Wise and unwise conduct,Other aspects of wisdom,,Miscellaneous aspects of wisdom
1718,1936,ATU 1310 Drowning the crayfish as punishment,"K581.1. Drowning punishment for turtle (eel, crab).",1310,K581.1,"Drowning punishment for turtle (eel, crab).",K. Deceptions.,K500–K699. Escape by deception.,,,K580. Captor persuaded into illusory punishment.,"K581.1. Drowning punishment for turtle (eel, crab). By expressing horror of drowning, he induces his captor to throw him into the water – his home.",Deceptions,Escape by deception,,,Captor persuaded into illusory punishment
1719,1937,ATU 1310 Drowning the crayfish as punishment,J1762.1.2. Crab mistaken for tailor.,1310,J1762.1.2,Crab mistaken for tailor.,J. The wise and the foolish.,J1700–J2749. Fools (and other unwise persons).,J1750–J1849. Absurd misunderstandings.,J1750–J1809. One thing mistaken for another.,J1760. Animal or person mistaken for something else.,J1762.1.2. Crab mistaken for tailor.,The wise and the foolish,Fools (and other unwise persons),Absurd misunderstandings,One thing mistaken for another,Animal or person mistaken for something else
1720,1938,ATU 1313 The Man Who Wanted to Commit Suicide,"J2311.2. The ""poisoned"" pot.",1313,J2311.2,"The ""poisoned"" pot.",J. The wise and the foolish.,J1700–J2749. Fools (and other unwise persons).,J2300–J2349. Gullible fools.,,J2310. Nature of gullibility.,"J2311.2. The ""poisoned"" pot. The wife tells the husband that a certain pot of preserves is poison. He decides to kill himself and eats the preserves. He believes that he is poisoned and lies down for dead.",The wise and the foolish,Fools (and other unwise persons),Gullible fools,,Nature of gullibility
1721,1939,ATU 1313A The Man Takes Seriously the Prediction of Death,J2311.1. Numskull is told that he is to die when his horse breaks wind three times.,1313A,J2311.1,Numskull is told that he is to die when his horse breaks wind three times.,J. The wise and the foolish.,J1700–J2749. Fools (and other unwise persons).,J2300–J2349. Gullible fools.,,J2310. Nature of gullibility.,J2311.1. Numskull is told that he is to die when his horse breaks wind three times. When this happens he lies down for dead.,The wise and the foolish,Fools (and other unwise persons),Gullible fools,,Nature of gullibility
1722,1940,ATU 1313A The Man Takes Seriously the Prediction of Death,J2311.1.4. Man believes he will die when he gets a scarlet thread on his coat.,1313A,J2311.1.4,Man believes he will die when he gets a scarlet thread on his coat.,J. The wise and the foolish.,J1700–J2749. Fools (and other unwise persons).,J2300–J2349. Gullible fools.,,J2310. Nature of gullibility.,J2311.1.4. Man believes he will die when he gets a scarlet thread on his coat.,The wise and the foolish,Fools (and other unwise persons),Gullible fools,,Nature of gullibility
1723,1941,ATU 1313A The Man Takes Seriously the Prediction of Death,J2311.4. The dead man speaks up,1313A,J2311.4,The dead man speaks up,J. The wise and the foolish.,J1700–J2749. Fools (and other unwise persons).,J2300–J2349. Gullible fools.,,J2310. Nature of gullibility.,"J2311.4. The dead man speaks up. A numskull who has lain down thinking he is dead is carried off in a bier. The carriers lose their way. He speaks up, ""I always went that way when I was alive.""",The wise and the foolish,Fools (and other unwise persons),Gullible fools,,Nature of gullibility
1724,1942,ATU 1314 Mistaking Harmless Objects for Dangerous Ones,J1771.1. Big tree thought to be snake.,1314,J1771.1,Big tree thought to be snake.,J. The wise and the foolish.,J1700–J2749. Fools (and other unwise persons).,J1750–J1849. Absurd misunderstandings.,J1750–J1809. One thing mistaken for another.,J1770. Objects with mistaken identity.,J1771.1. Big tree thought to be snake. Killed with guns and spears.,The wise and the foolish,Fools (and other unwise persons),Absurd misunderstandings,One thing mistaken for another,Objects with mistaken identity
1725,1943,ATU 1316 Mistaking One Animal for Another,J1757. Rabbit thought to be a cow,1316,J1757,Rabbit thought to be a cow,J. The wise and the foolish.,J1700–J2749. Fools (and other unwise persons).,J1750–J1849. Absurd misunderstandings.,J1750–J1809. One thing mistaken for another.,J1750. One animal mistaken for another.,J1757. Rabbit thought to be a cow. Servant sent to bring in cows is found chasing rabbits.,The wise and the foolish,Fools (and other unwise persons),Absurd misunderstandings,One thing mistaken for another,One animal mistaken for another
1726,1944,ATU 1316 Mistaking One Animal for Another,J1755. Earthworm thought to be snake (or other monster).,1316,J1755,Earthworm thought to be snake (or other monster).,J. The wise and the foolish.,J1700–J2749. Fools (and other unwise persons).,J1750–J1849. Absurd misunderstandings.,J1750–J1809. One thing mistaken for another.,J1750. One animal mistaken for another.,J1755. Earthworm thought to be snake (or other monster).,The wise and the foolish,Fools (and other unwise persons),Absurd misunderstandings,One thing mistaken for another,One animal mistaken for another
1727,1945,ATU 1316 Mistaking One Animal for Another,J1754. Ass thought to be hare.,1316,J1754,Ass thought to be hare.,J. The wise and the foolish.,J1700–J2749. Fools (and other unwise persons).,J1750–J1849. Absurd misunderstandings.,J1750–J1809. One thing mistaken for another.,J1750. One animal mistaken for another.,J1754. Ass thought to be hare.,The wise and the foolish,Fools (and other unwise persons),Absurd misunderstandings,One thing mistaken for another,One animal mistaken for another
1728,1946,ATU 1316 Mistaking One Animal for Another,J1751. Dungbeetle thought to be bee.,1316,J1751,Dungbeetle thought to be bee.,J. The wise and the foolish.,J1700–J2749. Fools (and other unwise persons).,J1750–J1849. Absurd misunderstandings.,J1750–J1809. One thing mistaken for another.,J1750. One animal mistaken for another.,"J1751. Dungbeetle thought to be bee. ""I know you well enough, you have put on a blue coat.""",The wise and the foolish,Fools (and other unwise persons),Absurd misunderstandings,One thing mistaken for another,One animal mistaken for another
1729,1947,ATU 1317 Blind Man and Elephant,J1761.10. Blind men and elephant,1317,J1761.10,Blind men and elephant,J. The wise and the foolish.,J1700–J2749. Fools (and other unwise persons).,J1750–J1849. Absurd misunderstandings.,J1750–J1809. One thing mistaken for another.,J1760. Animal or person mistaken for something else.,"J1761.10. Blind men and elephant. Four blind men feel an elephant's leg, tail, ear and body, respectively, and conclude it is like a log, a rope, a fan, and something without beginning or end.",The wise and the foolish,Fools (and other unwise persons),Absurd misunderstandings,One thing mistaken for another,Animal or person mistaken for something else
1730,1948,"ATU 1318 Mistaking a Person (Animal, Object) for a Supernatural Being",J1782.1. Robber or dog in church thought to be a ghost.,1318,J1782.1,Robber or dog in church thought to be a ghost.,J. The wise and the foolish.,J1700–J2749. Fools (and other unwise persons).,J1750–J1849. Absurd misunderstandings.,J1750–J1809. One thing mistaken for another.,"J1780. Things thought to be devils, ghosts, etc.",J1782.1. Robber or dog in church thought to be a ghost.,The wise and the foolish,Fools (and other unwise persons),Absurd misunderstandings,One thing mistaken for another,"Things thought to be devils, ghosts, etc"
1731,1949,"ATU 1318 Mistaking a Person (Animal, Object) for a Supernatural Being",J1782.2. Dropping dough thought to be a ghost,1318,J1782.2,Dropping dough thought to be a ghost,J. The wise and the foolish.,J1700–J2749. Fools (and other unwise persons).,J1750–J1849. Absurd misunderstandings.,J1750–J1809. One thing mistaken for another.,"J1780. Things thought to be devils, ghosts, etc.",J1782.2. Dropping dough thought to be a ghost. It drops on the floor and the man thinks the place is haunted.,The wise and the foolish,Fools (and other unwise persons),Absurd misunderstandings,One thing mistaken for another,"Things thought to be devils, ghosts, etc"
1732,1950,"ATU 1318 Mistaking a Person (Animal, Object) for a Supernatural Being",J1782.8. Person in haunted house shoots off all his toes thinking they are ghosts.,1318,J1782.8,Person in haunted house shoots off all his toes thinking they are ghosts.,J. The wise and the foolish.,J1700–J2749. Fools (and other unwise persons).,J1750–J1849. Absurd misunderstandings.,J1750–J1809. One thing mistaken for another.,"J1780. Things thought to be devils, ghosts, etc.",J1782.8. Person in haunted house shoots off all his toes thinking they are ghosts. (Cf. J1838.),The wise and the foolish,Fools (and other unwise persons),Absurd misunderstandings,One thing mistaken for another,"Things thought to be devils, ghosts, etc"
1733,1951,ATU 1319 Pumpkin Sold as a Donkey's Egg,J1772.1. Pumpkin thought to be an ass's egg.,1319,J1772.1,Pumpkin thought to be an ass's egg.,J. The wise and the foolish.,J1700–J2749. Fools (and other unwise persons).,J1750–J1849. Absurd misunderstandings.,J1750–J1809. One thing mistaken for another.,J1770. Objects with mistaken identity.,J1772.1. Pumpkin thought to be an ass's egg. Numskull thinks he has hatched out an ass's egg. He thinks that the rabbit which runs out is the colt.,The wise and the foolish,Fools (and other unwise persons),Absurd misunderstandings,One thing mistaken for another,Objects with mistaken identity
1734,1952,ATU 1319A* Watch Mistake for the Devil's Eye,J1781.2. Watch mistaken for the devil's eye.,1319A*,J1781.2,Watch mistaken for the devil's eye.,J. The wise and the foolish.,J1700–J2749. Fools (and other unwise persons).,J1750–J1849. Absurd misunderstandings.,J1750–J1809. One thing mistaken for another.,"J1780. Things thought to be devils, ghosts, etc.",J1781.2. Watch mistaken for the devil's eye. Knocked to pieces.,The wise and the foolish,Fools (and other unwise persons),Absurd misunderstandings,One thing mistaken for another,"Things thought to be devils, ghosts, etc"
1735,1953,ATU 1319J* Fool Eats a Beetle Thinking it a Blueberry With Wings,J1761.11. Fool mistakes dung-beetles for fruit: eats them.,1319J*,J1761.11,Fool mistakes dung-beetles for fruit: eats them.,J. The wise and the foolish.,J1700–J2749. Fools (and other unwise persons).,J1750–J1849. Absurd misunderstandings.,J1750–J1809. One thing mistaken for another.,J1760. Animal or person mistaken for something else.,J1761.11. Fool mistakes dung-beetles for fruit: eats them.,The wise and the foolish,Fools (and other unwise persons),Absurd misunderstandings,One thing mistaken for another,Animal or person mistaken for something else
1736,1954,ATU 1321 Fools frightened,J2600. Cowardly fool,1321,J2600,Cowardly fool,J. The wise and the foolish.,J1700–J2749. Fools (and other unwise persons).,J2600–J2649. Cowardly fools.,,J2600. Cowardly fool.,J2600. Cowardly fool.,The wise and the foolish,Fools (and other unwise persons),Cowardly fools,,Cowardly fool
1737,1955,ATU 1321C Fools are Frightened at the Humming of Bees,J2614.1. Fools are frightened at the humming of bees.,1321C,J2614.1,Fools are frightened at the humming of bees.,J. The wise and the foolish.,J1700–J2749. Fools (and other unwise persons).,J2600–J2649. Cowardly fools.,,J2600. Cowardly fool.,J2614.1. Fools are frightened at the humming of bees. Think it is a drum.,The wise and the foolish,Fools (and other unwise persons),Cowardly fools,,Cowardly fool
1738,1956,ATU 1325A Fireplace Gives Too Much Heat,J2104. Moving the fireplac,1325A,J2104,Moving the fireplac,J. The wise and the foolish.,J1700–J2749. Fools (and other unwise persons).,J2050–J2199. Absurd short-sightedness.,,J2100. Remedies worse than the disease.,J2104. Moving the fireplace. When it gives too much heat numskulls decide to move it instead of putting out the fire.,The wise and the foolish,Fools (and other unwise persons),Absurd short-sightedness,,Remedies worse than the disease
1739,1957,ATU 1326 Moving the church,J2328. The moving church tower.,1326,J2328,The moving church tower.,J. The wise and the foolish.,J1700–J2749. Fools (and other unwise persons).,J2300–J2349. Gullible fools.,,J2310. Nature of gullibility.,J2328. The moving church tower. To see whether the church is moving someone lays down his coat in front of it. It is stolen. They think that the church has passed over it.,The wise and the foolish,Fools (and other unwise persons),Gullible fools,,Nature of gullibility
1740,1958,ATU 1327 Emptying the Flour Sack,J2062.1. Which way the sheep shall return,1327,J2062.1,Which way the sheep shall return,J. The wise and the foolish.,J1700–J2749. Fools (and other unwise persons).,J2050–J2199. Absurd short-sightedness.,,J2060. Absurd plans.,"J2062.1. Which way the sheep shall return. One man plans to buy sheep; another says that he shall not drive them across the bridge. They quarrel over the sheep, which have not yet been acquired. A third numskull to convince them of their foolishness pours all his meal out in the water so as to show them the empty sack. ""How much meal is in the sack?"" he asks. ""None."" ""There is just that much wit in your heads.""",The wise and the foolish,Fools (and other unwise persons),Absurd short-sightedness,,Absurd plans
1741,1960,"ATU 1333 The Shepherd who Cried ""Wolf!"" too often","J2172.1. The shepherd who cried ""Wolf!"" too often",1333,J2172.1,"The shepherd who cried ""Wolf!"" too often",J. The wise and the foolish.,J1700–J2749. Fools (and other unwise persons).,J2050–J2199. Absurd short-sightedness.,,J2160. Other short-sighted acts.,"J2172.1. The shepherd who cried ""Wolf!"" too often. When the wolf really comes no one believes him.",The wise and the foolish,Fools (and other unwise persons),Absurd short-sightedness,,Other short-sighted acts
1742,1961,ATU 1334 The Local Moon,J2271.1. The local moon.,1334,J2271.1,The local moon.,J. The wise and the foolish.,J1700–J2749. Fools (and other unwise persons).,J2260–J2299. Absurd scientific theories.,,J2270. Absurd astronomical theories.,"J2271.1. The local moon. Numskull greets old moon as if it were new. ""I haven't seen it before, for I have just come to the city."" (Each town thought to have a different moon.)",The wise and the foolish,Fools (and other unwise persons),Absurd scientific theories,,Absurd astronomical theories
1743,1962,ATU 1335 The Swallowed Moon,J1791.1. Drinking the moon.,1335,J1791.1,Drinking the moon.,J. The wise and the foolish.,J1700–J2749. Fools (and other unwise persons).,J1750–J1849. Absurd misunderstandings.,J1750–J1809. One thing mistaken for another.,J1790. Shadow mistaken for substance.,J1791.1. Drinking the moon. The numskull sees a cow drink from a pool where the moon is reflected. The moon goes under a cloud. He thinks the cow has eaten the moon and slaughters her to recover it.,The wise and the foolish,Fools (and other unwise persons),Absurd misunderstandings,One thing mistaken for another,Shadow mistaken for substance
1744,1963,ATU 1335A Catching the Moon,J1791.2. Rescuing the moon.,1335A,J1791.2,Rescuing the moon.,J. The wise and the foolish.,J1700–J2749. Fools (and other unwise persons).,J1750–J1849. Absurd misunderstandings.,J1750–J1809. One thing mistaken for another.,J1790. Shadow mistaken for substance.,"J1791.2. Rescuing the moon. A numskull sees the moon in the water and throws a rope in to rescue it, but falls in himself. He sees the moon in the sky. At least the moon was saved!",The wise and the foolish,Fools (and other unwise persons),Absurd misunderstandings,One thing mistaken for another,Shadow mistaken for substance
1745,1964,ATU 1335* Setting Sun (Rising Sun) Mistaken for Fire,J1806. Setting sun mistaken for fire,1335*,J1806,Setting sun mistaken for fire,J. The wise and the foolish.,J1700–J2749. Fools (and other unwise persons).,J1750–J1849. Absurd misunderstandings.,J1750–J1809. One thing mistaken for another.,J1800. One thing mistaken for another – miscellaneous.,J1806. Setting sun mistaken for fire.,The wise and the foolish,Fools (and other unwise persons),Absurd misunderstandings,One thing mistaken for another,One thing mistaken for another – miscellaneous
1746,1965,ATU 1336A Not Recognizing Own Reflection,J1791.7. Man does not recognize his own reflection in the water.,1336A,J1791.7,Man does not recognize his own reflection in the water.,J. The wise and the foolish.,J1700–J2749. Fools (and other unwise persons).,J1750–J1849. Absurd misunderstandings.,J1750–J1809. One thing mistaken for another.,J1790. Shadow mistaken for substance.,J1791.7. Man does not recognize his own reflection in the water.,The wise and the foolish,Fools (and other unwise persons),Absurd misunderstandings,One thing mistaken for another,Shadow mistaken for substance
1747,1966,ATU 1339 Strange Foods,J1732. Ignorance of certain foods.,1339,J1732,Ignorance of certain foods.,J. The wise and the foolish.,J1700–J2749. Fools (and other unwise persons).,J1730–J1749. Absurd ignorance.,,J1730. Absurd ignorance.,J1732. Ignorance of certain foods.,The wise and the foolish,Fools (and other unwise persons),Absurd ignorance,,Absurd ignorance
1748,1967,ATU 1339D Farmers are Unacquainted with Mustard,J1742.3. Peasants in city inn order whole portion of mustard.,1339D,J1742.3,Peasants in city inn order whole portion of mustard.,J. The wise and the foolish.,J1700–J2749. Fools (and other unwise persons).,J1730–J1749. Absurd ignorance.,,J1730. Absurd ignorance.,J1742.3. Peasants in city inn order whole portion of mustard.,The wise and the foolish,Fools (and other unwise persons),Absurd ignorance,,Absurd ignorance
1749,1969,ATU 1347 Living Crucifix Chosen,J1738.2. Living crucifix chosen,1347,J1738.2,Living crucifix chosen,J. The wise and the foolish.,J1700–J2749. Fools (and other unwise persons).,J1730–J1749. Absurd ignorance.,,J1730. Absurd ignorance.,J1738.2. Living crucifix chosen. Peasants take their old crucifix to an artist for a new one. The artist asks them whether they want a living or dead crucifix. Argument: living God takes less for upkeep and he can be killed later.,The wise and the foolish,Fools (and other unwise persons),Absurd ignorance,,Absurd ignorance
1750,1971,ATU 1348 The Imaginative Boy,"W211.2. ""I surely saw a hundred wolves (snakes).""",1348,W211.2,I surely saw a hundred wolves (snakes).,W. Traits of character.,W200–W299. Traits of character – miscellaneous.,,,W200. Traits of character – miscellaneous.,"W211.2. ""I surely saw a hundred wolves (snakes)."" – ""There weren't so many as that."" – ""Well, what made the noise in the bushes?""",Traits of character,Traits of character – miscellaneous,,,Traits of character – miscellaneous
1751,1973,ATU 1350 The Soon-Consoled Widow,H466. Feigned death to test wife's faithfulness.,1350,H466,Feigned death to test wife's faithfulness.,H. Tests.,H300–H499. Marriage tests.,,,H460. Wife tests.,H466. Feigned death to test wife's faithfulness.,Tests,Marriage tests,,,Wife tests
1752,1974,ATU 1350 The Soon-Consoled Widow,T231.3. Faithless widow ready to marry messenger who brings news of husband's death.,1350,T231.3,Faithless widow ready to marry messenger who brings news of husband's death.,T. Sex.,T200–T299. Married life.,,,T230. Faithlessness in marriage.,"T231.3. Faithless widow ready to marry messenger who brings news of husband's death. The husband, however, has only feigned death to test her. (Cf. T235.)",Sex,Married life,,,Faithlessness in marriage
1753,1975,ATU 1351 The silence wager,H1194.0.1. Task: causing silent person to speak.,1351,H1194.0.1,Task: causing silent person to speak.,H. Tests.,H900–H1199. Tests of prowess: tasks.,H1000–H1199. Nature of tasks.,,H1180. Miscellaneous tasks.,H1194.0.1. Task: causing silent person to speak.,Tests,Tests of prowess: tasks,Nature of tasks,,Miscellaneous tasks
1754,1976,ATU 1351 The silence wager,J2511. The silence wager.,1351,J2511,The silence wager.,J. The wise and the foolish.,J1700–J2749. Fools (and other unwise persons).,J2500–J2549. Foolish extremes.,,J2500. Foolish extreme.,J2511. The silence wager. A man and his wife make a wager as to who shall speak first (close the door). The man (woman) becomes jealous and scolds; loses the wager.,The wise and the foolish,Fools (and other unwise persons),Foolish extremes,,Foolish extreme
1755,1977,ATU 1352A The Tale-Telling Parrot,J551.1. Cocks who crow about mistress's adultery killed.,1352A,J551.1,Cocks who crow about mistress's adultery killed.,J. The wise and the foolish.,J200–J1099. Wise and unwise conduct.,J500–J599. Prudence and Discretion.,,J550. Zeal – temperate and intemperate.,J551.1. Cocks who crow about mistress's adultery killed. Discreet cock saves his life.,The wise and the foolish,Wise and unwise conduct,Prudence and Discretion,,Zeal – temperate and intemperate
1756,1978,ATU 1352A The Tale-Telling Parrot,K1591. Seventy tales of a parrot prevent a wife's adultery,1352A,K1591,Seventy tales of a parrot prevent a wife's adultery,K. Deceptions.,K1500–K1599. Deceptions connected with adultery.,,,K1580. Other deceits connected with adultery.,K1591. Seventy tales of a parrot prevent a wife's adultery. The parrot keeps her interested until her husband's return.,Deceptions,Deceptions connected with adultery,,,Other deceits connected with adultery
1757,1979,ATU 1353 The old woman as troublemaker,"G303.10.5. Where the devil can't reach, he sends an old woman.",1353,G303.10.5,"Where the devil can't reach, he sends an old woman.",G. Ogres.,G10–G399. Kinds of ogres.,G300–G399. Other ogres.,,G300. Other ogres.,"G303.10.5. Where the devil can't reach, he sends an old woman. (Cf. K1085.)",Ogres,Kinds of ogres,Other ogres,,Other ogres
1758,1980,ATU 1353 The old woman as troublemaker,K1085. Woman makes trouble between man and wife: the hair from his beard.,1353,K1085,Woman makes trouble between man and wife: the hair from his beard.,K. Deceptions.,K1000–K1199. Deception into self-injury.,,,K1080. Persons duped into injuring each other.,K1085. Woman makes trouble between man and wife: the hair from his beard. She tells the wife to increase her husband's love by cutting a hair from his beard. Also tells the husband that his wife will try to cut his throat. He kills his wife.,Deceptions,Deception into self-injury,,,Persons duped into injuring each other
1759,1981,ATU 1354 Death for the Old Couple,J217.0.1. Unsatisfactory life preferred to death.,1354,J217.0.1,Unsatisfactory life preferred to death.,J. The wise and the foolish.,J200–J1099. Wise and unwise conduct.,J200–J499. Choices.,,J210. Choice between evils.,J217.0.1. Unsatisfactory life preferred to death.,The wise and the foolish,Wise and unwise conduct,Choices,,Choice between evils
1760,1982,ATU 1354 Death for the Old Couple,J217.0.1.1. Trickster overhears man praying for death to take him,1354,J217.0.1.1,Trickster overhears man praying for death to take him,J. The wise and the foolish.,J200–J1099. Wise and unwise conduct.,J200–J499. Choices.,,J210. Choice between evils.,"J217.0.1.1. Trickster overhears man praying for death to take him; the trickster appears at man's house, usually in disguise, says he is God (or the devil). The man tells him to take his wife (or he runs away). (Compare C11 for a similar situation in which Death appears.)",The wise and the foolish,Wise and unwise conduct,Choices,,Choice between evils
1761,1983,ATU 1354 Death for the Old Couple,K2065.1. Woman and sick husband.,1354,K2065.1,Woman and sick husband.,K. Deceptions.,K1700–K2099. Deception through shams.,K2000–K2099. Hypocrites.,,K2060. Detection of hypocrisy.,"K2065.1. Woman and sick husband. ""Would that Death take me in his stead."" When Death comes she points to her husband.",Deceptions,Deception through shams,Hypocrites,,Detection of hypocrisy
1762,1984,ATU 1355A The Lord Above the Lord Below,K1525. The Lord above; the lord below.,1355A,K1525,The Lord above; the lord below.,K. Deceptions.,K1500–K1599. Deceptions connected with adultery.,,,K1510. Adulteress outwits husband.,"K1525. The Lord above; the lord below. A husband returning home surprises a woman and her paramour and a numskull who has blundered in. The woman hides the numskull in the bed and the paramour under it. The husband, who is leaving on a journey, lifts his hands to heaven and says, ""I commend you to the Lord above."" – The numskull: ""Commend her rather to the lord below!""",Deceptions,Deceptions connected with adultery,,,Adulteress outwits husband
1763,1985,"ATU 1355B ""I Can See the Whole World!""","K1271.4. Adulteress tells lover ""I can see the whole world.""",1355B,K1271.4,"Adulteress tells lover ""I can see the whole world.""",K. Deceptions.,K1200–K1299. Deception into humiliating position.,,,K1240. Deception into humiliating position – miscellaneous.,"K1271.4. Adulteress tells lover ""I can see the whole world."" Hidden shepherd asks ""Can you see my lost calves (ass)?""",Deceptions,Deception into humiliating position,,,Deception into humiliating position – miscellaneous
1764,1986,ATU 1355C The Lord Above Will Provide,K1271.5. The Lord above will provide.,1355C,K1271.5,The Lord above will provide.,K. Deceptions.,K1200–K1299. Deception into humiliating position.,,,K1240. Deception into humiliating position – miscellaneous.,"K1271.5. The Lord above will provide. A youth and maid come under tree. ""Who shall provide for our child?"" ""He above (God) will take care of it."" The man in the tree: ""I will do nothing of the kind!""",Deceptions,Deception into humiliating position,,,Deception into humiliating position – miscellaneous
1765,1987,ATU 1358A Hidden Lover Buys Freedom from Discoverer,K1555.2. The devil in the barrel.,1358A,K1555.2,The devil in the barrel.,K. Deceptions.,K1500–K1599. Deceptions connected with adultery.,,,K1550. Husband outwits adulteress and paramour.,"K1555.2. The devil in the barrel. The naked lover hides himself in a sooty barrel. The husband receives from a curious gentleman a good sum of money for showing him the ""devil"".",Deceptions,Deceptions connected with adultery,,,Husband outwits adulteress and paramour
1766,1988,ATU 1358A Hidden Lover Buys Freedom from Discoverer,K1554.1. Trickster sets fire to barrel of tow in which paramour is hidden,1358A,K1554.1,Trickster sets fire to barrel of tow in which paramour is hidden,K. Deceptions.,K1500–K1599. Deceptions connected with adultery.,,,K1550. Husband outwits adulteress and paramour.,"K1554.1. Trickster sets fire to barrel of tow in which paramour is hidden. The paramour, naked, runs out carrying wisps of burning tow. The trickster tells the husband that he has raised the devil.",Deceptions,Deceptions connected with adultery,,,Husband outwits adulteress and paramour
1767,1989,ATU 1358A Hidden Lover Buys Freedom from Discoverer,K443.1. Hidden paramour buys freedom from discoverer.,1358A,K443.1,Hidden paramour buys freedom from discoverer.,K. Deceptions.,K300–K499. Thefts and cheats.,K440–K499. Other cheats.,,K440. Other cheats.,K443.1. Hidden paramour buys freedom from discoverer.,Deceptions,Thefts and cheats,Other cheats,,Other cheats
1768,1990,ATU 1358C Trickster Discovers Adultery,K1571. Trickster discovers adultery: food goes to husband instead of paramour.,1358C,K1571,Trickster discovers adultery: food goes to husband instead of paramour.,K. Deceptions.,K1500–K1599. Deceptions connected with adultery.,,,K1570. Trickster outwits adulteress and paramour.,K1571. Trickster discovers adultery: food goes to husband instead of paramour.,Deceptions,Deceptions connected with adultery,,,Trickster outwits adulteress and paramour
1769,1991,ATU 1359C Husband Prepares to Castrate the Crucifix,K1558. The husband prepares to castrate the crucifix.,1359C,K1558,The husband prepares to castrate the crucifix.,K. Deceptions.,K1500–K1599. Deceptions connected with adultery.,,,K1550. Husband outwits adulteress and paramour.,"K1558. The husband prepares to castrate the crucifix. The artist's wife's paramour poses as a crucifix when caught. When he sees the husband's preparations, he flees naked.",Deceptions,Deceptions connected with adultery,,,Husband outwits adulteress and paramour
1770,1992,ATU 1360C Old Hildebrand,K1556. Old Hildebrand,1360C,K1556,Old Hildebrand,K. Deceptions.,K1500–K1599. Deceptions connected with adultery.,,,K1550. Husband outwits adulteress and paramour.,K1556. Old Hildebrand. Hidden cuckold reveals his presence by rhymes. He responds to the rhymes made by the wife and paramour concerning their entertainment.,Deceptions,Deceptions connected with adultery,,,Husband outwits adulteress and paramour
1771,1993,ATU 1361 The Flood,K1522. Husband in hanging tub to escape coming flood,1361,K1522,Husband in hanging tub to escape coming flood,K. Deceptions.,K1500–K1599. Deceptions connected with adultery.,,,K1510. Adulteress outwits husband.,K1522. Husband in hanging tub to escape coming flood. The priest who has thus duped the husband enjoys the wife.,Deceptions,Deceptions connected with adultery,,,Adulteress outwits husband
1772,1994,ATU 1361 The Flood,K1225. Lover given rump to kiss.,1361,K1225,Lover given rump to kiss.,K. Deceptions.,K1200–K1299. Deception into humiliating position.,,,K1210. Humiliated or baffled lovers.,K1225. Lover given rump to kiss. Sometimes the trick is played by a rival lover. (Chaucer's Miller's Tale).,Deceptions,Deception into humiliating position,,,Humiliated or baffled lovers
1773,1995,ATU 1361 The Flood,K1577. Second lover burns paramour at window with hot iron.,1361,K1577,Second lover burns paramour at window with hot iron.,K. Deceptions.,K1500–K1599. Deceptions connected with adultery.,,,K1570. Trickster outwits adulteress and paramour.,K1577. Second lover burns paramour at window with hot iron.,Deceptions,Deceptions connected with adultery,,,Trickster outwits adulteress and paramour
1774,1996,ATU 1362 The Snow-child (Modus Leibinc),J1532.1. The Snow-Child.,1362,J1532.1,The Snow-Child.,J. The wise and the foolish.,J1100–J1699. Cleverness.,J1500–J1649. Clever practical retorts.,,J1530. One absurdity rebukes another.,"J1532.1. The Snow-Child. (Modus Leibinc.) A sailor's wife bears a son in his absence and says that it came from eating snow. Later the husband makes away with the boy who, he says, melted in the sun.",The wise and the foolish,Cleverness,Clever practical retorts,,One absurdity rebukes another
1775,1997,ATU 1363 Tale of the Craddle,K1345. Tale of the cradle.,1363,K1345,Tale of the cradle.,K. Deceptions.,K1300–K1399. Seduction or deceptive marriage.,,,K1340. Entrance into girl's (man's) room (bed) by trick.,"K1345. Tale of the cradle. Two youths pass the night with a family where all sleep in a common room, with a cradle at the foot of one of the beds. The moving of the cradle in the night confuses those walking about so that the strangers sleep with the wife and the daughter.",Deceptions,Seduction or deceptive marriage,,,Entrance into girl's (man's) room (bed) by trick
1776,1999,ATU 1365A Wife Falls into a Stream,T255.2. The obstinate wife sought for up-stream,1365A,T255.2,The obstinate wife sought for up-stream,T. Sex.,T200–T299. Married life.,,,T250. Characteristics of wives and husbands.,"T255.2. The obstinate wife sought for up-stream. When she falls into the stream, the husband concludes that she would be too obstinate to go with the current.",Sex,Married life,,,Characteristics of wives and husbands
1777,2000,ATU 1365B Cutting with the Knife or the Scissors,T255.1. The obstinate wife: cutting with knife or scissors,1365B,T255.1,The obstinate wife: cutting with knife or scissors,T. Sex.,T200–T299. Married life.,,,T250. Characteristics of wives and husbands.,T255.1. The obstinate wife: cutting with knife or scissors. At the end of the argument the man throws his wife into the water. As she sinks she makes with her finger the motion of shearing with the scissors.,Sex,Married life,,,Characteristics of wives and husbands
1778,2001,ATU 1365C Wife Insults the Husband as Lousy-Head,T255.3. The obstinate wife: sign of the louse.,1365C,T255.3,The obstinate wife: sign of the louse.,T. Sex.,T200–T299. Married life.,,,T250. Characteristics of wives and husbands.,T255.3. The obstinate wife: sign of the louse. She calls her husband a lousy head. He throws her into the stream. As she sinks she makes a sign of cracking a louse.,Sex,Married life,,,Characteristics of wives and husbands
1779,2003,ATU 1375 Who can Rule His Wife?,T252.1. Unsuccessful search for man who can rule his wife.,1375,T252.1,Unsuccessful search for man who can rule his wife.,T. Sex.,T200–T299. Married life.,,,T250. Characteristics of wives and husbands.,T252.1. Unsuccessful search for man who can rule his wife.,Sex,Married life,,,Characteristics of wives and husbands
1780,2004,ATU 1370 The Lazy Wife is Reformed,W111.3.2. Cat beaten for not working,1370,W111.3.2,Cat beaten for not working,W. Traits of character.,W100–W199. Unfavorable traits of character.,,,W110. Unfavorable traits of character – personal.,W111.3.2. Cat beaten for not working. Lazy wife must hold cat and is scratched.,Traits of character,Unfavorable traits of character,,,Unfavorable traits of character – personal
1781,2005,ATU 1372 The Box on the Ears,J2494. Getting a box on the ears.,1372,J2494,Getting a box on the ears.,J. The wise and the foolish.,J1700–J2749. Fools (and other unwise persons).,J2450–J2499. Literal fools.,,J2490. Literal fool – miscellaneous.,"J2494. Getting a box on the ears. The man, advised to cure his wife with a box on the ears, goes to the pharmacy and gets one. He cures his wife.",The wise and the foolish,Fools (and other unwise persons),Literal fools,,Literal fool – miscellaneous
1782,2006,ATU 1372* The Wife's Disease,J1511.3. Eating cure becomes epidemic,1372*,J1511.3,Eating cure becomes epidemic,J. The wise and the foolish.,J1100–J1699. Cleverness.,J1500–J1649. Clever practical retorts.,,J1510. The cheater cheated.,J1511.3. Eating cure becomes epidemic. A woman feigns periodic attacks of a sickness that can be cured only by eating a great number of delicacies. The husband feigns the same disease.,The wise and the foolish,Cleverness,Clever practical retorts,,The cheater cheated
1783,2007,ATU 1373 The Weighed Cat,J1611. The stolen meat and the weighed cat,1373,J1611,The stolen meat and the weighed cat,J. The wise and the foolish.,J1100–J1699. Cleverness.,J1500–J1649. Clever practical retorts.,,J1600. Practical retorts – miscellaneous.,J1611. The stolen meat and the weighed cat. A man buys three pounds of meat. His wife eats it and says that the cat ate it. The man weighs the cat and finds that it does not weigh three pounds.,The wise and the foolish,Cleverness,Clever practical retorts,,Practical retorts – miscellaneous
1784,2008,ATU 1375 Who Can Rule His Wife?,T252.1. Unsuccessful search for man who can rule his wife.,1375,T252.1,Unsuccessful search for man who can rule his wife.,T. Sex.,T200–T299. Married life.,,,T250. Characteristics of wives and husbands.,T252.1. Unsuccessful search for man who can rule his wife.,Sex,Married life,,,Characteristics of wives and husbands
1785,2009,ATU 1377 Husband Locked Out,K1511. The husband locked out.,1377,K1511,The husband locked out.,K. Deceptions.,K1500–K1599. Deceptions connected with adultery.,,,K1510. Adulteress outwits husband.,K1511. The husband locked out. An adulteress returns home late at night and her husband refuses to admit her. She threatens to throw herself into the well. The husband goes after her. She enters the house and bars him out.,Deceptions,Deceptions connected with adultery,,,Adulteress outwits husband
1786,2010,ATU 1378 The Marked Coat in the Wife's Room,K1543. The marked coat in the wife's room.,1378,K1543,The marked coat in the wife's room.,K. Deceptions.,K1500–K1599. Deceptions connected with adultery.,,,K1510. Adulteress outwits husband.,K1543. The marked coat in the wife's room. A procuress obtains a woman for her client by leaving a marked coat in her room. The husband drives the wife away and she joins her lover. The procuress then goes to the husband and alleges that she lost a coat with certain marks. The husband is deceived and takes the wife back.,Deceptions,Deceptions connected with adultery,,,Adulteress outwits husband
1787,2011,ATU 1379 Wife Deceives Husband with Substitute Bedmate,K1843. Wife deceives husband with substituted bedmate.,1379,K1843,Wife deceives husband with substituted bedmate.,K. Deceptions.,K1700–K2099. Deception through shams.,K1800–K1899. Deception by disguise or illusion.,,K1840. Deception by substitution.,K1843. Wife deceives husband with substituted bedmate.,Deceptions,Deception through shams,Deception by disguise or illusion,,Deception by substitution
1788,2012,ATU 1379 Wife Deceives Husband with Substitute Bedmate,K1843.2. Wife takes mistress's place in husband's bed.,1379,K1843.2,Wife takes mistress's place in husband's bed.,K. Deceptions.,K1700–K2099. Deception through shams.,K1800–K1899. Deception by disguise or illusion.,,K1840. Deception by substitution.,K1843.2. Wife takes mistress's place in husband's bed. Brings about reconciliation.,Deceptions,Deception through shams,Deception by disguise or illusion,,Deception by substitution
1789,2013,ATU 1380 The faithless wife,K1553. Husband feigns blindness and avenges himself on his wife and her paramour.,1380,K1553,Husband feigns blindness and avenges himself on his wife and her paramour.,K. Deceptions.,K1500–K1599. Deceptions connected with adultery.,,,K1550. Husband outwits adulteress and paramour.,K1553. Husband feigns blindness and avenges himself on his wife and her paramour.,Deceptions,Deceptions connected with adultery,,,Husband outwits adulteress and paramour
1790,2014,ATU 1381 The talkative wife and the discovered treasure,J1151.1.1. Talkative wife discredited.,1381,J1151.1.1,Talkative wife discredited.,J. The wise and the foolish.,J1100–J1699. Cleverness.,J1100–J1249. Clever persons and acts.,J1130–J1199. Cleverness in the law court.,J1150. Cleverness connected with the giving of evidence.,"J1151.1.1. Talkative wife discredited. Husband tells his talkative wife about treasure he has discovered. To discredit her report he tells her also of impossible things (woodcock in the fish net, fish in the bird trap, etc.). She repeats it all and whole story is disbelieved. Husband may keep his treasure.",The wise and the foolish,Cleverness,Clever persons and acts,Cleverness in the law court,Cleverness connected with the giving of evidence
1791,2015,ATU 1381B The Sausage Rain,J1151.1.3. The sausage rain.,1381B,J1151.1.3,The sausage rain.,J. The wise and the foolish.,J1100–J1699. Cleverness.,J1100–J1249. Clever persons and acts.,J1130–J1199. Cleverness in the law court.,J1150. Cleverness connected with the giving of evidence.,"J1151.1.3. The sausage rain. (Or rain of figs, fishes, or milk.) A mother in order to discredit testimony of her foolish son who has killed a man makes him believe that it has rained sausages. When he says that he killed the man on the night it rained sausages his testimony is discredited.",The wise and the foolish,Cleverness,Clever persons and acts,Cleverness in the law court,Cleverness connected with the giving of evidence
1792,2016,ATU 1381C Buried Sheeps Head,H472.1. Test of wife's ability to keep secret: the buried sheep's head.,1381C,H472.1,Test of wife's ability to keep secret: the buried sheep's head.,H. Tests.,H300–H499. Marriage tests.,,,H460. Wife tests.,H472.1. Test of wife's ability to keep secret: the buried sheep's head. Husband tells her that he is burying head of murdered man. She is to keep secret. She tells. When head is dug up it is sheep's head.,Tests,Marriage tests,,,Wife tests
1793,2017,ATU 1381D Wife Multiples the Secret,J2353. The wife multiplies the secret.,1381D,J2353,The wife multiplies the secret.,J. The wise and the foolish.,J1700–J2749. Fools (and other unwise persons).,J2350–J2369. Talkative fools.,,J2350. Talkative fools.,J2353. The wife multiplies the secret. To prove that a woman cannot keep a secret the man tells his wife that a crow has flown out of his belly (or that he has laid an egg). She tells her neighbor that two crows have flown. Soon he hears from his neighbors that there were fifty crows.,The wise and the foolish,Fools (and other unwise persons),Talkative fools,,Talkative fools
1794,2019,ATU 1383 A Woman Does Not Know Herself,J2012.2. Woman's garments cut off: does not know herself.,1383,J2012.2,Woman's garments cut off: does not know herself.,J. The wise and the foolish.,J1700–J2749. Fools (and other unwise persons).,J2000–J2049. Absurd absent-mindedness.,,J2010. Uncertainty about own identity.,J2012.2. Woman's garments cut off: does not know herself.,The wise and the foolish,Fools (and other unwise persons),Absurd absent-mindedness,,Uncertainty about own identity
1795,2020,ATU 1383 A Woman Does Not Know Herself,J2012.3. Woman in tar and feathers does not know herself.,1383,J2012.3,Woman in tar and feathers does not know herself.,J. The wise and the foolish.,J1700–J2749. Fools (and other unwise persons).,J2000–J2049. Absurd absent-mindedness.,,J2010. Uncertainty about own identity.,J2012.3. Woman in tar and feathers does not know herself.,The wise and the foolish,Fools (and other unwise persons),Absurd absent-mindedness,,Uncertainty about own identity
1796,2021,ATU 1384 The husband hunts for three persons as stupid as his wife,H1312.1. Quest for three persons as stupid as his wife.,1384,H1312.1,Quest for three persons as stupid as his wife.,H. Tests.,H1200–H1399. Tests of prowess: quests.,H1250–H1399. Nature of quests.,,H1300. Quests for the unique.,H1312.1. Quest for three persons as stupid as his wife.,Tests,Tests of prowess: quests,Nature of quests,,Quests for the unique
1797,2022,ATU 1385 A Foolish Wife's Security,J2086. The foolish pawn.,1385,J2086,The foolish pawn.,J. The wise and the foolish.,J1700–J2749. Fools (and other unwise persons).,J2050–J2199. Absurd short-sightedness.,,J2080. Foolish bargains.,J2086. The foolish pawn. The woman sells cows and gets one of them back as a pledge for the unpaid purchase price.,The wise and the foolish,Fools (and other unwise persons),Absurd short-sightedness,,Foolish bargains
1798,2024,ATU 1386 Meat as food for cabbage,J1856.1. Meat fed to cabbages,1386,J1856.1,Meat fed to cabbages,J. The wise and the foolish.,J1700–J2749. Fools (and other unwise persons).,J1850–J1999. Absurd disregard of facts.,J1850–J1899. Animals or objects treated as if human.,J1850. Gift or sale to animal (or object).,J1856.1. Meat fed to cabbages.,The wise and the foolish,Fools (and other unwise persons),Absurd disregard of facts,Animals or objects treated as if human,Gift or sale to animal (or object)
1799,2025,ATU 1387 A Woman Goes to Get Beer,J2176. Fool lets wine run in the cellar,1387,J2176,Fool lets wine run in the cellar,J. The wise and the foolish.,J1700–J2749. Fools (and other unwise persons).,J2050–J2199. Absurd short-sightedness.,,J2160. Other short-sighted acts.,J2176. Fool lets wine run in the cellar. He (she) falls into a study (or chases a dog) while the spigot is open.,The wise and the foolish,Fools (and other unwise persons),Absurd short-sightedness,,Other short-sighted acts
1800,2026,ATU 1387 A Woman Goes to Get Beer,J2176.1. Fool tries to dry up spilt wine with meal.,1387,J2176.1,Fool tries to dry up spilt wine with meal.,J. The wise and the foolish.,J1700–J2749. Fools (and other unwise persons).,J2050–J2199. Absurd short-sightedness.,,J2160. Other short-sighted acts.,J2176.1. Fool tries to dry up spilt wine with meal.,The wise and the foolish,Fools (and other unwise persons),Absurd short-sightedness,,Other short-sighted acts
1801,2028,ATU 1405 The Lazy Spinning Woman,K1971.4.1. Wife behind tree advises husband against having his wife work.,1405,K1971.4.1,Wife behind tree advises husband against having his wife work.,K. Deceptions.,K1700–K2099. Deception through shams.,K1900–K1999. Impostures.,,K1970. Sham miracles.,K1971.4.1. Wife behind tree advises husband against having his wife work.,Deceptions,Deception through shams,Impostures,,Sham miracles
1802,2029,ATU 1405 The Lazy Spinning Woman,J2325. Husband made to believe that yarn has changed to tow through his carelessness.,1405,J2325,Husband made to believe that yarn has changed to tow through his carelessness.,J. The wise and the foolish.,J1700–J2749. Fools (and other unwise persons).,J2300–J2349. Gullible fools.,,J2310. Nature of gullibility.,J2325. Husband made to believe that yarn has changed to tow through his carelessness. Thus his lazy wife is relieved from spinning.,The wise and the foolish,Fools (and other unwise persons),Gullible fools,,Nature of gullibility
1803,2030,ATU 1406 Three Clever Wives Wager,J2301. Gullible husbands.,1406,J2301,Gullible husbands.,J. The wise and the foolish.,J1700–J2749. Fools (and other unwise persons).,J2300–J2349. Gullible fools.,,J2300. Gullible fools.,"J2301. Gullible husbands. (Cf. J2311.0.1., J2311.2, J2311.7, J2312, J2313, J2314, J2315, J2316, J2324, J2331.)",The wise and the foolish,Fools (and other unwise persons),Gullible fools,,Gullible fools
1804,2031,ATU 1406 Three Clever Wives Wager,K1545. Wives wager as to who can best fool her husband.,1406,K1545,Wives wager as to who can best fool her husband.,K. Deceptions.,K1500–K1599. Deceptions connected with adultery.,,,K1510. Adulteress outwits husband.,K1545. Wives wager as to who can best fool her husband.,Deceptions,Deceptions connected with adultery,,,Adulteress outwits husband
1805,2032,ATU 1406 Three Clever Wives Wager,J2317. Well man made to believe that he is sick.,1406,J2317,Well man made to believe that he is sick.,J. The wise and the foolish.,J1700–J2749. Fools (and other unwise persons).,J2300–J2349. Gullible fools.,,J2310. Nature of gullibility.,J2317. Well man made to believe that he is sick.,The wise and the foolish,Fools (and other unwise persons),Gullible fools,,Nature of gullibility
1806,2033,ATU 1406 Three Clever Wives Wager,J2311.0.1. Wife makes her husband believe that he is dead.,1406,J2311.0.1,Wife makes her husband believe that he is dead.,J. The wise and the foolish.,J1700–J2749. Fools (and other unwise persons).,J2300–J2349. Gullible fools.,,J2310. Nature of gullibility.,J2311.0.1. Wife makes her husband believe that he is dead. (Cf. J2301.),The wise and the foolish,Fools (and other unwise persons),Gullible fools,,Nature of gullibility
1807,2034,ATU 1406 Three Clever Wives Wager,J2013.2. Man made to believe that he is a dog.,1406,J2013.2,Man made to believe that he is a dog.,J. The wise and the foolish.,J1700–J2749. Fools (and other unwise persons).,J2000–J2049. Absurd absent-mindedness.,,J2010. Uncertainty about own identity.,J2013.2. Man made to believe that he is a dog. He barks at people.,The wise and the foolish,Fools (and other unwise persons),Absurd absent-mindedness,,Uncertainty about own identity
1808,2035,ATU 1406 Three Clever Wives Wager,J2314. Layman made to believe that he is a monk,1406,J2314,Layman made to believe that he is a monk,J. The wise and the foolish.,J1700–J2749. Fools (and other unwise persons).,J2300–J2349. Gullible fools.,,J2310. Nature of gullibility.,J2314. Layman made to believe that he is a monk.,The wise and the foolish,Fools (and other unwise persons),Gullible fools,,Nature of gullibility
1809,2036,ATU 1406 Three Clever Wives Wager,J2324. Wife persuades her husband to have a good tooth pulled,1406,J2324,Wife persuades her husband to have a good tooth pulled,J. The wise and the foolish.,J1700–J2749. Fools (and other unwise persons).,J2300–J2349. Gullible fools.,,J2310. Nature of gullibility.,J2324. Wife persuades her husband to have a good tooth pulled.,The wise and the foolish,Fools (and other unwise persons),Gullible fools,,Nature of gullibility
1810,2037,ATU 1406 Three Clever Wives Wager,J2315. Wife persuades husband that she has returned immediately.,1406,J2315,Wife persuades husband that she has returned immediately.,J. The wise and the foolish.,J1700–J2749. Fools (and other unwise persons).,J2300–J2349. Gullible fools.,,J2310. Nature of gullibility.,J2315. Wife persuades husband that she has returned immediately. She goes to a neighbor's to cook a fish. She is gone a week. She gets a new fish and cooks it and returns home with the hot fish. She convinces her husband of her short absence.,The wise and the foolish,Fools (and other unwise persons),Gullible fools,,Nature of gullibility
1811,2038,ATU 1406 Three Clever Wives Wager,J2316. Husband made to believe that his house has moved during his absence,1406,J2316,Husband made to believe that his house has moved during his absence,J. The wise and the foolish.,J1700–J2749. Fools (and other unwise persons).,J2300–J2349. Gullible fools.,,J2310. Nature of gullibility.,"J2316. Husband made to believe that his house has moved during his absence. The wife and her confederates transform the house into an inn with tables, signs, drinkers, etc. The husband cannot find his house.",The wise and the foolish,Fools (and other unwise persons),Gullible fools,,Nature of gullibility
1812,2039,ATU 1406 Three Clever Wives Wager,J2312. Naked person made to believe that he is clothed.,1406,J2312,Naked person made to believe that he is clothed.,J. The wise and the foolish.,J1700–J2749. Fools (and other unwise persons).,J2300–J2349. Gullible fools.,,J2310. Nature of gullibility.,J2312. Naked person made to believe that he is clothed.,The wise and the foolish,Fools (and other unwise persons),Gullible fools,,Nature of gullibility
1813,2040,ATU 1407 The Miser,W153.2. Miserly husband spies on wife to see that she does not eat too much,1407,W153.2,Miserly husband spies on wife to see that she does not eat too much,W. Traits of character.,W100–W199. Unfavorable traits of character.,,,W150. Unfavorable traits of character – social.,W153.2. Miserly husband spies on wife to see that she does not eat too much. Gets burned in the chimney and beaten in the bed where he hides.,Traits of character,Unfavorable traits of character,,,Unfavorable traits of character – social
1814,2041,"ATU 1407A ""Everything""",K1155. Casual words uttered by dupe used to cheat him of his property.,1407A,K1155,Casual words uttered by dupe used to cheat him of his property.,K. Deceptions.,K1000–K1199. Deception into self-injury.,,,K1110. Deceptions into self injury – miscellaneous.,"K1155. Casual words uttered by dupe used to cheat him of his property. A miser is persuaded by his servant to fast nine days. He calls out on the fifth day ""the half"" and on the ninth ""the whole"". She makes people believe that he is making his will and giving everything to her. It is so ordered.",Deceptions,Deception into self-injury,,,Deceptions into self injury – miscellaneous
1815,2042,ATU 1408 The man who does his wife's work,J2431. A man undertakes to do his wife's work.,1408,J2431,A man undertakes to do his wife's work.,J. The wise and the foolish.,J1700–J2749. Fools (and other unwise persons).,J2400–J2449. Foolish imitation.,,J2420. Foolish imitation – miscellaneous.,J2431. A man undertakes to do his wife's work. All goes wrong.,The wise and the foolish,Fools (and other unwise persons),Foolish imitation,,Foolish imitation – miscellaneous
1816,2043,ATU 1408 The man who does his wife's work,J2176.1. Fool tries to dry up spilt wine with meal.,1408,J2176.1,Fool tries to dry up spilt wine with meal.,J. The wise and the foolish.,J1700–J2749. Fools (and other unwise persons).,J2050–J2199. Absurd short-sightedness.,,J2160. Other short-sighted acts.,J2176.1. Fool tries to dry up spilt wine with meal.,The wise and the foolish,Fools (and other unwise persons),Absurd short-sightedness,,Other short-sighted acts
1817,2044,ATU 1408 The man who does his wife's work,J2132.2. Numskull ties the rope to his leg as the cow grazes on the roof.,1408,J2132.2,Numskull ties the rope to his leg as the cow grazes on the roof.,J. The wise and the foolish.,J1700–J2749. Fools (and other unwise persons).,J2050–J2199. Absurd short-sightedness.,,J2130. Foolish disregard of personal danger.,J2132.2. Numskull ties the rope to his leg as the cow grazes on the roof. The cow falls off and the man is pulled up the chimney.,The wise and the foolish,Fools (and other unwise persons),Absurd short-sightedness,,Foolish disregard of personal danger
1818,2045,ATU 1408 The man who does his wife's work,J2465.4. Washing the child.,1408,J2465.4,Washing the child.,J. The wise and the foolish.,J1700–J2749. Fools (and other unwise persons).,J2450–J2499. Literal fools.,,J2460. Literal obedience.,J2465.4. Washing the child. Fool uses boiling water and kills it.,The wise and the foolish,Fools (and other unwise persons),Literal fools,,Literal obedience
1819,2046,ATU 1408 The man who does his wife's work,J1881.1.3. Three-legged pot sent to walk home.,1408,J1881.1.3,Three-legged pot sent to walk home.,J. The wise and the foolish.,J1700–J2749. Fools (and other unwise persons).,J1850–J1999. Absurd disregard of facts.,J1850–J1899. Animals or objects treated as if human.,J1880. Animals or objects treated as if human – miscellaneous.,J1881.1.3. Three-legged pot sent to walk home.,The wise and the foolish,Fools (and other unwise persons),Absurd disregard of facts,Animals or objects treated as if human,Animals or objects treated as if human – miscellaneous
1820,2047,ATU 1408B Fault-Finding Husband Nonplussed,J1545.3. Fault-finding husband nonplussed,1408B,J1545.3,Fault-finding husband nonplussed,J. The wise and the foolish.,J1100–J1699. Cleverness.,J1500–J1649. Clever practical retorts.,,J1540. Retorts between husband and wife.,"J1545.3. Fault-finding husband nonplussed. The wife has cooked so many dishes that when he complains, she can always supply another. Finally he says, ""I had rather eat dung."" She produces some.",The wise and the foolish,Cleverness,Clever practical retorts,,Retorts between husband and wife
1821,2048,ATU 1410 Four Men's Mistress,J1545.2. Four men's mistress.,1410,J1545.2,Four men's mistress.,J. The wise and the foolish.,J1100–J1699. Cleverness.,J1500–J1649. Clever practical retorts.,,J1540. Retorts between husband and wife.,"J1545.2. Four men's mistress. A husband disguises as a priest to hear his wife's confession. She says that she has been mistress of a servant, a knight, a fool, and a priest; i.e., her husband when he was her servant, and later her knight. He had then been a fool for demanding her confession, and was a priest because he had heard it.",The wise and the foolish,Cleverness,Clever practical retorts,,Retorts between husband and wife
1822,2049,ATU 1415 Lucky Hans,"J2081.1. Foolish bargain: horse for cow, cow for hog, etc.",1415,J2081.1,"Foolish bargain: horse for cow, cow for hog, etc.",J. The wise and the foolish.,J1700–J2749. Fools (and other unwise persons).,J2050–J2199. Absurd short-sightedness.,,J2080. Foolish bargains.,"J2081.1. Foolish bargain: horse for cow, cow for hog, etc. Finally nothing left.",The wise and the foolish,Fools (and other unwise persons),Absurd short-sightedness,,Foolish bargains
1823,2050,ATU 1416 The mouse in the silver jug,C324. Tabu: looking into jug.,1416,C324,Tabu: looking into jug.,C. Tabu.,C300–C399. Looking tabu.,,,C320. Tabu: looking into certain receptacle.,C324. Tabu: looking into jug. Woman does so and finds mouse in it.,Tabu,Looking tabu,,,Tabu: looking into certain receptacle
1824,2051,ATU 1416 The mouse in the silver jug,H1554.1. Test of curiosity: mouse in jug.,1416,H1554.1,Test of curiosity: mouse in jug.,H. Tests.,H1400–H1599. Other tests.,H1550–H1569. Tests of character.,,H1550. Tests of character.,H1554.1. Test of curiosity: mouse in jug. The new Eve. A woman has boasted of a lack of curiosity and blamed Mother Eve. The king entertains her in his castle. She may see everything but must not look into a certain silver jug. She does so and finds a mouse in it. (Cf. H1557.2.),Tests,Other tests,Tests of character,,Tests of character
1825,2052,ATU 1417 The Cut-off Nose (Hair),K1512. The cut-off nose.,1417,K1512,The cut-off nose.,K. Deceptions.,K1500–K1599. Deceptions connected with adultery.,,,K1510. Adulteress outwits husband.,"K1512. The cut-off nose. (Lai of the Tresses.) A woman leaves her husband's bed and has another woman take her place. The husband addresses her, gets no answer and cuts off her nose (hair). In the morning the wife still has her nose (hair). The husband is made to believe that it has grown back by a miracle (or that he was dreaming).",Deceptions,Deceptions connected with adultery,,,Adulteress outwits husband
1826,2053,ATU 1417 The Cut-off Nose (Hair),J2315.2. Gullible husb and made to believe he has cut off his wife's nose.,1417,J2315.2,Gullible husb and made to believe he has cut off his wife's nose.,J. The wise and the foolish.,J1700–J2749. Fools (and other unwise persons).,J2300–J2349. Gullible fools.,,J2310. Nature of gullibility.,"J2315.2. Gullible husb and made to believe he has cut off his wife's nose. She, in another house, has had her nose cut off by mistake. She makes him believe he has done it by making him angry enough to throw a razor at her. When he throws the razor she claims it has cut off her nose.",The wise and the foolish,Fools (and other unwise persons),Gullible fools,,Nature of gullibility
1827,2054,ATU 1418 The Equivocal Oath (Isolde's Ordeal),K1513. The wife's equivocal oath.,1418,K1513,The wife's equivocal oath.,K. Deceptions.,K1500–K1599. Deceptions connected with adultery.,,,K1510. Adulteress outwits husband.,"K1513. The wife's equivocal oath. A husband insists that his wife take oath that she has been intimate with no one but himself. The paramour masks as ass-driver. She hires an ass from him, falls down, and lets him pick her up. She then swears that no one has touched her except her husband and the ass-driver.",Deceptions,Deceptions connected with adultery,,,Adulteress outwits husband
1828,2055,ATU 1419 Returning Husband Hoodwinked,K1510. Adulteress outwits husband.,1419,K1510,Adulteress outwits husband.,K. Deceptions.,K1500–K1599. Deceptions connected with adultery.,,,K1510. Adulteress outwits husband.,K1510. Adulteress outwits husband.,Deceptions,Deceptions connected with adultery,,,Adulteress outwits husband
1829,2056,ATU 1419 Returning Husband Hoodwinked,K1521.2. Paramour successfully hidden in chest,1419,K1521.2,Paramour successfully hidden in chest,K. Deceptions.,K1500–K1599. Deceptions connected with adultery.,,,K1510. Adulteress outwits husband.,K1521.2. Paramour successfully hidden in chest.,Deceptions,Deceptions connected with adultery,,,Adulteress outwits husband
1830,2057,ATU 1419B Animal in the Chest,K1515. The animal in the chest.,1419B,K1515,The animal in the chest.,K. Deceptions.,K1500–K1599. Deceptions connected with adultery.,,,K1510. Adulteress outwits husband.,"K1515. The animal in the chest. The husband has locked the surprised paramour in a chest while he fetches his family as witness of his wife's unfaithfulness. She frees the lover, substitutes an animal, and discountenances the husband. (Cf. K1542, K1555, K1566, K1574.)",Deceptions,Deceptions connected with adultery,,,Adulteress outwits husband
1831,2058,ATU 1419C One-Eyed Husband,K1516. The husband's good eye covered.,1419C,K1516,The husband's good eye covered.,K. Deceptions.,K1500–K1599. Deceptions connected with adultery.,,,K1510. Adulteress outwits husband.,"K1516. The husband's good eye covered. The wife holds a cloth in front of his one good eye, so that he cannot see the paramour.",Deceptions,Deceptions connected with adultery,,,Adulteress outwits husband
1832,2059,ATU 1419C One-Eyed Husband,K1516.1. The husband's good eye treated.,1419C,K1516.1,The husband's good eye treated.,K. Deceptions.,K1500–K1599. Deceptions connected with adultery.,,,K1510. Adulteress outwits husband.,"K1516.1. The husband's good eye treated. The wife pretends to treat his one good eye, so that he cannot see the paramour.",Deceptions,Deceptions connected with adultery,,,Adulteress outwits husband
1833,2060,ATU 1419D Lovers as Pursuer and Fugitive,K1517.1. The lovers as pursuer and fugitive,1419D,K1517.1,The lovers as pursuer and fugitive,K. Deceptions.,K1500–K1599. Deceptions connected with adultery.,,,K1510. Adulteress outwits husband.,"K1517.1. The lovers as pursuer and fugitive. The wife is visited by two gallants. When the husband approaches, one goes out with drawn sword; the other hides in the house. She convinces her husband that she has given refuge to a fugitive.",Deceptions,Deceptions connected with adultery,,,Adulteress outwits husband
1834,2062,ATU 1419H Woman Warns Lover of Husband by Singing Song,K1546.1. Woman warns lover of husband by singing song.,1419H,K1546.1,Woman warns lover of husband by singing song.,K. Deceptions.,K1500–K1599. Deceptions connected with adultery.,,,K1510. Adulteress outwits husband.,K1546.1. Woman warns lover of husband by singing song.,Deceptions,Deceptions connected with adultery,,,Adulteress outwits husband
1835,2063,ATU 1420C Borrowing from the Husband and Returning to the Wife,K1581.3. Lover's gift regained: borrowing from the husband and returning to the wife.,1420C,K1581.3,Lover's gift regained: borrowing from the husband and returning to the wife.,K. Deceptions.,K1500–K1599. Deceptions connected with adultery.,,,K1580. Other deceits connected with adultery.,"K1581.3. Lover's gift regained: borrowing from the husband and returning to the wife. The lover borrows money from the husband with which to corrupt the wife, later telling the husband that the money was returned to the wife during the husband's absence.",Deceptions,Deceptions connected with adultery,,,Other deceits connected with adultery
1836,2064,ATU 1420A The Broken (Removed) Article,K1581.1. Lover's gift regained: the broken (removed) article.,1420A,K1581.1,Lover's gift regained: the broken (removed) article.,K. Deceptions.,K1500–K1599. Deceptions connected with adultery.,,,K1580. Other deceits connected with adultery.,K1581.1. Lover's gift regained: the broken (removed) article. The lover breaks (or removes) an article of household equipment and convinces the husband that for that reason the wife has confiscated that which he gave her as a present.,Deceptions,Deceptions connected with adultery,,,Other deceits connected with adultery
1837,2065,ATU 1422 Parrot Report's Wifes Adultery,J1154.1. Parrot unable to tell husband details as to wife's infidelity,1422,J1154.1,Parrot unable to tell husband details as to wife's infidelity,J. The wise and the foolish.,J1100–J1699. Cleverness.,J1100–J1249. Clever persons and acts.,J1130–J1199. Cleverness in the law court.,J1150. Cleverness connected with the giving of evidence.,J1154.1. Parrot unable to tell husband details as to wife's infidelity. Wife has parrot describe a storm very realistically. Husband observes contrast in the two tales. (Cf. J1152.),The wise and the foolish,Cleverness,Clever persons and acts,Cleverness in the law court,Cleverness connected with the giving of evidence
1838,2066,ATU 1423 The Enchanted Pear Tree,K1518. The enchanted pear tree.,1423,K1518,The enchanted pear tree.,K. Deceptions.,K1500–K1599. Deceptions connected with adultery.,,,K1510. Adulteress outwits husband.,"K1518. The enchanted pear tree. The wife makes the husband, who has seen the adultery from the tree, believe that the tree is magic or that he has seen double.",Deceptions,Deceptions connected with adultery,,,Adulteress outwits husband
1839,2067,ATU 1424 Friar Adds Missing Nose,K1363.2. Friar adds missing nose (fingers) to unborn child: foetus is imperfect and he will substitute for absent husband.,1424,K1363.2,Friar adds missing nose (fingers) to unborn child: foetus is imperfect and he will substitute for absent husband.,K. Deceptions.,K1300–K1399. Seduction or deceptive marriage.,,,K1350. Woman persuaded (or wooed) by trick.,K1363.2. Friar adds missing nose (fingers) to unborn child: foetus is imperfect and he will substitute for absent husband. Is praised by the latter on his return.,Deceptions,Seduction or deceptive marriage,,,Woman persuaded (or wooed) by trick
1840,2069,ATU 1425 Putting the Devil into Hell,K1363.1. Putting the Devil in Hell.,1425,K1363.1,Putting the Devil in Hell.,K. Deceptions.,K1300–K1399. Seduction or deceptive marriage.,,,K1350. Woman persuaded (or wooed) by trick.,K1363.1. Putting the Devil in Hell. Obscene trick used to seduce woman.,Deceptions,Seduction or deceptive marriage,,,Woman persuaded (or wooed) by trick
1841,2071,ATU 1430 Man and His Wife Build Air Castles,J2060. Absurd plans. Air-castles.,1430,J2060,Absurd plans. Air-castles.,J. The wise and the foolish.,J1700–J2749. Fools (and other unwise persons).,J2050–J2199. Absurd short-sightedness.,,J2060. Absurd plans.,J2060. Absurd plans. Air-castles.,The wise and the foolish,Fools (and other unwise persons),Absurd short-sightedness,,Absurd plans
1842,2072,ATU 1430 Man and His Wife Build Air Castles,J2060.1. Quarrel and fight over details of air-castles.,1430,J2060.1,Quarrel and fight over details of air-castles.,J. The wise and the foolish.,J1700–J2749. Fools (and other unwise persons).,J2050–J2199. Absurd short-sightedness.,,J2060. Absurd plans.,J2060.1. Quarrel and fight over details of air-castles.,The wise and the foolish,Fools (and other unwise persons),Absurd short-sightedness,,Absurd plans
1843,2073,ATU 1430 Man and His Wife Build Air Castles,J2061. Air-castle shattered by lack of forethought.,1430,J2061,Air-castle shattered by lack of forethought.,J. The wise and the foolish.,J1700–J2749. Fools (and other unwise persons).,J2050–J2199. Absurd short-sightedness.,,J2060. Absurd plans.,J2061. Air-castle shattered by lack of forethought.,The wise and the foolish,Fools (and other unwise persons),Absurd short-sightedness,,Absurd plans
1844,2074,ATU 1430 Man and His Wife Build Air Castles,J2061.1. Air-castle: the jar of honey to be sold.,1430,J2061.1,Air-castle: the jar of honey to be sold.,J. The wise and the foolish.,J1700–J2749. Fools (and other unwise persons).,J2050–J2199. Absurd short-sightedness.,,J2060. Absurd plans.,J2061.1. Air-castle: the jar of honey to be sold. In his excitement he breaks the jar.,The wise and the foolish,Fools (and other unwise persons),Absurd short-sightedness,,Absurd plans
1845,2075,ATU 1430 Man and His Wife Build Air Castles,J2061.2. Air-castle: pail of milk to be sold.,1430,J2061.2,Air-castle: pail of milk to be sold.,J. The wise and the foolish.,J1700–J2749. Fools (and other unwise persons).,J2050–J2199. Absurd short-sightedness.,,J2060. Absurd plans.,J2061.2. Air-castle: pail of milk to be sold. Proud milkmaid tosses her head (or kicks the pail in her sleep) and spills the milk.,The wise and the foolish,Fools (and other unwise persons),Absurd short-sightedness,,Absurd plans
1846,2076,ATU 1430 Man and His Wife Build Air Castles,J2061.1.2. Air-castle: basket of eggs to be sold.,1430,J2061.1.2,Air-castle: basket of eggs to be sold.,J. The wise and the foolish.,J1700–J2749. Fools (and other unwise persons).,J2050–J2199. Absurd short-sightedness.,,J2060. Absurd plans.,J2061.1.2. Air-castle: basket of eggs to be sold. In her excitement she breaks all the eggs.,The wise and the foolish,Fools (and other unwise persons),Absurd short-sightedness,,Absurd plans
1847,2077,ATU 1430A Foolish Concerns for an Unborn Child,J2060.1. Quarrel and fight over details of air-castles.,1430A,J2060.1,Quarrel and fight over details of air-castles.,J. The wise and the foolish.,J1700–J2749. Fools (and other unwise persons).,J2050–J2199. Absurd short-sightedness.,,J2060. Absurd plans.,J2060.1. Quarrel and fight over details of air-castles.,The wise and the foolish,Fools (and other unwise persons),Absurd short-sightedness,,Absurd plans
1848,2078,ATU 1440 Substituted Animal,J1615. That which was promised him,1440,J1615,That which was promised him,J. The wise and the foolish.,J1100–J1699. Cleverness.,J1500–J1649. Clever practical retorts.,,J1600. Practical retorts – miscellaneous.,"J1615. That which was promised him. A tenant promises his daughter to his master against her will. The master sends for ""that which was promised him."" The daughter sends the horse, and it is taken into the master's chamber.",The wise and the foolish,Cleverness,Clever practical retorts,,Practical retorts – miscellaneous
1849,2080,ATU 1374* Woman Who Does Not Know How to Bake Bread,"J2499.1. ""Till the front sweats.""",1374*,J2499.1,Till the front sweats.,J. The wise and the foolish.,J1700–J2749. Fools (and other unwise persons).,J2450–J2499. Literal fools.,,J2490. Literal fool – miscellaneous.,"J2499.1. ""Till the front sweats."" A mother orders her daughter to knead the dough until the front of the oven (stirn) sweats. She does so till her forehead (stirn) sweats.",The wise and the foolish,Fools (and other unwise persons),Literal fools,,Literal fool – miscellaneous
1850,2081,ATU 1450 Clever Elsie,J2063. Distress over imagined troubles of unborn child.,1450,J2063,Distress over imagined troubles of unborn child.,J. The wise and the foolish.,J1700–J2749. Fools (and other unwise persons).,J2050–J2199. Absurd short-sightedness.,,J2060. Absurd plans.,J2063. Distress over imagined troubles of unborn child. (Clever Else.) Girl sent to cellar to get wine to serve the suitor begins weeping over the troubles of the child which she might have if she married the suitor. Her parents join her. Meanwhile the suitor leaves.,The wise and the foolish,Fools (and other unwise persons),Absurd short-sightedness,,Absurd plans
1851,2082,ATU 1451 The Thrifty Girl,H381.1. Bride test: making dress from wasted flax.,1451,H381.1,Bride test: making dress from wasted flax.,H. Tests.,H300–H499. Marriage tests.,H360–H399. Bride tests.,,H360. Bride test.,H381.1. Bride test: making dress from wasted flax.,Tests,Marriage tests,Bride tests,,Bride test
1852,2083,ATU 1452 Thrifty Cutting the Cheese,H381.2. Bride test: thrifty cutting of cheese.,1452,H381.2,Bride test: thrifty cutting of cheese.,H. Tests.,H300–H499. Marriage tests.,H360–H399. Bride tests.,,H360. Bride test.,"H381.2. Bride test: thrifty cutting of cheese. Three girls tested. First eats rind and all, second cuts away good cheese, third cuts away just enough.",Tests,Marriage tests,Bride tests,,Bride test
1853,2084,ATU 1453 Key in Flax Reveals Laziness,H382.1. Bride test: key in flax reveals laziness.,1453,H382.1,Bride test: key in flax reveals laziness.,H. Tests.,H300–H499. Marriage tests.,H360–H399. Bride tests.,,H360. Bride test.,H382.1. Bride test: key in flax reveals laziness. Suitor hides key in flax on spinning wheel. Finds it there next day.,Tests,Marriage tests,Bride tests,,Bride test
1854,2085,ATU 1456 The blind fiancée,K1984.5. Blind fiancée betrays self,1456,K1984.5,Blind fiancée betrays self,K. Deceptions.,K1700–K2099. Deception through shams.,K1900–K1999. Impostures.,,K1980. Other impostures.,K1984.5. Blind fiancée betrays self. Mistakes one object for another.,Deceptions,Deception through shams,Impostures,,Other impostures
1855,2086,ATU 1456 The blind fiancée,K1225. Lover given rump to kiss,1456,K1225,Lover given rump to kiss,K. Deceptions.,K1200–K1299. Deception into humiliating position.,,,K1210. Humiliated or baffled lovers.,K1225. Lover given rump to kiss. Sometimes the trick is played by a rival lover. (Chaucer's Miller's Tale).,Deceptions,Deception into humiliating position,,,Humiliated or baffled lovers
1856,2087,ATU 1459** Keeping up appearances,K1984. Girls keep up appearances to deceive suitors as to their desirability,1459**,K1984,Girls keep up appearances to deceive suitors as to their desirability,K. Deceptions.,K1700–K2099. Deception through shams.,K1900–K1999. Impostures.,,K1980. Other impostures.,K1984. Girls keep up appearances to deceive suitors as to their desirability.,Deceptions,Deception through shams,Impostures,,Other impostures
1857,2088,ATU 1462 The unwilling suitor advised from the tree,K1971.6. Girl behind the tree advises the unwilling suitor,1462,K1971.6,Girl behind the tree advises the unwilling suitor,K. Deceptions.,K1700–K2099. Deception through shams.,K1900–K1999. Impostures.,,K1970. Sham miracles.,"K1971.6. Girl behind the tree advises the unwilling suitor. Believing it to be the advice of angels, he marries her.",Deceptions,Deception through shams,Impostures,,Sham miracles
1858,2089,ATU 1476 Prayer for a Husband,K1971.9. Sexton behind statue tells old maid praying for a husband to raise her foot to her neck.,1476,K1971.9,Sexton behind statue tells old maid praying for a husband to raise her foot to her neck.,K. Deceptions.,K1700–K2099. Deception through shams.,K1900–K1999. Impostures.,,K1970. Sham miracles.,K1971.9. Sexton behind statue tells old maid praying for a husband to raise her foot to her neck.,Deceptions,Deception through shams,Impostures,,Sham miracles
1859,2091,ATU 1476B Old Maid Married to a Devil,G303.12.5. Devil marries girl.,1476B,G303.12.5,Devil marries girl.,G. Ogres.,G10–G399. Kinds of ogres.,G300–G399. Other ogres.,,G300. Other ogres.,G303.12.5. Devil marries girl.,Ogres,Kinds of ogres,Other ogres,,Other ogres
1860,2092,ATU 1479* Old Maid on the Roof,X753. A youth promises to marry an old maid if she will sit all night on the roof,1479*,X753,A youth promises to marry an old maid if she will sit all night on the roof,X. Humor.,X700–X799. Humor concerning sex.,,,X750. Jokes on old maids.,X753. A youth promises to marry an old maid if she will sit all night on the roof. She falls down.,Humor,Humor concerning sex,,,Jokes on old maids
1861,2094,ATU 1510 Matron of Ephesus,K2213.1. Matron of Ephesus.,1510,K2213.1,Matron of Ephesus.,K. Deceptions.,K2200–K2299. Villains and traitors.,,,K2210. Treacherous relatives.,K2213.1. Matron of Ephesus. (Vidua.) A woman mourns night and day by her husband's grave. A knight guarding a hanged man is about to lose his life because of the corpse he has stolen from the gallows. The matron offers him her love and substitutes her husband's corpse on the gallows so that the knight can escape.,Deceptions,Villains and traitors,,,Treacherous relatives
1862,2095,ATU 1516* Marriage as Purgatory,"T251.0.2. Christ, not having married, knew nothing about suffering",1516*,T251.0.2,"Christ, not having married, knew nothing about suffering",T. Sex.,T200–T299. Married life.,,,T250. Characteristics of wives and husbands.,"T251.0.2. Christ, not having married, knew nothing about suffering. So thinks the man after hearing all about Christ's torments.",Sex,Married life,,,Characteristics of wives and husbands
1863,2096,ATU 1516* Marriage as Purgatory,T251.0.1. Man ejected from heaven for folly of marrying twice.,1516*,T251.0.1,Man ejected from heaven for folly of marrying twice.,T. Sex.,T200–T299. Married life.,,,T250. Characteristics of wives and husbands.,T251.0.1. Man ejected from heaven for folly of marrying twice.,Sex,Married life,,,Characteristics of wives and husbands
1864,2097,ATU 1525 The Master Thief,K301. Master thief.,1525,K301,Master thief.,K. Deceptions.,K300–K499. Thefts and cheats.,,,K300. Thefts and cheats – general.,K301. Master thief. Man undertakes to steal various closely guarded things. Succeeds by cleverness.,Deceptions,Thefts and cheats,,,Thefts and cheats – general
1865,2098,ATU 1525A Tasks for a Thief,K301.1. Youth learns robbery as a trade: boasts of it.,1525A,K301.1,Youth learns robbery as a trade: boasts of it.,K. Deceptions.,K300–K499. Thefts and cheats.,,,K300. Thefts and cheats – general.,K301.1. Youth learns robbery as a trade: boasts of it.,Deceptions,Thefts and cheats,,,Thefts and cheats – general
1866,2099,ATU 1525A Tasks for a Thief,H1151. Theft as a task.,1525A,H1151,Theft as a task.,H. Tests.,H900–H1199. Tests of prowess: tasks.,H1000–H1199. Nature of tasks.,,"H1150. Tasks: stealing, capturing, or slaying.",H1151. Theft as a task.,Tests,Tests of prowess: tasks,Nature of tasks,,"Tasks: stealing, capturing, or slaying"
1867,2100,ATU 1525A Tasks for a Thief,H1151.2. Task: stealing twelve horses out of stall.,1525A,H1151.2,Task: stealing twelve horses out of stall.,H. Tests.,H900–H1199. Tests of prowess: tasks.,H1000–H1199. Nature of tasks.,,"H1150. Tasks: stealing, capturing, or slaying.",H1151.2. Task: stealing twelve horses out of stall. (Cf. H1151.13.3.),Tests,Tests of prowess: tasks,Nature of tasks,,"Tasks: stealing, capturing, or slaying"
1868,2101,ATU 1525A Tasks for a Thief,K332. Theft by making owner drunk,1525A,K332,Theft by making owner drunk,K. Deceptions.,K300–K499. Thefts and cheats.,K310–K439. Thefts.,,K330. Means of hoodwinking the guardian or owner.,K332. Theft by making owner drunk.,Deceptions,Thefts and cheats,Thefts,,Means of hoodwinking the guardian or owner
1869,2102,ATU 1525A Tasks for a Thief,H1151.3. Task: stealing sheet from bed on which person is sleeping.,1525A,H1151.3,Task: stealing sheet from bed on which person is sleeping.,H. Tests.,H900–H1199. Tests of prowess: tasks.,H1000–H1199. Nature of tasks.,,"H1150. Tasks: stealing, capturing, or slaying.",H1151.3. Task: stealing sheet from bed on which person is sleeping.,Tests,Tests of prowess: tasks,Nature of tasks,,"Tasks: stealing, capturing, or slaying"
1870,2103,ATU 1525A Tasks for a Thief,K362.2. Ring to put on corpse's finger,1525A,K362.2,Ring to put on corpse's finger,K. Deceptions.,K300–K499. Thefts and cheats.,K310–K439. Thefts.,,K360. Other means of theft.,K362.2. Ring to put on corpse's finger. A thief holds a corpse up to a lord's window. The lord shoots the corpse and leaves to bury it. The thief goes to the lady and gets a sheet to bury the corpse in and a ring to put on his finger.,Deceptions,Thefts and cheats,Thefts,,Other means of theft
1871,2104,ATU 1525D Theft by Distracting Attention,K341.6. Shoes dropped to distract owner's attention.,1525D,K341.6,Shoes dropped to distract owner's attention.,K. Deceptions.,K300–K499. Thefts and cheats.,K310–K439. Thefts.,,K330. Means of hoodwinking the guardian or owner.,K341.6. Shoes dropped to distract owner's attention. The thief drops two shoes in different places and steals a ram while the shepherd goes after the shoes.,Deceptions,Thefts and cheats,Thefts,,Means of hoodwinking the guardian or owner
1872,2105,ATU 1525D Theft by Distracting Attention,K341.3. Thief distracts attention by apparently hanging (stabbing) himself.,1525D,K341.3,Thief distracts attention by apparently hanging (stabbing) himself.,K. Deceptions.,K300–K499. Thefts and cheats.,K310–K439. Thefts.,,K330. Means of hoodwinking the guardian or owner.,K341.3. Thief distracts attention by apparently hanging (stabbing) himself.,Deceptions,Thefts and cheats,Thefts,,Means of hoodwinking the guardian or owner
1873,2106,ATU 1525D Theft by Distracting Attention,K341.7. Animal's cry imitated to distract owner's attention from his goods.,1525D,K341.7,Animal's cry imitated to distract owner's attention from his goods.,K. Deceptions.,K300–K499. Thefts and cheats.,K310–K439. Thefts.,,K330. Means of hoodwinking the guardian or owner.,K341.7. Animal's cry imitated to distract owner's attention from his goods. Meantime rascal steals an animal.,Deceptions,Thefts and cheats,Thefts,,Means of hoodwinking the guardian or owner
1874,2107,ATU 1525G Thief in Disguise,K311. Thief in disguise,1525G,K311,Thief in disguise,K. Deceptions.,K300–K499. Thefts and cheats.,K310–K439. Thefts.,,K310. Means of entering house or treasury.,K311. Thief in disguise.,Deceptions,Thefts and cheats,Thefts,,Means of entering house or treasury
1875,2108,ATU 1525E Thieves Steal from One Another,K306. Thieves steal from each other.,1525E,K306,Thieves steal from each other.,K. Deceptions.,K300–K499. Thefts and cheats.,,,K300. Thefts and cheats – general.,K306. Thieves steal from each other. (Cf. K305.2.),Deceptions,Thefts and cheats,,,Thefts and cheats – general
1876,2109,ATU 1525E Thieves Steal from One Another,L142.1. Pupil surpasses thieves in stealing.,1525E,L142.1,Pupil surpasses thieves in stealing.,L. Reversal of fortune.,L100–L199. Unpromising hero (heroine).,,,L140. The unpromising surpasses the promising.,L142.1. Pupil surpasses thieves in stealing.,Reversal of fortune,Unpromising hero (heroine),,,The unpromising surpasses the promising
1877,2110,ATU 1525E Thieves Steal from One Another,J1516. Rogues exchange objects and cheat each other,1525E,J1516,Rogues exchange objects and cheat each other,J. The wise and the foolish.,J1100–J1699. Cleverness.,J1500–J1649. Clever practical retorts.,,J1510. The cheater cheated.,J1516. Rogues exchange objects and cheat each other.,The wise and the foolish,Cleverness,Clever practical retorts,,The cheater cheated
1878,2111,ATU 1525E Thieves Steal from One Another,K307.1. One thief hides in money bag; other carries it off.,1525E,K307.1,One thief hides in money bag; other carries it off.,K. Deceptions.,K300–K499. Thefts and cheats.,,,K300. Thefts and cheats – general.,K307.1. One thief hides in money bag; other carries it off.,Deceptions,Thefts and cheats,,,Thefts and cheats – general
1879,2113,ATU 1525M Sheep in the Cradle,"K406.2. Stolen sheep dressed as baby in cradle, so that thief may escape detection.",1525M,K406.2,"Stolen sheep dressed as baby in cradle, so that thief may escape detection.",K. Deceptions.,K300–K499. Thefts and cheats.,K310–K439. Thefts.,,K400. Thief escapes detection.,"K406.2. Stolen sheep dressed as baby in cradle, so that thief may escape detection. (Mak.)",Deceptions,Thefts and cheats,Thefts,,Thief escapes detection
1880,2116,ATU 1525L* Theft Commited While Tale is Told,K341.20. The story about theft.,1525L*,K341.20,The story about theft.,K. Deceptions.,K300–K499. Thefts and cheats.,K310–K439. Thefts.,,K330. Means of hoodwinking the guardian or owner.,"K341.20. The story about theft. One thief steals, the other relates the situation, in the form of a tale, to the gentleman who is being robbed.",Deceptions,Thefts and cheats,Thefts,,Means of hoodwinking the guardian or owner
1881,2117,ATU 1525L* Theft Commited While Tale is Told,K341.21. The dance of the thief.,1525L*,K341.21,The dance of the thief.,K. Deceptions.,K300–K499. Thefts and cheats.,K310–K439. Thefts.,,K330. Means of hoodwinking the guardian or owner.,"K341.21. The dance of the thief. While singing and dancing in the farmer's house, the thief gives hints to his friend in the loft, how to steal the bacon.",Deceptions,Thefts and cheats,Thefts,,Means of hoodwinking the guardian or owner
1882,2118,ATU 1525R Robber Brothers,K308. Youngest brother surpasses elder as thief.,1525R,K308,Youngest brother surpasses elder as thief.,K. Deceptions.,K300–K499. Thefts and cheats.,,,K300. Thefts and cheats – general.,K308. Youngest brother surpasses elder as thief.,Deceptions,Thefts and cheats,,,Thefts and cheats – general
1883,2119,ATU 1526A Supper Won by a Trick,K455.1. Supper won by trick: the mutual friend.,1526A,K455.1,Supper won by trick: the mutual friend.,K. Deceptions.,K300–K499. Thefts and cheats.,K440–K499. Other cheats.,,K440. Other cheats.,K455.1. Supper won by trick: the mutual friend. A parasite makes the host believe him to be a friend of a certain guest and the guest to think him a friend of the host.,Deceptions,Thefts and cheats,Other cheats,,Other cheats
1884,2120,ATU 1526A Supper Won by a Trick,K455.2. Supper won by disguising as an invited guest.,1526A,K455.2,Supper won by disguising as an invited guest.,K. Deceptions.,K300–K499. Thefts and cheats.,K440–K499. Other cheats.,,K440. Other cheats.,K455.2. Supper won by disguising as an invited guest.,Deceptions,Thefts and cheats,Other cheats,,Other cheats
1885,2121,ATU 1527A The Robber Disarmed,K630. Escape by disarming (making pursuit difficult).,1527A,K630,Escape by disarming (making pursuit difficult).,K. Deceptions.,K500–K699. Escape by deception.,,,K630. Escape by disarming (making pursuit difficult).,K630. Escape by disarming (making pursuit difficult).,Deceptions,Escape by deception,,,Escape by disarming (making pursuit difficult)
1886,2122,ATU 1527A The Robber Disarmed,"K724. Dupe induced to waste his bullets, then seized.",1527A,K724,"Dupe induced to waste his bullets, then seized.",K. Deceptions.,K700–K799. Capture by deception.,,,K710. Victim enticed into voluntary captivity or helplessness.,"K724. Dupe induced to waste his bullets, then seized.",Deceptions,Capture by deception,,,Victim enticed into voluntary captivity or helplessness
1887,2123,ATU 1528 Holding Down the Hat,K1252. Holding down the hat.,1528,K1252,Holding down the hat.,K. Deceptions.,K1200–K1299. Deception into humiliating position.,,,K1240. Deception into humiliating position – miscellaneous.,K1252. Holding down the hat. Dupe persuaded to guard hat supposed to cover something valuable. It covers a pile of dung. (Dupe's goods are sometimes stolen.),Deceptions,Deception into humiliating position,,,Deception into humiliating position – miscellaneous
1888,2124,ATU 1529 Thief as Donkey,K403. Thief claims to have been transformed into an ass.,1529,K403,Thief claims to have been transformed into an ass.,K. Deceptions.,K300–K499. Thefts and cheats.,K310–K439. Thefts.,,K400. Thief escapes detection.,"K403. Thief claims to have been transformed into an ass. While the owner sleeps the thief steals his horse, hitches himself to the wagon, and claims that he is the horse transformed into a man.",Deceptions,Thefts and cheats,Thefts,,Thief escapes detection
1889,2126,ATU 1530 Holding up the Rock,K1251. Holding up the rock,1530,K1251,Holding up the rock,K. Deceptions.,K1200–K1299. Deception into humiliating position.,,,K1240. Deception into humiliating position – miscellaneous.,K1251. Holding up the rock. Trickster makes dupe believe that he is holding up a great rock and induces him to hold it for a while. (Sometimes steals the dupe's goods.),Deceptions,Deception into humiliating position,,,Deception into humiliating position – miscellaneous
1890,2128,ATU 1534 Series of Clever Unjust Decisions,J1173. Series of clever unjust decisions: plaintiff voluntarily withdraws.,1534,J1173,Series of clever unjust decisions: plaintiff voluntarily withdraws.,J. The wise and the foolish.,J1100–J1699. Cleverness.,J1100–J1249. Clever persons and acts.,J1130–J1199. Cleverness in the law court.,J1170. Clever judicial decisions.,J1173. Series of clever unjust decisions: plaintiff voluntarily withdraws. (1) Man pulls off borrowed horse's tail: he shall keep horse till tail grows on. (2) Man falls out of bed and kills a baby (or causes a miscarriage): he shall beget a new baby for the mother. (3) Man falls from a bridge and kills boatsman's son: shall allow boatsman to fall from bridge and kill him.,The wise and the foolish,Cleverness,Clever persons and acts,Cleverness in the law court,Clever judicial decisions
1891,2129,ATU 1534A* Barber Substituted for Smith at Execution,"J2233.1.1. Men hang old bedridden weaver instead of young, valuable member of colony after the young man has accidentally killed an Indian.",1534A*,J2233.1.1,"Men hang old bedridden weaver instead of young, valuable member of colony after the young man has accidentally killed an Indian.",J. The wise and the foolish.,J1700–J2749. Fools (and other unwise persons).,J2200–J2259. Absurd lack of logic.,,J2220. Other logical absurdities.,"J2233.1.1. Men hang old bedridden weaver instead of young, valuable member of colony after the young man has accidentally killed an Indian. The Indian tribe demands punishment.",The wise and the foolish,Fools (and other unwise persons),Absurd lack of logic,,Other logical absurdities
1892,2131,ATU 1536 Disposing of a Corpse,K2151. The corpse handed around.,1536,K2151,The corpse handed around.,K. Deceptions.,K2100–K2199. False accusations.,,,K2150. Innocent made to appear guilty.,K2151. The corpse handed around. (The thrice-killed corpse.) Dupes are accused of murder when the corpse is left with them. The trickster is paid to keep silent.,Deceptions,False accusations,,,Innocent made to appear guilty
1893,2132,ATU 1536A Woman in the Chest,K2151. The corpse handed around.,1536A,K2151,The corpse handed around.,K. Deceptions.,K2100–K2199. False accusations.,,,K2150. Innocent made to appear guilty.,K2151. The corpse handed around. (The thrice-killed corpse.) Dupes are accused of murder when the corpse is left with them. The trickster is paid to keep silent.,Deceptions,False accusations,,,Innocent made to appear guilty
1894,2133,ATU 1536A Woman in the Chest,K2321. Corpse set up to frighten people.,1536A,K2321,Corpse set up to frighten people.,K. Deceptions.,K2300–K2399. Other deceptions.,,,K2320. Deception by frightening.,K2321. Corpse set up to frighten people.,Deceptions,Other deceptions,,,Deception by frightening
1895,2134,ATU 1536B Three Hunchback Brothers Drowned,N320. Person unwittingly killed.,1536B,N320,Person unwittingly killed.,N. Chance and fate.,N300–N399. Unlucky accidents.,,,N320. Person unwittingly killed.,N320. Person unwittingly killed.,Chance and fate,Unlucky accidents,,,Person unwittingly killed
1896,2135,ATU 1536B Three Hunchback Brothers Drowned,K1551.1. Husband returns secretly and kills unwelcome suitor.,1536B,K1551.1,Husband returns secretly and kills unwelcome suitor.,K. Deceptions.,K1500–K1599. Deceptions connected with adultery.,,,K1550. Husband outwits adulteress and paramour.,K1551.1. Husband returns secretly and kills unwelcome suitor.,Deceptions,Deceptions connected with adultery,,,Husband outwits adulteress and paramour
1897,2136,ATU 1537 The corpse killed five times,K2152. Unresponsive corpse,1537,K2152,Unresponsive corpse,K. Deceptions.,K2100–K2199. False accusations.,,,K2150. Innocent made to appear guilty.,K2152. Unresponsive corpse. Corpse is set up so that dupe addresses it and when it does not respond knocks it over. He is accused of murder. Most references to K2151 apply to this motif as well.,Deceptions,False accusations,,,Innocent made to appear guilty
1898,2137,ATU 1537 The corpse killed five times,K2151. †K2151.,1537,K2151,The Corpse Handed Around,K. Deceptions.,K2100–K2199. False accusations.,,,K2150. Innocent made to appear guilty.,K2151. The corpse handed around. (The thrice-killed corpse.) Dupes are accused of murder when the corpse is left with them. The trickster is paid to keep silent.,Deceptions,False accusations,,,Innocent made to appear guilty
1899,2138,ATU 1538 Revenge of the Cheated Man,K713.1. Deception into allowing oneself to be tied,1538,K713.1,Deception into allowing oneself to be tied,K. Deceptions.,K700–K799. Capture by deception.,,,K710. Victim enticed into voluntary captivity or helplessness.,K713.1. Deception into allowing oneself to be tied.,Deceptions,Capture by deception,,,Victim enticed into voluntary captivity or helplessness
1900,2139,ATU 1538 Revenge of the Cheated Man,K1825.1.3. Trickster masks as doctor and punishes his cheaters.,1538,K1825.1.3,Trickster masks as doctor and punishes his cheaters.,K. Deceptions.,K1700–K2099. Deception through shams.,K1800–K1899. Deception by disguise or illusion.,,K1810. Deception by disguise.,K1825.1.3. Trickster masks as doctor and punishes his cheaters.,Deceptions,Deception through shams,Deception by disguise or illusion,,Deception by disguise
1901,2140,ATU 1539 Cleverness and gullibility,K132. Wolf sold as a goat (sheep).,1539,K132,Wolf sold as a goat (sheep).,K. Deceptions.,K100–K299. Deceptive bargains.,K110–K149. Sale of worthless articles.,,K130. Sale of worthless animals.,K132. Wolf sold as a goat (sheep).,Deceptions,Deceptive bargains,Sale of worthless articles,,Sale of worthless animals
1902,2141,ATU 1539 Cleverness and gullibility,K111.2. Alleged bill-paying hat sold.,1539,K111.2,Alleged bill-paying hat sold.,K. Deceptions.,K100–K299. Deceptive bargains.,K110–K149. Sale of worthless articles.,,K110. Sale of pseudo-magic objects.,K111.2. Alleged bill-paying hat sold.,Deceptions,Deceptive bargains,Sale of worthless articles,,Sale of pseudo-magic objects
1903,2142,ATU 1539 Cleverness and gullibility,K113.4. Alleged resuscitating wand sold,1539,K113.4,Alleged resuscitating wand sold,K. Deceptions.,K100–K299. Deceptive bargains.,K110–K149. Sale of worthless articles.,,K110. Sale of pseudo-magic objects.,K113.4. Alleged resuscitating wand sold. (Cf. D1254.1.),Deceptions,Deceptive bargains,Sale of worthless articles,,Sale of pseudo-magic objects
1904,2143,ATU 1539 Cleverness and gullibility,K111.1. Alleged gold-dropping animal sold.,1539,K111.1,Alleged gold-dropping animal sold.,K. Deceptions.,K100–K299. Deceptive bargains.,K110–K149. Sale of worthless articles.,,K110. Sale of pseudo-magic objects.,K111.1. Alleged gold-dropping animal sold.,Deceptions,Deceptive bargains,Sale of worthless articles,,Sale of pseudo-magic objects
1905,2144,ATU 1539 Cleverness and gullibility,K131.1. Rabbit sold as letter-carrier.,1539,K131.1,Rabbit sold as letter-carrier.,K. Deceptions.,K100–K299. Deceptive bargains.,K110–K149. Sale of worthless articles.,,K130. Sale of worthless animals.,K131.1. Rabbit sold as letter-carrier. Alleged to be a swift deliverer of letters.,Deceptions,Deceptive bargains,Sale of worthless articles,,Sale of worthless animals
1906,2145,ATU 1539 Cleverness and gullibility,K112.1. Alleged self-cooking kettle sold.,1539,K112.1,Alleged self-cooking kettle sold.,K. Deceptions.,K100–K299. Deceptive bargains.,K110–K149. Sale of worthless articles.,,K110. Sale of pseudo-magic objects.,K112.1. Alleged self-cooking kettle sold.,Deceptions,Deceptive bargains,Sale of worthless articles,,Sale of pseudo-magic objects
1907,2146,ATU 1539 Cleverness and gullibility,K1068.2. Teaching Latin,1539,K1068.2,Teaching Latin,K. Deceptions.,K1000–K1199. Deception into self-injury.,,,K1040. Dupe otherwise persuaded to voluntary self-injury.,K1068.2. Teaching Latin. Cuts off tip of pupil's tongue or orders him to lick cold iron – pupil injures himself.,Deceptions,Deception into self-injury,,,Dupe otherwise persuaded to voluntary self-injury
1908,2147,ATU 1539 Cleverness and gullibility,K911.1. Sham death to wound enemies.,1539,K911.1,Sham death to wound enemies.,K. Deceptions.,K800–K999. Killing or maiming by deception.,,,K910. Murder by strategy.,K911.1. Sham death to wound enemies. Trickster lets himself be buried alive and stabs his enemies from the grave when they come to defile his body.,Deceptions,Killing or maiming by deception,,,Murder by strategy
1909,2148,ATU 1540 The student from Paradise (Paris),J2326. The student from paradise.,1540,J2326,The student from paradise.,J. The wise and the foolish.,J1700–J2749. Fools (and other unwise persons).,J2300–J2349. Gullible fools.,,J2310. Nature of gullibility.,J2326. The student from paradise. A student tells a woman that he comes from Paris. She understands him to say from paradise and gives him money and goods to take to her husband.,The wise and the foolish,Fools (and other unwise persons),Gullible fools,,Nature of gullibility
1910,2149,ATU 1540 The student from Paradise (Paris),K341.9.1. Thief persuades owner to take his place so he can go and catch thief: really steals owner's horse.,1540,K341.9.1,Thief persuades owner to take his place so he can go and catch thief: really steals owner's horse.,K. Deceptions.,K300–K499. Thefts and cheats.,K310–K439. Thefts.,,K330. Means of hoodwinking the guardian or owner.,K341.9.1. Thief persuades owner to take his place so he can go and catch thief: really steals owner's horse.,Deceptions,Thefts and cheats,Thefts,,Means of hoodwinking the guardian or owner
1911,2150,ATU 1541 For the long winter,K362.1. For the long winter.,1541,K362.1,For the long winter.,K. Deceptions.,K300–K499. Thefts and cheats.,K310–K439. Thefts.,,K360. Other means of theft.,"K362.1. For the long winter. The numskull has been told to keep the sausage ""for the long winter"". When the trickster hears this, he claims to be Long Winter and receives the sausage.",Deceptions,Thefts and cheats,Thefts,,Other means of theft
1912,2151,ATU 1541 For the long winter,J2460.1. Disastrous following of misunderstood instructions,1541,J2460.1,Disastrous following of misunderstood instructions,J. The wise and the foolish.,J1700–J2749. Fools (and other unwise persons).,J2450–J2499. Literal fools.,,J2460. Literal obedience.,"J2460.1. Disastrous following of misunderstood instructions. (To burn land, then sow seed. Opposite done.)",The wise and the foolish,Fools (and other unwise persons),Literal fools,,Literal obedience
1913,2152,ATU 1542 The clever boy,K341.8.1. Trickster pretends to ride home for tools to perform tricks.,1542,K341.8.1,Trickster pretends to ride home for tools to perform tricks.,K. Deceptions.,K300–K499. Thefts and cheats.,K310–K439. Thefts.,,K330. Means of hoodwinking the guardian or owner.,K341.8.1. Trickster pretends to ride home for tools to perform tricks. Rides away on horse.,Deceptions,Thefts and cheats,Thefts,,Means of hoodwinking the guardian or owner
1914,2153,ATU 1542 The clever boy,K112.1. Alleged self-cooking kettle sold.,1542,K112.1,Alleged self-cooking kettle sold.,K. Deceptions.,K100–K299. Deceptive bargains.,K110–K149. Sale of worthless articles.,,K110. Sale of pseudo-magic objects.,K112.1. Alleged self-cooking kettle sold.,Deceptions,Deceptive bargains,Sale of worthless articles,,Sale of pseudo-magic objects
1915,2154,ATU 1542 The clever boy,K113. Pseudo-magic resuscitating object sold.,1542,K113,Pseudo-magic resuscitating object sold.,K. Deceptions.,K100–K299. Deceptive bargains.,K110–K149. Sale of worthless articles.,,K110. Sale of pseudo-magic objects.,K113. Pseudo-magic resuscitating object sold. Dupe kills his wife (mother) and is unable to resuscitate her.,Deceptions,Deceptive bargains,Sale of worthless articles,,Sale of pseudo-magic objects
1916,2155,ATU 1542 The clever boy,J2401. Fatal imitation.,1542,J2401,Fatal imitation.,J. The wise and the foolish.,J1700–J2749. Fools (and other unwise persons).,J2400–J2449. Foolish imitation.,,J2400. Foolish imitation.,"J2401. Fatal imitation. (Cf. J2411.1, J2411.2, J2413.4.2, J2422.)",The wise and the foolish,Fools (and other unwise persons),Foolish imitation,,Foolish imitation
1917,2156,ATU 1542 The clever boy,K1321.1. Man disguised as woman admitted to women's quarters: seduction.,1542,K1321.1,Man disguised as woman admitted to women's quarters: seduction.,K. Deceptions.,K1300–K1399. Seduction or deceptive marriage.,,,K1310. Seduction by disguise or substitution.,K1321.1. Man disguised as woman admitted to women's quarters: seduction.,Deceptions,Seduction or deceptive marriage,,,Seduction by disguise or substitution
1918,2157,ATU 1542 The clever boy,K842. Dupe persuaded to take prisoner's place in a sack: killed.,1542,K842,Dupe persuaded to take prisoner's place in a sack: killed.,K. Deceptions.,K800–K999. Killing or maiming by deception.,,,K840. Deception into fatal substitution.,K842. Dupe persuaded to take prisoner's place in a sack: killed. The bag is to be thrown into the sea. The trickster keeps shouting that he does not want to go to heaven (or marry the princess); the dupe gladly substitutes for him. (Cf. K714.2.1.),Deceptions,Killing or maiming by deception,,,Deception into fatal substitution
1919,2158,ATU 1542 The clever boy,L161. Lowly hero marries princess.,1542,L161,Lowly hero marries princess.,L. Reversal of fortune.,L100–L199. Unpromising hero (heroine).,,,L160. Success of the unpromising hero (heroine).,L161. Lowly hero marries princess.,Reversal of fortune,Unpromising hero (heroine),,,Success of the unpromising hero (heroine)
1920,2159,ATU 1542** The Maiden's Honor,K1363. Seduction of person ignorant of sexual intercourse.,1542**,K1363,Seduction of person ignorant of sexual intercourse.,K. Deceptions.,K1300–K1399. Seduction or deceptive marriage.,,,K1350. Woman persuaded (or wooed) by trick.,K1363. Seduction of person ignorant of sexual intercourse.,Deceptions,Seduction or deceptive marriage,,,Woman persuaded (or wooed) by trick
1921,2160,ATU 1543* The man without a member,J1919.8. The man without a member: foolish wife gives her husband money to buy himself one.,1543*,J1919.8,The man without a member: foolish wife gives her husband money to buy himself one.,J. The wise and the foolish.,J1700–J2749. Fools (and other unwise persons).,J1850–J1999. Absurd disregard of facts.,,J1910. Fatal disregard of anatomy.,J1919.8. The man without a member: foolish wife gives her husband money to buy himself one.,The wise and the foolish,Fools (and other unwise persons),Absurd disregard of facts,,Fatal disregard of anatomy
1922,2163,ATU 1544 The man who got a night's lodging,K1981.1. Trickster feigns deafness and gets hospitality from miser.,1544,K1981.1,Trickster feigns deafness and gets hospitality from miser.,K. Deceptions.,K1700–K2099. Deception through shams.,K1900–K1999. Impostures.,,K1980. Other impostures.,K1981.1. Trickster feigns deafness and gets hospitality from miser.,Deceptions,Deception through shams,Impostures,,Other impostures
1923,2164,ATU 1544 The man who got a night's lodging,K258. Stolen property sold to its owner.,1544,K258,Stolen property sold to its owner.,K. Deceptions.,K100–K299. Deceptive bargains.,,,K250. Other deceptive bargains.,K258. Stolen property sold to its owner.,Deceptions,Deceptive bargains,,,Other deceptive bargains
1924,2165,ATU 1544 The man who got a night's lodging,K1572. Trickster makes woman believe that her husband is coming to punish her adultery.,1544,K1572,Trickster makes woman believe that her husband is coming to punish her adultery.,K. Deceptions.,K1500–K1599. Deceptions connected with adultery.,,,K1570. Trickster outwits adulteress and paramour.,K1572. Trickster makes woman believe that her husband is coming to punish her adultery. She confesses.,Deceptions,Deceptions connected with adultery,,,Trickster outwits adulteress and paramour
1925,2166,ATU 1544 The man who got a night's lodging,K942. Angry man kills his own horse by mistake.,1544,K942,Angry man kills his own horse by mistake.,K. Deceptions.,K800–K999. Killing or maiming by deception.,,,K940. Deception into killing own family or animals.,K942. Angry man kills his own horse by mistake. Trickster has shifted the places of his horse and that of the dupe.,Deceptions,Killing or maiming by deception,,,Deception into killing own family or animals
1926,2168,ATU 1545 The boy with many names,"K602. ""Noman.",1545,K602,"""Noman.",K. Deceptions.,K500–K699. Escape by deception.,,,K600. Murderer or captor otherwise beguiled.,"K602. ""Noman."" Escape by assuming an equivocal name. (Sometimes ""myself."")",Deceptions,Escape by deception,,,Murderer or captor otherwise beguiled
1927,2169,ATU 1545B Boy Who Knew Nothing of Women,K1327. Seduction by feigned stupidity,1545B,K1327,Seduction by feigned stupidity,K. Deceptions.,K1300–K1399. Seduction or deceptive marriage.,,,K1310. Seduction by disguise or substitution.,"K1327. Seduction by feigned stupidity. Cautious farmer seeks laborer who knows nothing about sex. Trickster makes silly explanation of copulation of animals. When admitted into service, seduces both farmer's wife and daughter.",Deceptions,Seduction or deceptive marriage,,,Seduction by disguise or substitution
1928,2170,ATU 1547* Trickster with Painted Penis,K1398. The trickster with painted member.,1547*,K1398,The trickster with painted member.,K. Deceptions.,K1300–K1399. Seduction or deceptive marriage.,,,K1380. Seductions – miscellaneous.,K1398. The trickster with painted member. The father wants his daughter's child to be a bishop.,Deceptions,Seduction or deceptive marriage,,,Seductions – miscellaneous
1929,2171,ATU 1548 Stone Soup,"K112.2. ""Soup stone"" sold.",1548,K112.2,"""Soup stone"" sold.",K. Deceptions.,K100–K299. Deceptive bargains.,K110–K149. Sale of worthless articles.,,K110. Sale of pseudo-magic objects.,"K112.2. ""Soup stone"" sold. It needs only the addition of a few vegetables and a bit of meat.",Deceptions,Deceptive bargains,Sale of worthless articles,,Sale of pseudo-magic objects
1930,2172,ATU 1551 The Wager that Sheep are Hogs,K451.2. The wager that sheep are hogs.,1551,K451.2,The wager that sheep are hogs.,K. Deceptions.,K300–K499. Thefts and cheats.,K440–K499. Other cheats.,,K440. Other cheats.,K451.2. The wager that sheep are hogs. A trickster wagers with a sheep driver that the sheep he is driving are hogs. The next man to overtake them will act as umpire. The trickster's confederate now arrives and declares that they are hogs.,Deceptions,Thefts and cheats,Other cheats,,Other cheats
1931,2173,ATU 1555A Paying for Bread with Beer,"K233.4. Man orders a bottle of beer, then returns it and takes a loaf of bread instead.",1555A,K233.4,"Man orders a bottle of beer, then returns it and takes a loaf of bread instead.",K. Deceptions.,K100–K299. Deceptive bargains.,K200–K249. Deception in payment of debt.,,K230. Other deceptions in the payment of debt.,"K233.4. Man orders a bottle of beer, then returns it and takes a loaf of bread instead. He refuses to pay for the bread because he has returned the beer undrunk. He refuses to pay for the beer because he has not drunk it.",Deceptions,Deceptive bargains,Deception in payment of debt,,Other deceptions in the payment of debt
1932,2174,ATU 1555B Wine and Water Business,"K231.6.2.2. Trickster fills his gallon jug half full of water, then has it filled with rum at the store.",1555B,K231.6.2.2,"Trickster fills his gallon jug half full of water, then has it filled with rum at the store.",K. Deceptions.,K100–K299. Deceptive bargains.,K200–K249. Deception in payment of debt.,,K230. Other deceptions in the payment of debt.,"K231.6.2.2. Trickster fills his gallon jug half full of water, then has it filled with rum at the store. When seller refuses credit, he pours back half gallon of the liquid – now half rum and half water. Sometimes trickster repeats operation, getting richer mixture with each transaction.",Deceptions,Deceptive bargains,Deception in payment of debt,,Other deceptions in the payment of debt
1933,2175,ATU 1556 The Double Pension (Burial Money),"K482.1. Husband and wife each receive money (from different persons) to bury the other, who is supposed to be dead.",1556,K482.1,"Husband and wife each receive money (from different persons) to bury the other, who is supposed to be dead.",K. Deceptions.,K300–K499. Thefts and cheats.,K440–K499. Other cheats.,,K440. Other cheats.,"K482.1. Husband and wife each receive money (from different persons) to bury the other, who is supposed to be dead.",Deceptions,Thefts and cheats,Other cheats,,Other cheats
1934,2176,ATU 1557 Box on the Ear Returned,K2376. The returned box on the ears.,1557,K2376,The returned box on the ears.,K. Deceptions.,K2300–K2399. Other deceptions.,,,K2370. Miscellaneous deceptions.,"K2376. The returned box on the ears. At table each gives his neighbor a box on the ears. The soldier is to give it to the king, but he returns it to the courtier from whom he has received it.",Deceptions,Other deceptions,,,Miscellaneous deceptions
1935,2177,ATU 1558 Welcome to the Clothes,J1561.3. Welcome to the clothes.,1558,J1561.3,Welcome to the clothes.,J. The wise and the foolish.,J1100–J1699. Cleverness.,J1500–J1649. Clever practical retorts.,,J1560. Practical retorts: hosts and guests.,"J1561.3. Welcome to the clothes. A man at a banquet is neglected because of his poor clothes. He changes clothes, returns, and is honored. ""Feed my clothes,"" he says, ""for it is they that are welcomed.""",The wise and the foolish,Cleverness,Clever practical retorts,,Practical retorts: hosts and guests
1936,2178,ATU 1561 Three Meals in a Row,"W111.2.6. The boy eats breakfast, dinner, and supper one immediately after the other; then lies down to sleep.",1561,W111.2.6,"The boy eats breakfast, dinner, and supper one immediately after the other; then lies down to sleep.",W. Traits of character.,W100–W199. Unfavorable traits of character.,,,W110. Unfavorable traits of character – personal.,"W111.2.6. The boy eats breakfast, dinner, and supper one immediately after the other; then lies down to sleep.",Traits of character,Unfavorable traits of character,,,Unfavorable traits of character – personal
1937,2179,"ATU 1562 ""Think Thrice before you Speak.""",J2516.1. Think thrice before you speak.,1562,J2516.1,Think thrice before you speak.,J. The wise and the foolish.,J1700–J2749. Fools (and other unwise persons).,J2500–J2549. Foolish extremes.,,J2500. Foolish extreme.,J2516.1. Think thrice before you speak. The youth obeys literally the precept even when he sees the master's coat on fire.,The wise and the foolish,Fools (and other unwise persons),Foolish extremes,,Foolish extreme
1938,2180,"ATU 1562A ""The Barn is Burning""",J1269.12. Youth announces fire in imitation of priest's metaphorical language.,1562A,J1269.12,Youth announces fire in imitation of priest's metaphorical language.,J. The wise and the foolish.,J1100–J1699. Cleverness.,J1250–J1499. Clever verbal retorts (repartee).,,J1260. Repartee based on church or clergy.,J1269.12. Youth announces fire in imitation of priest's metaphorical language. The fire set by cat's tail gains headway.,The wise and the foolish,Cleverness,Clever verbal retorts (repartee),,Repartee based on church or clergy
1939,2182,"ATU 1563 ""Both?""","K1354.1. ""Both?""",1563,K1354.1,Both?,K. Deceptions.,K1300–K1399. Seduction or deceptive marriage.,,,K1350. Woman persuaded (or wooed) by trick.,"K1354.1. ""Both?"" The youth is sent to the house to get two articles. He meets the two daughters and calls back to the master. ""Both?"" ""Yes, I said both!"" replies the master. The youth has his will of both daughters.",Deceptions,Seduction or deceptive marriage,,,Woman persuaded (or wooed) by trick
1940,2183,"ATU 1563 ""Both?""",K1354.2.1. Trickster asks husband for one thing and the wife for another.,1563,K1354.2.1,Trickster asks husband for one thing and the wife for another.,K. Deceptions.,K1300–K1399. Seduction or deceptive marriage.,,,K1350. Woman persuaded (or wooed) by trick.,"K1354.2.1. Trickster asks husband for one thing and the wife for another. The husband's order: ""Let him have what he wants.""",Deceptions,Seduction or deceptive marriage,,,Woman persuaded (or wooed) by trick
1941,2184,ATU 1565 Agreement Not to Scratch,K263. Agreement not to scratch.,1565,K263,Agreement not to scratch.,K. Deceptions.,K100–K299. Deceptive bargains.,,,K250. Other deceptive bargains.,K263. Agreement not to scratch. In talking the trickster makes gestures and scratches without detection.,Deceptions,Deceptive bargains,,,Other deceptive bargains
1942,2185,ATU 1566A* Maids Must Rise Even Earlier,K1636. Maids must rise even earlier.,1566A*,K1636,Maids must rise even earlier.,K. Deceptions.,K1600–K1699. Deceiver falls into own trap.,,,K1610. Deceiver falls into his own trap – miscellaneous incidents.,"K1636. Maids must rise even earlier. They have killed the cock for waking them too early, but their mistress punishes them.",Deceptions,Deceiver falls into own trap,,,Deceiver falls into his own trap – miscellaneous incidents
1943,2186,ATU 1567 Stingy Household,J1341.1. Softening bread-crusts.,1567,J1341.1,Softening bread-crusts.,J. The wise and the foolish.,J1100–J1699. Cleverness.,J1250–J1499. Clever verbal retorts (repartee).,,J1340. Retorts from hungry persons.,"J1341.1. Softening bread-crusts. An avaricious master feeds bread-crusts to his servants. ""The crusts are already getting soft.""",The wise and the foolish,Cleverness,Clever verbal retorts (repartee),,Retorts from hungry persons
1944,2187,ATU 1567 Stingy Household,J1341.4. Two eggs.,1567,J1341.4,Two eggs.,J. The wise and the foolish.,J1100–J1699. Cleverness.,J1250–J1499. Clever verbal retorts (repartee).,,J1340. Retorts from hungry persons.,"J1341.4. Two eggs. Widow serves tailor one egg. He sings, ""One egg, one egg."" She decides one egg is not enough and serves him two next time. He then sings ""Two eggs are two eggs."" He is next given two eggs and a sausage, etc.",The wise and the foolish,Cleverness,Clever verbal retorts (repartee),,Retorts from hungry persons
1945,2188,ATU 1567F Hungry Shepherd,J1341.6. Hungry shepherd attracts attention,1567F,J1341.6,Hungry shepherd attracts attention,J. The wise and the foolish.,J1100–J1699. Cleverness.,J1250–J1499. Clever verbal retorts (repartee).,,J1340. Retorts from hungry persons.,"J1341.6. Hungry shepherd attracts attention. He tells of a cow with four teats who bore five calves. They ask what the fifth calf does while the other four are nursing. ""It looks on just as I am doing now.""",The wise and the foolish,Cleverness,Clever verbal retorts (repartee),,Retorts from hungry persons
1946,2189,ATU 1567G Good Food Changes Song,J1341.11. Hired men sing of displeasure with food; change song when food is improved,1567G,J1341.11,Hired men sing of displeasure with food; change song when food is improved,J. The wise and the foolish.,J1100–J1699. Cleverness.,J1250–J1499. Clever verbal retorts (repartee).,,J1340. Retorts from hungry persons.,"J1341.11. Hired men sing of displeasure with food; change song when food is improved (cante fable). The Westmoreland text follows: (Mowers sing this very slowly, mow in tempo)|Curds and whey, Iv-ve-ry day,|(After the food is improved they sing and work in tempo)|Ham and eggs, mind thy legs. (Cf. K1546.)",The wise and the foolish,Cleverness,Clever verbal retorts (repartee),,Retorts from hungry persons
1947,2192,ATU 1574 The Tailor's Dream,J1401. The tailor's dream,1574,J1401,The tailor's dream,J. The wise and the foolish.,J1100–J1699. Cleverness.,J1250–J1499. Clever verbal retorts (repartee).,,J1400. Repartee concerning false reform.,"J1401. The tailor's dream. A tailor dreams that at Judgment Day he sees a flag made up of all the pieces of cloth he has stolen Upon waking he asks his servants to warn him if they ever see him tempted to steal again. This happens. He replies, ""The piece I am about to steal does not fit into the flag.""",The wise and the foolish,Cleverness,Clever verbal retorts (repartee),,Repartee concerning false reform
1948,2193,ATU 1575* Clever Shepherd,K1971.2. Man behind the tree threatens his debtor.,1575*,K1971.2,Man behind the tree threatens his debtor.,K. Deceptions.,K1700–K2099. Deception through shams.,K1900–K1999. Impostures.,,K1970. Sham miracles.,K1971.2. Man behind the tree threatens his debtor. The latter thinks God is calling and repays the debt.,Deceptions,Deception through shams,Impostures,,Sham miracles
1949,2194,ATU 1577* Blind Robber Paid Back,N455.1. Overheard boast about hidden money brings about robbery.,1577*,N455.1,Overheard boast about hidden money brings about robbery.,N. Chance and fate.,N400–N699. Lucky accidents.,N440–N499. Valuable secrets learned.,,N450. Secrets overheard.,N455.1. Overheard boast about hidden money brings about robbery.,Chance and fate,Lucky accidents,Valuable secrets learned,,Secrets overheard
1950,2195,"ATU 1579 Carrying Wolf, Goat, and Cabbage across Stream","H506.3. Test of resourcefulness: carrying wolf, goat, and cabbage across stream.",1579,H506.3,"Test of resourcefulness: carrying wolf, goat, and cabbage across stream.",H. Tests.,H500–H899. Tests of cleverness.,,,H500. Test of cleverness or ability.,"H506.3. Test of resourcefulness: carrying wolf, goat, and cabbage across stream. Man is to set across a stream, in a boat that will hold himself and only one other object, a wolf, a goat, and a cabbage. He must do this so that the wolf doesn't eat the goat, nor the goat the cabbage. Two solutions: (1) (a) take goat over, (b) take wolf over and goat back, (c) take cabbage over, (d) take goat over; (2) (a) take goat over, (b) take cabbage over and goat back, (c) take wolf over, (d) take goat over.",Tests,Tests of cleverness,,,Test of cleverness or ability
1951,2196,ATU 1585 The Lawyer's Mad Client,K1655. The lawyer's mad client.,1585,K1655,The lawyer's mad client.,K. Deceptions.,K1600–K1699. Deceiver falls into own trap.,,,K1610. Deceiver falls into his own trap – miscellaneous incidents.,"K1655. The lawyer's mad client. (Pathelin.) On the advice of a lawyer, the client feigns insanity when arraigned in court. When the fee is demanded, he still feigns insanity.",Deceptions,Deceiver falls into own trap,,,Deceiver falls into his own trap – miscellaneous incidents
1952,2197,ATU 1586 The Man in Court for Killing a Fly,J1193.1. Killing the fly on the judge's nose.,1586,J1193.1,Killing the fly on the judge's nose.,J. The wise and the foolish.,J1100–J1699. Cleverness.,J1100–J1249. Clever persons and acts.,J1130–J1199. Cleverness in the law court.,J1190. Cleverness in the lawcourt – miscellaneous.,J1193.1. Killing the fly on the judge's nose. The judge has told the boy that he should kill a fly wherever he sees one.,The wise and the foolish,Cleverness,Clever persons and acts,Cleverness in the law court,Cleverness in the lawcourt – miscellaneous
1953,2198,ATU 1586 The Man in Court for Killing a Fly,J1833.1. Numskull shoots grasshopper which lighted on the shoulder of his friend and kills friend.,1586,J1833.1,Numskull shoots grasshopper which lighted on the shoulder of his friend and kills friend.,J. The wise and the foolish.,J1700–J2749. Fools (and other unwise persons).,J1750–J1849. Absurd misunderstandings.,,J1820. Inappropriate action from misunderstanding.,J1833.1. Numskull shoots grasshopper which lighted on the shoulder of his friend and kills friend.,The wise and the foolish,Fools (and other unwise persons),Absurd misunderstandings,,Inappropriate action from misunderstanding
1954,2199,ATU 1588** Cheater Caught by Seizing on His Own Words,K2310. Deception by equivocation.,1588**,K2310,Deception by equivocation.,K. Deceptions.,K2300–K2399. Other deceptions.,,,K2310. Deception by equivocation.,K2310. Deception by equivocation.,Deceptions,Other deceptions,,,Deception by equivocation
1955,2200,ATU 1589 The Lawyer's Dog Steals Meat,K488. Lawyer's dog steals meat,1589,K488,Lawyer's dog steals meat,K. Deceptions.,K300–K499. Thefts and cheats.,K440–K499. Other cheats.,,K440. Other cheats.,K488. Lawyer's dog steals meat. The lawyer tells the butcher that the dog's owner (himself) is liable for damages. He ask double the amount of the damages as fee.,Deceptions,Thefts and cheats,Other cheats,,Other cheats
1956,2201,ATU 1590 The Tresspasser's Defence,K475. Cheating through equivocation.,1590,K475,Cheating through equivocation.,K. Deceptions.,K300–K499. Thefts and cheats.,K440–K499. Other cheats.,,K440. Other cheats.,K475. Cheating through equivocation.,Deceptions,Thefts and cheats,Other cheats,,Other cheats
1957,2202,ATU 1590 The Tresspasser's Defence,K2310. Deception by equivocation,1590,K2310,Deception by equivocation,K. Deceptions.,K2300–K2399. Other deceptions.,,,K2310. Deception by equivocation.,K2310. Deception by equivocation.,Deceptions,Other deceptions,,,Deception by equivocation
1958,2203,ATU 1590 The Tresspasser's Defence,M105. Equivocal oaths.,1590,M105,Equivocal oaths.,M. Ordaining the future.,M100–M199. Vows and oaths.,,,M100. Vows and oaths.,M105. Equivocal oaths.,Ordaining the future,Vows and oaths,,,Vows and oaths
1959,2204,ATU 1590 The Tresspasser's Defence,Q270. Misdeeds concerning property punished.,1590,Q270,Misdeeds concerning property punished.,Q. Rewards and punishments.,Q200–Q399. Deeds punished.,,,Q270. Misdeeds concerning property punished.,Q270. Misdeeds concerning property punished.,Rewards and punishments,Deeds punished,,,Misdeeds concerning property punished
1960,2205,ATU 1590 The Tresspasser's Defence,J1161.3. Trespasser's defense: standing on his own land.,1590,J1161.3,Trespasser's defense: standing on his own land.,J. The wise and the foolish.,J1100–J1699. Cleverness.,J1100–J1249. Clever persons and acts.,J1130–J1199. Cleverness in the law court.,J1160. Clever pleading.,J1161.3. Trespasser's defense: standing on his own land. Man has earth from his own land in his shoes.,The wise and the foolish,Cleverness,Clever persons and acts,Cleverness in the law court,Clever pleading
1961,2206,ATU 1591 The Three Joint Depositors,J1161.1. The three joint depositors may have their money back when all demand it.,1591,J1161.1,The three joint depositors may have their money back when all demand it.,J. The wise and the foolish.,J1100–J1699. Cleverness.,J1100–J1249. Clever persons and acts.,J1130–J1199. Cleverness in the law court.,J1160. Clever pleading.,J1161.1. The three joint depositors may have their money back when all demand it. Money is left by three joint depositors subject to their joint order. It is stolen by one. When the banker is sued he agrees to give up the money when he receives joint order from all three.,The wise and the foolish,Cleverness,Clever persons and acts,Cleverness in the law court,Clever pleading
1962,2207,ATU 1592 The Iron-eating Mice,J1531.2. The iron-eating mice.,1592,J1531.2,The iron-eating mice.,J. The wise and the foolish.,J1100–J1699. Cleverness.,J1500–J1649. Clever practical retorts.,,J1530. One absurdity rebukes another.,J1531.2. The iron-eating mice. Trustee claims that mice have eaten the iron scales confided to him. The host abducts the trustee's son and says that a falcon has carried him off.,The wise and the foolish,Cleverness,Clever practical retorts,,One absurdity rebukes another
1963,2208,ATU 1592B Pot Has a Child and Dies,J1531.3. The pot has a child and dies.,1592B,J1531.3,The pot has a child and dies.,J. The wise and the foolish.,J1100–J1699. Cleverness.,J1500–J1649. Clever practical retorts.,,J1530. One absurdity rebukes another.,J1531.3. The pot has a child and dies. A borrower returns a pot along with a small one saying that the pot has had a young one. The pots are accepted. He borrows the pot a second time and keeps it. He sends word that the pot has died.,The wise and the foolish,Cleverness,Clever practical retorts,,One absurdity rebukes another
1964,2210,ATU 1610 Sharing the Reward,K187. Strokes shared.,1610,K187,Strokes shared.,K. Deceptions.,K100–K299. Deceptive bargains.,,,K170. Deception through pseudo-simple bargain.,K187. Strokes shared. The boy promises the soldier what the king has promised to give him. The soldier receives a beating in place of the boy.,Deceptions,Deceptive bargains,,,Deception through pseudo-simple bargain
1965,2211,ATU 1611 Contest in Climbing the Mast,K1762. Bluff: climbing the mast.,1611,K1762,Bluff: climbing the mast.,K. Deceptions.,K1700–K2099. Deception through shams.,K1700–K1799. Deception through bluffing.,,K1760. Other bluffs.,"K1762. Bluff: climbing the mast. In a contest in climbing the mast the hero falls into the rigging. ""You do the same thing,"" he challenges. The sailors are persuaded of his expertness.",Deceptions,Deception through shams,Deception through bluffing,,Other bluffs
1966,2212,ATU 1612 The Contest in Swimming,K1761. Bluff: provisions for the swimming match.,1612,K1761,Bluff: provisions for the swimming match.,K. Deceptions.,K1700–K2099. Deception through shams.,K1700–K1799. Deception through bluffing.,,K1760. Other bluffs.,K1761. Bluff: provisions for the swimming match. In a swimming match from a ship the hero takes a knapsack of provisions on his back. His rival is afraid and gives up.,Deceptions,Deception through shams,Deception through bluffing,,Other bluffs
1967,2213,"ATU 1613 ""Playing-Cards are my Calendar and Prayer Book.""",H603. Symbolic interpretation of playing cards,1613,H603,Symbolic interpretation of playing cards,H. Tests.,H500–H899. Tests of cleverness.,H530–H899. Riddles.,,H600. Symbolic interpretations.,"H603. Symbolic interpretation of playing cards. Soldier reproved for playing cards during church says that playing cards are his prayerbook and calendar. Ace: one God, one Faith, one Baptism; 2: old and new Testaments; 3: Trinity; 4: evangelists; 5: wise virgins; 6: days of creation; 7: sabbath; 8. Noah's family; 9: ungrateful lepers; 10: commandments; knave (jack): Judas; queen (of Sheba); king: God; 12 face cards: 12 months; etc.",Tests,Tests of cleverness,Riddles,,Symbolic interpretations
1968,2214,ATU 1617 Unjust Banker is Deceived into Delivering Deposits,K455.9. Worthless chests offered to obtain credit.,1617,K455.9,Worthless chests offered to obtain credit.,K. Deceptions.,K300–K499. Thefts and cheats.,K440–K499. Other cheats.,,K440. Other cheats.,K455.9. Worthless chests offered to obtain credit.,Deceptions,Thefts and cheats,Other cheats,,Other cheats
1969,2215,ATU 1617 Unjust Banker is Deceived into Delivering Deposits,K476.2. False articles used to produce credit.,1617,K476.2,False articles used to produce credit.,K. Deceptions.,K300–K499. Thefts and cheats.,K440–K499. Other cheats.,,K440. Other cheats.,K476.2. False articles used to produce credit.,Deceptions,Thefts and cheats,Other cheats,,Other cheats
1970,2216,ATU 1617 Unjust Banker is Deceived into Delivering Deposits,K1667. Unjust banker deceived into delivering deposits by making him expect even larger.,1617,K1667,Unjust banker deceived into delivering deposits by making him expect even larger.,K. Deceptions.,K1600–K1699. Deceiver falls into own trap.,,,K1610. Deceiver falls into his own trap – miscellaneous incidents.,K1667. Unjust banker deceived into delivering deposits by making him expect even larger. In order to make the impression of honesty he delivers the one chest of money. The ten chests which he then receives are filled with stones.,Deceptions,Deceiver falls into own trap,,,Deceiver falls into his own trap – miscellaneous incidents
1971,2217,ATU 1620 The Emperor's New Clothes,K445. The emperor's new clothes.,1620,K445,The emperor's new clothes.,K. Deceptions.,K300–K499. Thefts and cheats.,K440–K499. Other cheats.,,K440. Other cheats.,K445. The emperor's new clothes. An impostor feigns to make clothes for the emperor and says that they are visible only to those of legitimate birth. The emperor and courtiers are all afraid to admit that they cannot see the clothes. Finally a child seeing the naked emperor reveals the imposture.,Deceptions,Thefts and cheats,Other cheats,,Other cheats
1972,2218,ATU 1620 The Emperor's New Clothes,J2312. Naked person made to believe that he is clothed.,1620,J2312,Naked person made to believe that he is clothed.,J. The wise and the foolish.,J1700–J2749. Fools (and other unwise persons).,J2300–J2349. Gullible fools.,,J2310. Nature of gullibility.,J2312. Naked person made to believe that he is clothed.,The wise and the foolish,Fools (and other unwise persons),Gullible fools,,Nature of gullibility
1973,2219,ATU 1626 Dream Bread,K444. Dream bread: the most wonderful dream,1626,K444,Dream bread: the most wonderful dream,K. Deceptions.,K300–K499. Thefts and cheats.,K440–K499. Other cheats.,,K440. Other cheats.,K444. Dream bread: the most wonderful dream. Three pilgrims agree that the one who has the most wonderful dream shall eat the last loaf. One eats it and declares that he dreamed that the others were dead and would not need it.,Deceptions,Thefts and cheats,Other cheats,,Other cheats
1974,2220,ATU 1628* So They Speak Latin,J1511.11. Boy pretends to speak only Latin.,1628*,J1511.11,Boy pretends to speak only Latin.,J. The wise and the foolish.,J1100–J1699. Cleverness.,J1500–J1649. Clever practical retorts.,,J1510. The cheater cheated.,"J1511.11. Boy pretends to speak only Latin. Father, chastising his lazy son, also speaks in ""Latin"".",The wise and the foolish,Cleverness,Clever practical retorts,,The cheater cheated
1975,2221,ATU 1635 Eulenspiegel's Tricks,K300. Thefts and cheats -- general.,1635,K300,Thefts and cheats -- general.,K. Deceptions.,K300–K499. Thefts and cheats.,,,K300. Thefts and cheats – general.,K300. Thefts and cheats – general.,Deceptions,Thefts and cheats,,,Thefts and cheats – general
1976,2222,ATU 1640 The Brave Tailor (Seven with One Stroke),J1115.4. †J1115.4. Clever tailor.,1640,J1115.4,Clever tailor.,J. The wise and the foolish.,J1100–J1699. Cleverness.,J1100–J1249. Clever persons and acts.,,J1110. Clever persons.,J1115.4. Clever tailor.,The wise and the foolish,Cleverness,Clever persons and acts,,Clever persons
1977,2223,ATU 1640 The Brave Tailor (Seven with One Stroke),"K1951.1. †K1951.1. Boastful fly-killer: ""seven at a blow""",1640,K1951.1,"Boastful fly-killer: ""seven at a blow""",K. Deceptions.,K1700–K2099. Deception through shams.,K1900–K1999. Impostures.,,K1950. Sham prowess.,"K1951.1. Boastful fly-killer: ""seven at a blow"". A tailor who has killed seven flies writes on a placard: ""Seven at a blow."" He is received as a great warrior.",Deceptions,Deception through shams,Impostures,,Sham prowess
1978,2224,ATU 1640 The Brave Tailor (Seven with One Stroke),K62. †K62. Contest in squeezing water from a stone.,1640,K62,Contest in squeezing water from a stone.,K. Deceptions.,K0–K99. Contests won by deception.,,,K60. Absurd contest won by deception.,K62. Contest in squeezing water from a stone. The ogre squeezes a stone; the trickster a cheese or egg.,Deceptions,Contests won by deception,,,Absurd contest won by deception
1979,2225,ATU 1640 The Brave Tailor (Seven with One Stroke),K71. †K71. Deceptive contest in carrying a tree: riding.,1640,K71,Deceptive contest in carrying a tree: riding.,K. Deceptions.,K0–K99. Contests won by deception.,,,K70. Contest in strength won by deception.,K71. Deceptive contest in carrying a tree: riding. The trickster has the dupe carry the branches of a tree while he carries the trunk. He rides on the trunk.,Deceptions,Contests won by deception,,,Contest in strength won by deception
1980,2226,ATU 1640 The Brave Tailor (Seven with One Stroke),K1112. †K1112. Bending the tree,1640,K1112,Bending the tree,K. Deceptions.,K1000–K1199. Deception into self-injury.,,,K1110. Deceptions into self injury – miscellaneous.,K1112. Bending the tree. Hero bends tree over but when he catches breath the tree shoots him to the sky.,Deceptions,Deception into self-injury,,,Deceptions into self injury – miscellaneous
1981,2227,ATU 1640 The Brave Tailor (Seven with One Stroke),K63. †K63. Contest in biting a stone,1640,K63,Contest in biting a stone,K. Deceptions.,K0–K99. Contests won by deception.,,,K60. Absurd contest won by deception.,K63. Contest in biting a stone. The ogre bites a stone; the man a nut.,Deceptions,Contests won by deception,,,Absurd contest won by deception
1982,2228,ATU 1640 The Brave Tailor (Seven with One Stroke),K18.3. †K18.3. Throwing contest: bird substituted for stone.,1640,K18.3,Throwing contest: bird substituted for stone.,K. Deceptions.,K0–K99. Contests won by deception.,,,K10. Athletic contest won by deception.,K18.3. Throwing contest: bird substituted for stone. The ogre throws a stone; the hero a bird which flies out of sight.,Deceptions,Contests won by deception,,,Athletic contest won by deception
1983,2229,ATU 1640 The Brave Tailor (Seven with One Stroke),K72. †K72. Deceptive contest in carrying a horse.,1640,K72,Deceptive contest in carrying a horse.,K. Deceptions.,K0–K99. Contests won by deception.,,,K70. Contest in strength won by deception.,K72. Deceptive contest in carrying a horse. The ogre carries it on his back and soon tires; the man carries it between his legs (rides).,Deceptions,Contests won by deception,,,Contest in strength won by deception
1984,2230,ATU 1640 The Brave Tailor (Seven with One Stroke),K61. †K61. Contest in pushing hole in tree: hole prepared beforehand.,1640,K61,Contest in pushing hole in tree: hole prepared beforehand.,K. Deceptions.,K0–K99. Contests won by deception.,,,K60. Absurd contest won by deception.,K61. Contest in pushing hole in tree: hole prepared beforehand. Hero and ogre to vie in pushing a hole in a tree with their heads.,Deceptions,Contests won by deception,,,Absurd contest won by deception
1985,2231,ATU 1640 The Brave Tailor (Seven with One Stroke),K525.1. †K525.1. Substituted object left in bed while intended victim escapes.,1640,K525.1,Substituted object left in bed while intended victim escapes.,K. Deceptions.,K500–K699. Escape by deception.,,,"K520. Death escaped through disguise, shamming, or substitution.",K525.1. Substituted object left in bed while intended victim escapes.,Deceptions,Escape by deception,,,"Death escaped through disguise, shamming, or substitution"
1986,2232,ATU 1640 The Brave Tailor (Seven with One Stroke),"K1082. †K1082. Ogres (large animals, sharp-elbowed women) duped into fighting each other.",1640,K1082,"Ogres (large animals, sharp-elbowed women) duped into fighting each other.",K. Deceptions.,K1000–K1199. Deception into self-injury.,,,K1080. Persons duped into injuring each other.,"K1082. Ogres (large animals, sharp-elbowed women) duped into fighting each other. Trickster strikes one so that he thinks the other has done it.",Deceptions,Deception into self-injury,,,Persons duped into injuring each other
1987,2233,ATU 1640 The Brave Tailor (Seven with One Stroke),K771. †K771. Unicorn tricked into running horn into tree,1640,K771,Unicorn tricked into running horn into tree,K. Deceptions.,K700–K799. Capture by deception.,,,K770. Other deceptive captures.,K771. Unicorn tricked into running horn into tree.,Deceptions,Capture by deception,,,Other deceptive captures
1988,2234,ATU 1640 The Brave Tailor (Seven with One Stroke),H38.2.1. †H38.2.1. Tailor married to princess betrays trade by calling for needle and thread.,1640,H38.2.1,Tailor married to princess betrays trade by calling for needle and thread.,H. Tests.,H0–H199. Identity tests: Recognition.,,,H30. Recognition through personal peculiarities,H38.2.1. Tailor married to princess betrays trade by calling for needle and thread.,Tests,Identity tests: Recognition,,,Recognition through personal peculiarities
1989,2235,ATU 1640 The Brave Tailor (Seven with One Stroke),K1951.3. †K1951.3. Sham-warrior intimidates soldiers with his boasting.,1640,K1951.3,Sham-warrior intimidates soldiers with his boasting.,K. Deceptions.,K1700–K2099. Deception through shams.,K1900–K1999. Impostures.,,K1950. Sham prowess.,K1951.3. Sham-warrior intimidates soldiers with his boasting.,Deceptions,Deception through shams,Impostures,,Sham prowess
1990,2236,ATU 1640 The Brave Tailor (Seven with One Stroke),K1951.2. †K1951.2. Runaway cavalry-hero.,1640,K1951.2,Runaway cavalry-hero.,K. Deceptions.,K1700–K2099. Deception through shams.,K1900–K1999. Impostures.,,K1950. Sham prowess.,"K1951.2. Runaway cavalry-hero. When the sham hero goes to war his horse runs away with him. To save himself he grasps a cross from a graveyard and waves it from side to side, putting the enemy to flight.",Deceptions,Deception through shams,Impostures,,Sham prowess
1991,2237,ATU 1641 Doctor Know-all,K1956. †K1956. Sham wise man.,1641,K1956,Sham wise man.,K. Deceptions.,K1700–K2099. Deception through shams.,K1900–K1999. Impostures.,,K1950. Sham prowess.,K1956. Sham wise man.,Deceptions,Deception through shams,Impostures,,Sham prowess
1992,2238,ATU 1641 Doctor Know-all,"N611. †N611. Criminal accidentally detected: ""that is the first.""",1641,N611,"Criminal accidentally detected: ""that is the first.""",N. Chance and fate.,N400–N699. Lucky accidents.,N600–N699. Other lucky accidents.,,N610. Accidental discovery of crime.,"N611. Criminal accidentally detected: ""that is the first.""",Chance and fate,Lucky accidents,Other lucky accidents,,Accidental discovery of crime
1993,2239,ATU 1641 Doctor Know-all,"N688. †N688. What is in the dish: ""Poor Crab""",1641,N688,"What is in the dish: ""Poor Crab""",N. Chance and fate.,N400–N699. Lucky accidents.,N600–N699. Other lucky accidents.,,N680. Lucky accidents – miscellaneous.,"N688. What is in the dish: ""Poor Crab"". A sham wise man named Crab is put to a test of his powers of divination. He is to tell what is in a covered dish (crabs). In despair he says, ""Poor Crab!"" and is given credit for knowing.",Chance and fate,Lucky accidents,Other lucky accidents,,Lucky accidents – miscellaneous
1994,2240,ATU 1641 Doctor Know-all,K1956.1. †K1956.1. Sham wise man gives a purgative and helps find a lost horse.,1641,K1956.1,Sham wise man gives a purgative and helps find a lost horse.,K. Deceptions.,K1700–K2099. Deception through shams.,K1900–K1999. Impostures.,,K1950. Sham prowess.,K1956.1. Sham wise man gives a purgative and helps find a lost horse. His pills get the credit.,Deceptions,Deception through shams,Impostures,,Sham prowess
1995,2241,ATU 1641 Doctor Know-all,K1956.2. †K1956.2. Sham wise man hides something and is rewarded for finding it.,1641,K1956.2,Sham wise man hides something and is rewarded for finding it.,K. Deceptions.,K1700–K2099. Deception through shams.,K1900–K1999. Impostures.,,K1950. Sham prowess.,K1956.2. Sham wise man hides something and is rewarded for finding it.,Deceptions,Deception through shams,Impostures,,Sham prowess
1996,2242,ATU 1641 Doctor Know-all,K1961.1.3. †K1961.1.3. Sham parson: the sawed pulpit.,1641,K1961.1.3,Sham parson: the sawed pulpit.,K. Deceptions.,K1700–K2099. Deception through shams.,K1900–K1999. Impostures.,,K1950. Sham prowess.,K1961.1.3. Sham parson: the sawed pulpit. He has sawed the pulpit almost through. He predicts a miracle. The pulpit falls down.,Deceptions,Deception through shams,Impostures,,Sham prowess
1997,2243,ATU 1641C Gibberish Thought to be Latin,K1961.1.2. †K1961.1.2. Sham parson repeats same expression over and over or says a few words of Latin.,1641C,K1961.1.2,Sham parson repeats same expression over and over or says a few words of Latin.,K. Deceptions.,K1700–K2099. Deception through shams.,K1900–K1999. Impostures.,,K1950. Sham prowess.,K1961.1.2. Sham parson repeats same expression over and over or says a few words of Latin.,Deceptions,Deception through shams,Impostures,,Sham prowess
1998,2244,ATU 1642 The Good Bargain,J1851.1.1. †J1851.1.1. Numskull throws money to frogs so that they can count it.,1642,J1851.1.1,Numskull throws money to frogs so that they can count it.,J. The wise and the foolish.,J1700–J2749. Fools (and other unwise persons).,J1850–J1999. Absurd disregard of facts.,J1850–J1899. Animals or objects treated as if human.,J1850. Gift or sale to animal (or object).,J1851.1.1. Numskull throws money to frogs so that they can count it.,The wise and the foolish,Fools (and other unwise persons),Absurd disregard of facts,Animals or objects treated as if human,Gift or sale to animal (or object)
1999,2245,ATU 1642 The Good Bargain,J1852. †J1852. Goods sold to animals.,1642,J1852,Goods sold to animals.,J. The wise and the foolish.,J1700–J2749. Fools (and other unwise persons).,J1850–J1999. Absurd disregard of facts.,J1850–J1899. Animals or objects treated as if human.,J1850. Gift or sale to animal (or object).,J1852. Goods sold to animals.,The wise and the foolish,Fools (and other unwise persons),Absurd disregard of facts,Animals or objects treated as if human,Gift or sale to animal (or object)
2000,2246,ATU 1642 The Good Bargain,J1853. †J1853. Goods sold to object.,1642,J1853,Goods sold to object.,J. The wise and the foolish.,J1700–J2749. Fools (and other unwise persons).,J1850–J1999. Absurd disregard of facts.,J1850–J1899. Animals or objects treated as if human.,J1850. Gift or sale to animal (or object).,J1853. Goods sold to object.,The wise and the foolish,Fools (and other unwise persons),Absurd disregard of facts,Animals or objects treated as if human,Gift or sale to animal (or object)
2001,2247,ATU 1642 The Good Bargain,J1853.1. †J1853.1. Fool sells goods to a statue.,1642,J1853.1,Fool sells goods to a statue.,J. The wise and the foolish.,J1700–J2749. Fools (and other unwise persons).,J1850–J1999. Absurd disregard of facts.,J1850–J1899. Animals or objects treated as if human.,J1850. Gift or sale to animal (or object).,J1853.1. Fool sells goods to a statue. He is told not to sell to talkative people. The statue is the only one he can find who is not talkative.,The wise and the foolish,Fools (and other unwise persons),Absurd disregard of facts,Animals or objects treated as if human,Gift or sale to animal (or object)
2002,2248,ATU 1642 The Good Bargain,H341. †H341. Suitor test: making princess laugh.,1642,H341,Suitor test: making princess laugh.,H. Tests.,H300–H499. Marriage tests.,H310–H359. Suitor tests.,,H310. Suitor tests.,H341. Suitor test: making princess laugh. Sadfaced princess has never laughed.,Tests,Marriage tests,Suitor tests,,Suitor tests
2003,2249,ATU 1642 The Good Bargain,K187. †K187. Strokes shared.,1642,K187,Strokes shared.,K. Deceptions.,K100–K299. Deceptive bargains.,,,K170. Deception through pseudo-simple bargain.,K187. Strokes shared. The boy promises the soldier what the king has promised to give him. The soldier receives a beating in place of the boy.,Deceptions,Deceptive bargains,,,Deception through pseudo-simple bargain
2004,2250,ATU 1642 The Good Bargain,J1151.2. †J1151.2. Witness claims the borrowed coat: discredited.,1642,J1151.2,Witness claims the borrowed coat: discredited.,J. The wise and the foolish.,J1100–J1699. Cleverness.,J1100–J1249. Clever persons and acts.,J1130–J1199. Cleverness in the law court.,J1150. Cleverness connected with the giving of evidence.,"J1151.2. Witness claims the borrowed coat: discredited. Trickster summoned to court on Jew's complaint refuses to go unless he has a new coat: Jew lends him his. In court the trickster says that the Jew is a liar: ""He will even claim that I am wearing his coat."" The Jew does so and no one believes him.",The wise and the foolish,Cleverness,Clever persons and acts,Cleverness in the law court,Cleverness connected with the giving of evidence
2005,2251,ATU 1643 Money Inside the Statue,J1853.1.1. †J1853.1.1. Money from the broken statue.,1643,J1853.1.1,Money from the broken statue.,J. The wise and the foolish.,J1700–J2749. Fools (and other unwise persons).,J1850–J1999. Absurd disregard of facts.,J1850–J1899. Animals or objects treated as if human.,J1850. Gift or sale to animal (or object).,J1853.1.1. Money from the broken statue. Fool sells goods to a statue and when it will not pay him knocks it to pieces. He finds a treasure inside. (Cf. J1852.1.),The wise and the foolish,Fools (and other unwise persons),Absurd disregard of facts,Animals or objects treated as if human,Gift or sale to animal (or object)
2006,2252,ATU 1645 Treasure at Home,N531.1. †N531.1. Dream of treasure on the bridge,1645,N531.1,Dream of treasure on the bridge,N. Chance and fate.,N400–N699. Lucky accidents.,N500–N599. Treasure trove.,,N530. Discovery of treasure.,"N531.1. Dream of treasure on the bridge. A man dreams that if he goes to a distant city he will find treasure on a certain bridge. Finding no treasure, he tells his dream to a man who says that he too has dreamed of treasure at a certain place. He describes the place, which is the first man's home. When the latter returns home he finds the treasure.",Chance and fate,Lucky accidents,Treasure trove,,Discovery of treasure
2007,2253,ATU 1645A Dream of Treasure Bought,E721. †E721. Soul journeys from the body.,1645A,E721,Soul journeys from the body.,E. The dead.,E700–E799. The soul.,,,E720. Soul leaves or enters the body.,E721. Soul journeys from the body.,The dead,The soul,,,Soul leaves or enters the body
2008,2254,ATU 1645A Dream of Treasure Bought,E730. †E730. Soul in animal form,1645A,E730,Soul in animal form,E. The dead.,E700–E799. The soul.,,,E730. Soul in animal form.,"E730. Soul in animal form. (Cf. E721.1.2.4, E722.1.4, E734.2.)",The dead,The soul,,,Soul in animal form
2009,2255,ATU 1645A Dream of Treasure Bought,N531.3. †N531.3. Dream of treasure bought.,1645A,N531.3,Dream of treasure bought.,N. Chance and fate.,N400–N699. Lucky accidents.,N500–N599. Treasure trove.,,N530. Discovery of treasure.,N531.3. Dream of treasure bought. Treasure has been seen by man's soul absent in sleep in form of a fly. The purchaser of the dream finds the treasure.,Chance and fate,Lucky accidents,Treasure trove,,Discovery of treasure
2010,2256,ATU 1650 The Three Lucky Brothers,N411.1.1. †N411.1.1. Cat as sole inheritance.,1650,N411.1.1,Cat as sole inheritance.,N. Chance and fate.,N400–N699. Lucky accidents.,N410–N439. Lucky business ventures.,,N410. Lucky business venture.,N411.1.1. Cat as sole inheritance.,Chance and fate,Lucky accidents,Lucky business ventures,,Lucky business venture
2011,2257,ATU 1650 The Three Lucky Brothers,N411.2.1. †N411.2.1. Sickle as only inheritance.,1650,N411.2.1,Sickle as only inheritance.,N. Chance and fate.,N400–N699. Lucky accidents.,N410–N439. Lucky business ventures.,,N410. Lucky business venture.,N411.2.1. Sickle as only inheritance.,Chance and fate,Lucky accidents,Lucky business ventures,,Lucky business venture
2012,2258,ATU 1650 The Three Lucky Brothers,N411. †N411. Object unknown in a country sold for a fortune.,1650,N411,Object unknown in a country sold for a fortune.,N. Chance and fate.,N400–N699. Lucky accidents.,N410–N439. Lucky business ventures.,,N410. Lucky business venture.,N411. Object unknown in a country sold for a fortune.,Chance and fate,Lucky accidents,Lucky business ventures,,Lucky business venture
2013,2259,ATU 1650 The Three Lucky Brothers,N411.2. †N411.2. Sickle sold for fortune in land without sickles.,1650,N411.2,Sickle sold for fortune in land without sickles.,N. Chance and fate.,N400–N699. Lucky accidents.,N410–N439. Lucky business ventures.,,N410. Lucky business venture.,N411.2. Sickle sold for fortune in land without sickles.,Chance and fate,Lucky accidents,Lucky business ventures,,Lucky business venture
2014,2260,1651 Whittington's cat,N411.1. †N411.1. Whittington's cat.,1651,N411.1,Whittington's cat.,N. Chance and fate.,N400–N699. Lucky accidents.,N410–N439. Lucky business ventures.,,N410. Lucky business venture.,N411.1. Whittington's cat. A cat in a mouse-infested land without cats sold for a fortune.,Chance and fate,Lucky accidents,Lucky business ventures,,Lucky business venture
2015,2261,1651A Fortune in Salt,N411.4. †N411.4. Salt in saltless land sold for fortune.,1651A,N411.4,Salt in saltless land sold for fortune.,N. Chance and fate.,N400–N699. Lucky accidents.,N410–N439. Lucky business ventures.,,N410. Lucky business venture.,N411.4. Salt in saltless land sold for fortune.,Chance and fate,Lucky accidents,Lucky business ventures,,Lucky business venture
2016,2262,1652 The Wolves in the Stable,K443.5. †K443.5. Trickster entices wolves out of a stable by music: exacts money from their watcher for his carelessness.,1652,K443.5,Trickster entices wolves out of a stable by music: exacts money from their watcher for his carelessness.,K. Deceptions.,K300–K499. Thefts and cheats.,K440–K499. Other cheats.,,K440. Other cheats.,K443.5. Trickster entices wolves out of a stable by music: exacts money from their watcher for his carelessness.,Deceptions,Thefts and cheats,Other cheats,,Other cheats
2017,2263,1653 The Robbers under the Tree,K335.1.1. †K335.1.1. Object falls on robbers from tree.,1653,K335.1.1,Object falls on robbers from tree.,K. Deceptions.,K300–K499. Thefts and cheats.,K310–K439. Thefts.,,K330. Means of hoodwinking the guardian or owner.,K335.1.1. Object falls on robbers from tree. They flee and leave money.,Deceptions,Thefts and cheats,Thefts,,Means of hoodwinking the guardian or owner
2018,2264,1653 The Robbers under the Tree,K1413. †K1413. Guarding the door.,1653,K1413,Guarding the door.,K. Deceptions.,K1400–K1499. Dupe's property destroyed.,,,K1410. Dupe's goods destroyed.,K1413. Guarding the door. It is lifted off and carried away.,Deceptions,Dupe's property destroyed,,,Dupe's goods destroyed
2019,2265,1653 The Robbers under the Tree,K335.1.1.1. †K335.1.1.1. Door falls on robbers from tree.,1653,K335.1.1.1,Door falls on robbers from tree.,K. Deceptions.,K300–K499. Thefts and cheats.,K310–K439. Thefts.,,K330. Means of hoodwinking the guardian or owner.,K335.1.1.1. Door falls on robbers from tree. They flee and leave money.,Deceptions,Thefts and cheats,Thefts,,Means of hoodwinking the guardian or owner
2020,2266,1653 The Robbers under the Tree,K335.1.2.1. †K335.1.2.1. Corpse thrown among robbers frightens them from treasure.,1653,K335.1.2.1,Corpse thrown among robbers frightens them from treasure.,K. Deceptions.,K300–K499. Thefts and cheats.,K310–K439. Thefts.,,K330. Means of hoodwinking the guardian or owner.,K335.1.2.1. Corpse thrown among robbers frightens them from treasure.,Deceptions,Thefts and cheats,Thefts,,Means of hoodwinking the guardian or owner
2021,2267,1653 The Robbers under the Tree,K335.1.1.2. †K335.1.1.2. Cow-hide falls on robbers from tree.,1653,K335.1.1.2,Cow-hide falls on robbers from tree.,K. Deceptions.,K300–K499. Thefts and cheats.,K310–K439. Thefts.,,K330. Means of hoodwinking the guardian or owner.,K335.1.1.2. Cow-hide falls on robbers from tree. They flee and leave money.,Deceptions,Thefts and cheats,Thefts,,Means of hoodwinking the guardian or owner
2022,2268,1653 The Robbers under the Tree,K335.1. †K335.1. Robbers frightened from goods,1653,K335.1,Robbers frightened from goods,K. Deceptions.,K300–K499. Thefts and cheats.,K310–K439. Thefts.,,K330. Means of hoodwinking the guardian or owner.,K335.1. Robbers frightened from goods. Trickster steals the goods.,Deceptions,Thefts and cheats,Thefts,,Means of hoodwinking the guardian or owner
2023,2269,1653 The Robbers under the Tree,N612. †N612. Numskull talks to himself and frightens robbers away.,1653,N612,Numskull talks to himself and frightens robbers away.,N. Chance and fate.,N400–N699. Lucky accidents.,N600–N699. Other lucky accidents.,,N610. Accidental discovery of crime.,N612. Numskull talks to himself and frightens robbers away.,Chance and fate,Lucky accidents,Other lucky accidents,,Accidental discovery of crime
2024,2272,1655 The profitable exchange,K251.1. †K251.1. The eaten grain and the cock as damages.,1655,K251.1,The eaten grain and the cock as damages.,K. Deceptions.,K100–K299. Deceptive bargains.,,,K250. Other deceptive bargains.,"K251.1. The eaten grain and the cock as damages. A trickster has only a grain of corn; this is eaten by a cock, which he demands and receives as damages. Likewise when a hog eats the cock and the ox eats the hog.",Deceptions,Deceptive bargains,,,Other deceptive bargains
2025,2273,1657 How the Jews Were Lured Out of Heaven,X611. †X611. How the Jews were drawn from heaven.,1657,X611,How the Jews were drawn from heaven.,X. Humor.,X600–X699. Humor concerning races or nations.,,,X610. Jokes concerning Jews.,"X611. How the Jews were drawn from heaven. Someone cries, ""Clothes are being auctioned off in hell.""",Humor,Humor concerning races or nations,,,Jokes concerning Jews
2026,2274,1661 The Triple Tax,N635. †N635. The triple tax,1661,N635,The triple tax,N. Chance and fate.,N400–N699. Lucky accidents.,N600–N699. Other lucky accidents.,,N630. Accidental acquisition of treasure or money.,"N635. The triple tax. A poet is given by the king the right to demand a coin of the first hunchback he meets, from the first man of a certain name, and from the first man of a certain city. He sees a hunchback and demands the coin. A quarrel arises in which it appears that the hunchback also has the required name and residence. With each revelation the poet demands a new coin.",Chance and fate,Lucky accidents,Other lucky accidents,,Accidental acquisition of treasure or money
2027,2275,1661 The Triple Tax,J2225. †J2225. Three reasons for not giving alms.,1661,J2225,Three reasons for not giving alms.,J. The wise and the foolish.,J1700–J2749. Fools (and other unwise persons).,J2200–J2259. Absurd lack of logic.,,J2220. Other logical absurdities.,J2225. Three reasons for not giving alms. (1) Student has only one eye: Aristotle says to beware of those whom nature has marked. (2) Student comes from Bremen: no one of consequence comes from there. (3) His name is Nicholas: no one with that name can succeed.,The wise and the foolish,Fools (and other unwise persons),Absurd lack of logic,,Other logical absurdities
2028,2276,1663 Deviding Five Eggs Equally between Two Men and One Woman,J1249.1. †J1249.1. Dividing five eggs equally between two men and one woman.,1663,J1249.1,Dividing five eggs equally between two men and one woman.,J. The wise and the foolish.,J1100–J1699. Cleverness.,J1100–J1249. Clever persons and acts.,J1230–J1249. Clever dividing.,J1230. Clever dividing.,J1249.1. Dividing five eggs equally between two men and one woman. Three to the woman and one each to the men. Men already have two (testicles).,The wise and the foolish,Cleverness,Clever persons and acts,Clever dividing,Clever dividing
2029,2277,ATU 1675 The ox (ass) as mayor,K491. Trickster paid to educate an ass.,1675,K491,Trickster paid to educate an ass.,K. Deceptions.,K300–K499. Thefts and cheats.,K440–K499. Other cheats.,,K440. Other cheats.,K491. Trickster paid to educate an ass. He gets paid in advance. He gradually starves the ass.,Deceptions,Thefts and cheats,Other cheats,,Other cheats
2030,2278,ATU 1675 The ox (ass) as mayor,J1882.2. The ass as mayor.,1675,J1882.2,The ass as mayor.,J. The wise and the foolish.,J1700–J2749. Fools (and other unwise persons).,J1850–J1999. Absurd disregard of facts.,J1850–J1899. Animals or objects treated as if human.,J1880. Animals or objects treated as if human – miscellaneous.,J1882.2. The ass as mayor. Fool made to believe that his ass (ox) has been educated and has become mayor.,The wise and the foolish,Fools (and other unwise persons),Absurd disregard of facts,Animals or objects treated as if human,Animals or objects treated as if human – miscellaneous
2031,2279,ATU 1676 Pretended Ghost,N384.10. Man playing ghost killed,1676,N384.10,Man playing ghost killed,N. Chance and fate.,N300–N399. Unlucky accidents.,,,N380. Other unlucky accidents.,"N384.10. Man playing ghost killed. Meaning to frighten son, father plays devil or a ghost. Son kills him.",Chance and fate,Unlucky accidents,,,Other unlucky accidents
2032,2280,ATU 1676 Pretended Ghost,N384.11. Joker playing dead killed.,1676,N384.11,Joker playing dead killed.,N. Chance and fate.,N300–N399. Unlucky accidents.,,,N380. Other unlucky accidents.,N384.11. Joker playing dead killed.,Chance and fate,Unlucky accidents,,,Other unlucky accidents
2033,2281,ATU 1676 Pretended Ghost,"K1682.1. ""Big 'Fraid and Little 'Fraid.""",1676,K1682.1,Big 'Fraid and Little 'Fraid.,K. Deceptions.,K1600–K1699. Deceiver falls into own trap.,,,K1610. Deceiver falls into his own trap – miscellaneous incidents.,"K1682.1. ""Big 'Fraid and Little 'Fraid."" Man decides to frighten another (or his son or servant). He dresses in a sheet; his pet monkey puts on a sheet and follows him. The person who is doing the scaring hears the victim say, ""Run Big Fraid, run; Little Fraid'll get you."" The scarer sees the monkey in the sheet, runs home. (Cf. K1833.)",Deceptions,Deceiver falls into own trap,,,Deceiver falls into his own trap – miscellaneous incidents
2034,2283,ATU 1676B Frightened to Death,N384. Death from fright.,1676B,N384,Death from fright.,N. Chance and fate.,N300–N399. Unlucky accidents.,,,N380. Other unlucky accidents.,N384. Death from fright. (Cf. N383.3.),Chance and fate,Unlucky accidents,,,Other unlucky accidents
2035,2284,ATU 1676B Frightened to Death,N384.2. Death in the graveyard; person's clothing is caught; the person thinks something awful is holding him; he dies of fright.,1676B,N384.2,Death in the graveyard; person's clothing is caught; the person thinks something awful is holding him; he dies of fright.,N. Chance and fate.,N300–N399. Unlucky accidents.,,,N380. Other unlucky accidents.,N384.2. Death in the graveyard; person's clothing is caught; the person thinks something awful is holding him; he dies of fright.,Chance and fate,Unlucky accidents,,,Other unlucky accidents
2036,2285,ATU 1678 The boy who had never seen a woman,T371. The boy who had never seen a woman: the Satans.,1678,T371,The boy who had never seen a woman: the Satans.,T. Sex.,T300–T399. Chastity and celibacy.,,,T360. Chastity and celibacy – miscellaneous.,"T371. The boy who had never seen a woman: the Satans. When he sees a girl and asks his father what it is, the father tells him it is Satan. Asked what he most likes he says, ""The Satans.""",Sex,Chastity and celibacy,,,Chastity and celibacy – miscellaneous
2037,2286,ATU 1681B Fool as Custodian of Home and Animals,K1462. Washing the grandmother -- in boiling water.,1681B,K1462,Washing the grandmother -- in boiling water.,K. Deceptions.,K1400–K1499. Dupe's property destroyed.,,,K1460. Members of dupe's family killed.,K1462. Washing the grandmother – in boiling water.,Deceptions,Dupe's property destroyed,,,Members of dupe's family killed
2038,2287,ATU 1681B Fool as Custodian of Home and Animals,K1461. Caring for the child: child killed.,1681B,K1461,Caring for the child: child killed.,K. Deceptions.,K1400–K1499. Dupe's property destroyed.,,,K1460. Members of dupe's family killed.,K1461. Caring for the child: child killed.,Deceptions,Dupe's property destroyed,,,Members of dupe's family killed
2039,2288,ATU 1682 The Horse Learns not to Eat,J1914. Horse taught to live without food.,1682,J1914,Horse taught to live without food.,J. The wise and the foolish.,J1700–J2749. Fools (and other unwise persons).,J1850–J1999. Absurd disregard of facts.,,J1910. Fatal disregard of anatomy.,J1914. Horse taught to live without food. Dies.,The wise and the foolish,Fools (and other unwise persons),Absurd disregard of facts,,Fatal disregard of anatomy
2040,2289,ATU 1142 How the Lazy Horse Was Cured,K1181. Hot tin under the horse's tail.,1142,K1181,Hot tin under the horse's tail.,K. Deceptions.,K1000–K1199. Deception into self-injury.,,,K1110. Deceptions into self injury – miscellaneous.,K1181. Hot tin under the horse's tail. The smith promises to make the horse wild. The numskull on the horse's back.,Deceptions,Deception into self-injury,,,Deceptions into self injury – miscellaneous
2041,2290,ATU 1337C The Long Night,J2332. Fool locked in dark room made to believe that it is continuous night.,1337C,J2332,Fool locked in dark room made to believe that it is continuous night.,J. The wise and the foolish.,J1700–J2749. Fools (and other unwise persons).,J2300–J2349. Gullible fools.,,J2310. Nature of gullibility.,J2332. Fool locked in dark room made to believe that it is continuous night.,The wise and the foolish,Fools (and other unwise persons),Gullible fools,,Nature of gullibility
2042,2291,ATU 1685 The Foolish Bridegroom,J2462.1. The dog Parsley in the soup.,1685,J2462.1,The dog Parsley in the soup.,J. The wise and the foolish.,J1700–J2749. Fools (and other unwise persons).,J2450–J2499. Literal fools.,,J2460. Literal obedience.,"J2462.1. The dog Parsley in the soup. The foolish bridegroom is told to put parsley in the soup. He throws in his dog, which is named Parsley.",The wise and the foolish,Fools (and other unwise persons),Literal fools,,Literal obedience
2043,2292,ATU 1685 The Foolish Bridegroom,J2465.5. Clearing out the room.,1685,J2465.5,Clearing out the room.,J. The wise and the foolish.,J1700–J2749. Fools (and other unwise persons).,J2450–J2499. Literal fools.,,J2460. Literal obedience.,J2465.5. Clearing out the room. Fool throws out all the furniture.,The wise and the foolish,Fools (and other unwise persons),Literal fools,,Literal obedience
2044,2293,ATU 1685 The Foolish Bridegroom,J2462.2. Casting sheep's eyes at the bride.,1685,J2462.2,Casting sheep's eyes at the bride.,J. The wise and the foolish.,J1700–J2749. Fools (and other unwise persons).,J2450–J2499. Literal fools.,,J2460. Literal obedience.,J2462.2. Casting sheep's eyes at the bride. The foolish bridegroom is told to cast sheep's eyes at the bride. He buys some at the butcher shop and throws them at her.,The wise and the foolish,Fools (and other unwise persons),Literal fools,,Literal obedience
2045,2294,ATU 1687 The Forgotten Word,D2004.5. Forgetting by stumbling.,1687,D2004.5,Forgetting by stumbling.,D. Magic.,D1700–D2199. Magic powers and manifestations.,D1800–D2199. Manifestations of magic power.,D1950–D2049. Temporary magic characteristics.,D2000. Magic forgetfulness.,D2004.5. Forgetting by stumbling. A name or formula is magically forgotten when one stumbles (or jumps).,Magic,Magic powers and manifestations,Manifestations of magic power,Temporary magic characteristics,Magic forgetfulness
2046,2295,"ATU 1689 ""Thank God They Weren't Peaches""","J2563. ""Thank God they weren't peaches!""",1689,J2563,Thank God they weren't peaches!,J. The wise and the foolish.,J1700–J2749. Fools (and other unwise persons).,J2550–J2599. Thankful fools.,,J2550. Thankful fools.,"J2563. ""Thank God they weren't peaches!"" A man plans to take peaches as a present to the king. He is persuaded rather to take figs. They are green and the king has them thrown in his face. He is thankful that they weren't peaches.",The wise and the foolish,Fools (and other unwise persons),Thankful fools,,Thankful fools
2047,2296,ATU 1689A Two Presents for the King,J2415.1. The two presents to the king: the beet and the horse.,1689A,J2415.1,The two presents to the king: the beet and the horse.,J. The wise and the foolish.,J1700–J2749. Fools (and other unwise persons).,J2400–J2449. Foolish imitation.,,J2410. Types of foolish imitation.,J2415.1. The two presents to the king: the beet and the horse. A farmer takes an extraordinary beet as present to the king and receives a large reward. His companion is eager for a reward and leads a handsome steed to the palace. The king rewards him with the beet.,The wise and the foolish,Fools (and other unwise persons),Foolish imitation,,Types of foolish imitation
2048,2297,ATU 1692 The Stupid Thief,J2136. Numskull brings about his own capture,1692,J2136,Numskull brings about his own capture,J. The wise and the foolish.,J1700–J2749. Fools (and other unwise persons).,J2050–J2199. Absurd short-sightedness.,,J2130. Foolish disregard of personal danger.,J2136. Numskull brings about his own capture.,The wise and the foolish,Fools (and other unwise persons),Absurd short-sightedness,,Foolish disregard of personal danger
2049,2298,ATU 1692 The Stupid Thief,J2461.1.7. Numskull told to steal something heavy brings millstone.,1692,J2461.1.7,Numskull told to steal something heavy brings millstone.,J. The wise and the foolish.,J1700–J2749. Fools (and other unwise persons).,J2450–J2499. Literal fools.,,J2460. Literal obedience.,J2461.1.7. Numskull told to steal something heavy brings millstone.,The wise and the foolish,Fools (and other unwise persons),Literal fools,,Literal obedience
2050,2299,ATU 1692 The Stupid Thief,J2461.1.7.1. Numskull as thief: tries to carry off grinding-stone when told by confederates to bring out heavy things.,1692,J2461.1.7.1,Numskull as thief: tries to carry off grinding-stone when told by confederates to bring out heavy things.,J. The wise and the foolish.,J1700–J2749. Fools (and other unwise persons).,J2450–J2499. Literal fools.,,J2460. Literal obedience.,J2461.1.7.1. Numskull as thief: tries to carry off grinding-stone when told by confederates to bring out heavy things. Told to bring shiny things; brings out looking glass.,The wise and the foolish,Fools (and other unwise persons),Literal fools,,Literal obedience
2051,2300,ATU 1692 The Stupid Thief,J2136.5.6. Foolish thief asks help of owner.,1692,J2136.5.6,Foolish thief asks help of owner.,J. The wise and the foolish.,J1700–J2749. Fools (and other unwise persons).,J2050–J2199. Absurd short-sightedness.,,J2130. Foolish disregard of personal danger.,J2136.5.6. Foolish thief asks help of owner. Caught. (Cf. J2223.),The wise and the foolish,Fools (and other unwise persons),Absurd short-sightedness,,Foolish disregard of personal danger
2052,2301,ATU 1692 The Stupid Thief,"J2136.5.7. Thieving numskull beats drum (blows trumpet, etc.) he finds in outhouse.",1692,J2136.5.7,"Thieving numskull beats drum (blows trumpet, etc.) he finds in outhouse.",J. The wise and the foolish.,J1700–J2749. Fools (and other unwise persons).,J2050–J2199. Absurd short-sightedness.,,J2130. Foolish disregard of personal danger.,"J2136.5.7. Thieving numskull beats drum (blows trumpet, etc.) he finds in outhouse. Caught.",The wise and the foolish,Fools (and other unwise persons),Absurd short-sightedness,,Foolish disregard of personal danger
2053,2302,ATU 1692 The Stupid Thief,J2136.5.5. Foolish thief cooks food and awakens household,1692,J2136.5.5,Foolish thief cooks food and awakens household,J. The wise and the foolish.,J1700–J2749. Fools (and other unwise persons).,J2050–J2199. Absurd short-sightedness.,,J2130. Foolish disregard of personal danger.,J2136.5.5. Foolish thief cooks food and awakens household.,The wise and the foolish,Fools (and other unwise persons),Absurd short-sightedness,,Foolish disregard of personal danger
2054,2303,ATU 1693 The Literal Fool - the Burning of Lanka,J2450. Literal fool.,1693,J2450,Literal fool.,J. The wise and the foolish.,J1700–J2749. Fools (and other unwise persons).,J2450–J2499. Literal fools.,,J2450. Literal fool.,J2450. Literal fool.,The wise and the foolish,Fools (and other unwise persons),Literal fools,,Literal fool
2055,2304,"ATU 1696 ""What Should I Have Said?""",J2461. What should I have done (said)?,1696,J2461,What should I have done (said)?,J. The wise and the foolish.,J1700–J2749. Fools (and other unwise persons).,J2450–J2499. Literal fools.,,J2460. Literal obedience.,J2461. What should I have done (said)? The mother teaches the boy (the man his wife) what he should say (do) in this or that circumstance. He uses the words in the most impossible cases and is always punished.,The wise and the foolish,Fools (and other unwise persons),Literal fools,,Literal obedience
2056,2305,"ATU 1696 ""What Should I Have Said?""",J2461.2. Literal following of instructions about greetings.,1696,J2461.2,Literal following of instructions about greetings.,J. The wise and the foolish.,J1700–J2749. Fools (and other unwise persons).,J2450–J2499. Literal fools.,,J2460. Literal obedience.,"J2461.2. Literal following of instructions about greetings. Numskull gives wrong greeting and is told how to give the correct one. When he tries it, however, the conditions are wrong.",The wise and the foolish,Fools (and other unwise persons),Literal fools,,Literal obedience
2057,2306,"ATU 1697 ""We Three; For Money""","C495.2.2. ""We three"" -- ""For gold"" -- ""That is right"": phrases of foreign language.",1697,C495.2.2,"""We three"" -- ""For gold"" -- ""That is right"": phrases of foreign language.",C. Tabu.,C400–C499. Speaking tabu.,,,C490. Other speaking tabus.,"C495.2.2. ""We three"" – ""For gold"" – ""That is right"": phrases of foreign language. Three travelers know each one phrase of a foreign language. They incriminate themselves.",Tabu,Speaking tabu,,,Other speaking tabus
2058,2307,ATU 1698 Deaf Persons and Their Foolish Answers,X111. Deaf men and their answers,1698,X111,Deaf men and their answers,X. Humor.,X100–X199. Humor of disability.,,,X110. Humor of deafness.,X111. Deaf men and their answers.,Humor,Humor of disability,,,Humor of deafness
2059,2308,ATU 1698C Two Persons Believe Each Other Deaf,X111.3. Two persons believe each other deaf.,1698C,X111.3,Two persons believe each other deaf.,X. Humor.,X100–X199. Humor of disability.,,,X110. Humor of deafness.,"X111.3. Two persons believe each other deaf. A trickster tells each of two persons before they meet that the other is hard of hearing and must be shouted at. A great shouting takes place, and each thinks the other out of his wits.",Humor,Humor of disability,,,Humor of deafness
2060,2309,ATU 1698J The Misunderstood Greeting,X111.5. Deaf man on the bridge.,1698J,X111.5,Deaf man on the bridge.,X. Humor.,X100–X199. Humor of disability.,,,X110. Humor of deafness.,"X111.5. Deaf man on the bridge. Lord: Good day, Caspar. – Caspar: I am making a reel. – L. Good day, Caspar. – C. It is worth four pence. – L. Good day, Caspar. – C. Yes, my lord, whenever you wish.",Humor,Humor of disability,,,Humor of deafness
2061,2310,ATU 1698J The Misunderstood Greeting,"X111.10. ""Good day.""",1698J,X111.10,Good day.,X. Humor.,X100–X199. Humor of disability.,,,X110. Humor of deafness.,"X111.10. ""Good day."" – ""A woodchopper."" The workman answers the traveler's courtesies with remarks about his work. (Cf. X111.8.)",Humor,Humor of disability,,,Humor of deafness
2062,2311,ATU 1698K Buyer and the Deaf Seller,X111.11. Buyer and deaf seller,1698K,X111.11,Buyer and deaf seller,X. Humor.,X100–X199. Humor of disability.,,,X110. Humor of deafness.,X111.11. Buyer and deaf seller.,Humor,Humor of disability,,,Humor of deafness
2063,2312,ATU 1699 Misunderstanding Because of Ignorance of a Foreign Language,J2496.2. Misunderstandings because of lack of knowledge of a different language than one's own.,1699,J2496.2,Misunderstandings because of lack of knowledge of a different language than one's own.,J. The wise and the foolish.,J1700–J2749. Fools (and other unwise persons).,J2450–J2499. Literal fools.,,J2490. Literal fool – miscellaneous.,J2496.2. Misunderstandings because of lack of knowledge of a different language than one's own.,The wise and the foolish,Fools (and other unwise persons),Literal fools,,Literal fool – miscellaneous
2064,2313,ATU 1699 Misunderstanding Because of Ignorance of a Foreign Language,X111.7. Misunderstood words lead to comic results,1699,X111.7,Misunderstood words lead to comic results,X. Humor.,X100–X199. Humor of disability.,,,X110. Humor of deafness.,X111.7. Misunderstood words lead to comic results. In some the people are not really deaf but fail to catch a word; in some they are deaf.,Humor,Humor of disability,,,Humor of deafness
2065,2314,"ATU 1700 ""I Cannot Understand You""","J2496. ""I don't know"" thought to be a person's name.",1700,J2496,"""I don't know"" thought to be a person's name.",J. The wise and the foolish.,J1700–J2749. Fools (and other unwise persons).,J2450–J2499. Literal fools.,,J2490. Literal fool – miscellaneous.,"J2496. ""I don't know"" thought to be a person's name. A man in a country that cannot speak his language hears ""I don't know"" so frequently that he thinks it must be the name of the owner of all the places he inquires about.",The wise and the foolish,Fools (and other unwise persons),Literal fools,,Literal fool – miscellaneous
2066,2315,ATU 1705 Talking Horse and Dog,B210.1. Person frightened by animals successively replying to his remarks,1705,B210.1,Person frightened by animals successively replying to his remarks,B. Animals.,B200–B299. Animals with human traits.,,,B210. Speaking animals.,"B210.1. Person frightened by animals successively replying to his remarks. Example: Man riding horse and followed by dog tells horse to jump over a hole. Horse says, ""I will not."" Man turns to dog and says, ""Isn't that strange – a horse talking!"" The dog says, ""Yes, isn't it."" Often the man runs, meeting other animals which answer him, until he falls exhausted.",Animals,Animals with human traits,,,Speaking animals
2067,2316,ATU 1875 The Boy on the Bear's (Wolf's) Tail,X1133.3. Man in barrel grabs wolf by the tail and is drawn out of danger,1875,X1133.3,Man in barrel grabs wolf by the tail and is drawn out of danger,X. Humor.,X900–X1899. Humor of lies and exaggeration,X1100–X1199. Lie: Great hunters and fishermen.,,X1130. Lie: hunter's unusual experiences.,X1133.3. Man in barrel grabs wolf by the tail and is drawn out of danger.,Humor,Humor of lies and exaggeration,Lie: Great hunters and fishermen,,Lie: hunter's unusual experiences
2068,2317,ATU 1408C The String of Chickens,X1267.1. Hawk flies away with geese on a line.-+,1408C,X1267.1,Hawk flies away with geese on a line.-+,X. Humor.,X900–X1899. Humor of lies and exaggeration,X1200–X1399. Lies about animals.,,X1250. Lies about birds.,X1267.1. Hawk flies away with geese on a line. They have been tied together as a protection.,Humor,Humor of lies and exaggeration,Lies about animals,,Lies about birds
2069,2318,ATU 1880 Riding on the Cannonball,X1852. Boy shot from a cannon.,1880,X1852,Boy shot from a cannon.,X. Humor.,X900–X1899. Humor of lies and exaggeration,X1800–X1899. Miscellaneous lies and exaggerations.,,X1850. Other tall tales.,X1852. Boy shot from a cannon.,Humor,Humor of lies and exaggeration,Miscellaneous lies and exaggerations,,Other tall tales
2070,2319,ATU 1880 Riding on the Cannonball,"X1853. Boy with hat of butter, clothes of paper, etc.",1880,X1853,"Boy with hat of butter, clothes of paper, etc.",X. Humor.,X900–X1899. Humor of lies and exaggeration,X1800–X1899. Miscellaneous lies and exaggerations.,,X1850. Other tall tales.,"X1853. Boy with hat of butter, clothes of paper, etc.",Humor,Humor of lies and exaggeration,Miscellaneous lies and exaggerations,,Other tall tales
2071,2320,ATU 1881 Man Carried Through the Air by Geese,X1258.1. Lie: man carried through air by geese.,1881,X1258.1,Lie: man carried through air by geese.,X. Humor.,X900–X1899. Humor of lies and exaggeration,X1200–X1399. Lies about animals.,,X1250. Lies about birds.,X1258.1. Lie: man carried through air by geese.,Humor,Humor of lies and exaggeration,Lies about animals,,Lies about birds
2072,2321,ATU 1881* Parrots Fly Away with a Tree,X1252. Lies about crows.,1881*,X1252,Lies about crows.,X. Humor.,X900–X1899. Humor of lies and exaggeration,X1200–X1399. Lies about animals.,,X1250. Lies about birds.,X1252. Lies about crows.,Humor,Humor of lies and exaggeration,Lies about animals,,Lies about birds
2073,2322,ATU 1882 The Man who Fell out of a Balloon,X1757. Rope of sand (chaff).,1882,X1757,Rope of sand (chaff).,X. Humor.,X900–X1899. Humor of lies and exaggeration,X1700–X1799. Lies: logical absurdities.,,X1750. Absurd disregard of the nature of objects.,X1757. Rope of sand (chaff). (Cf. F843.),Humor,Humor of lies and exaggeration,Lies: logical absurdities,,Absurd disregard of the nature of objects
2074,2323,ATU 1882 The Man who Fell out of a Balloon,X1731.2.1. Man falls and is buried in earth: goes for spade and digs self out.,1882,X1731.2.1,Man falls and is buried in earth: goes for spade and digs self out.,X. Humor.,X900–X1899. Humor of lies and exaggeration,X1700–X1799. Lies: logical absurdities.,,X1720. Absurd disregard of anatomy.,X1731.2.1. Man falls and is buried in earth: goes for spade and digs self out.,Humor,Humor of lies and exaggeration,Lies: logical absurdities,,Absurd disregard of anatomy
2075,2324,ATU 1889 Munchhausen Tales,X900. Humor of lies and exaggeration,1889,X900,Humor of lies and exaggeration,X. Humor.,X900–X1899. Humor of lies and exaggeration,,,X900. Humor of lies and exaggeration.,X900. Humor of lies and exaggeration.,Humor,Humor of lies and exaggeration,,,Humor of lies and exaggeration
2076,2325,ATU 1889A Shooting off the Leader's Tail,X1124.1. Shooting off the leader's tail.,1889A,X1124.1,Shooting off the leader's tail.,X. Humor.,X900–X1899. Humor of lies and exaggeration,X1100–X1199. Lie: Great hunters and fishermen.,,X1120. Lie: the great marksman.,"X1124.1. Shooting off the leader's tail. An old blind bear is being led by a young bear, whose tail the old bear has in his mouth. The hunter shoots off the young bear's tail and seizes it. Thus leads the old bear home.",Humor,Humor of lies and exaggeration,Lie: Great hunters and fishermen,,Lie: the great marksman
2077,2326,ATU 1889B Hunter Turns Animal Inside Out,X1124.2. Hunter turns animal inside out.,1889B,X1124.2,Hunter turns animal inside out.,X. Humor.,X900–X1899. Humor of lies and exaggeration,X1100–X1199. Lie: Great hunters and fishermen.,,X1120. Lie: the great marksman.,"X1124.2. Hunter turns animal inside out. He reaches down animal's throat, grasps his tail, and turns him inside out.",Humor,Humor of lies and exaggeration,Lie: Great hunters and fishermen,,Lie: the great marksman
2078,2327,ATU 1889C Fruit Tree Grows from Head of a Deer,X1130.2. Fruit tree grows from head of deer shot with fruit pits.,1889C,X1130.2,Fruit tree grows from head of deer shot with fruit pits.,X. Humor.,X900–X1899. Humor of lies and exaggeration,X1100–X1199. Lie: Great hunters and fishermen.,,X1130. Lie: hunter's unusual experiences.,X1130.2. Fruit tree grows from head of deer shot with fruit pits.,Humor,Humor of lies and exaggeration,Lie: Great hunters and fishermen,,Lie: hunter's unusual experiences
2079,2328,ATU 1889D Tree Grows Out of a Horse and Gives Rider Shade,X1130.2.1. Tree grows out of horse and gives rider shade,1889D,X1130.2.1,Tree grows out of horse and gives rider shade,X. Humor.,X900–X1899. Humor of lies and exaggeration,X1100–X1199. Lie: Great hunters and fishermen.,,X1130. Lie: hunter's unusual experiences.,X1130.2.1. Tree grows out of horse and gives rider shade.,Humor,Humor of lies and exaggeration,Lie: Great hunters and fishermen,,Lie: hunter's unusual experiences
2080,2329,ATU 1889F Frozen Words (Music) Thaw,X1623.2.1. Lie: frozen words thaw out in the spring.,1889F,X1623.2.1,Lie: frozen words thaw out in the spring.,X. Humor.,X900–X1899. Humor of lies and exaggeration,X1600–X1699. Lies about weather and climate.,,X1620. Lies about cold weather.,X1623.2.1. Lie: frozen words thaw out in the spring.,Humor,Humor of lies and exaggeration,Lies about weather and climate,,Lies about cold weather
2081,2330,ATU 1889G Man Swallowed by Fish,X1723.1. Swallowed person is discovered in animal's stomach still alive.,1889G,X1723.1,Swallowed person is discovered in animal's stomach still alive.,X. Humor.,X900–X1899. Humor of lies and exaggeration,X1700–X1799. Lies: logical absurdities.,,X1720. Absurd disregard of anatomy.,X1723.1. Swallowed person is discovered in animal's stomach still alive.,Humor,Humor of lies and exaggeration,Lies: logical absurdities,,Absurd disregard of anatomy
2082,2332,ATU 1889E Descent From the Sky on Rope of Sand (Chaff),X1757. Rope of sand (chaff),1889E,X1757,Rope of sand (chaff),X. Humor.,X900–X1899. Humor of lies and exaggeration,X1700–X1799. Lies: logical absurdities.,,X1750. Absurd disregard of the nature of objects.,X1757. Rope of sand (chaff). (Cf. F843.),Humor,Humor of lies and exaggeration,Lies: logical absurdities,,Absurd disregard of the nature of objects
2083,2333,ATU 1889L Split Dog,X1215.11. Lie: the split dog.,1889L,X1215.11,Lie: the split dog.,X. Humor.,X900–X1899. Humor of lies and exaggeration,X1200–X1399. Lies about animals.,,X1210. Lies about mammals.,X1215.11. Lie: the split dog. Put back together but back legs point upwards.,Humor,Humor of lies and exaggeration,Lies about animals,,Lies about mammals
2084,2334,ATU 1889M Snakebite Causes an Object to Swell,"X1205. Lie: venom of animal (snake, hornet, bee) causes object to swell.",1889M,X1205,"Lie: venom of animal (snake, hornet, bee) causes object to swell.",X. Humor.,X900–X1899. Humor of lies and exaggeration,X1200–X1399. Lies about animals.,,X1200. Lie: remarkable animals.,"X1205. Lie: venom of animal (snake, hornet, bee) causes object to swell.",Humor,Humor of lies and exaggeration,Lies about animals,,Lie: remarkable animals
2085,2335,ATU 1889N Long Hunt,X1215.9. Lie: obedient or dutiful dog.,1889N,X1215.9,Lie: obedient or dutiful dog.,X. Humor.,X900–X1899. Humor of lies and exaggeration,X1200–X1399. Lies about animals.,,X1210. Lies about mammals.,X1215.9. Lie: obedient or dutiful dog.,Humor,Humor of lies and exaggeration,Lies about animals,,Lies about mammals
2086,2337,ATU 1890 The Lucky Shot,X1124.3. Accidental discharge of gun kills much game.,1890,X1124.3,Accidental discharge of gun kills much game.,X. Humor.,X900–X1899. Humor of lies and exaggeration,X1100–X1199. Lie: Great hunters and fishermen.,,X1120. Lie: the great marksman.,"X1124.3. Accidental discharge of gun kills much game. Gun kills a bird which falls on loose limb of tree, which falls on bear, etc., etc.",Humor,Humor of lies and exaggeration,Lie: Great hunters and fishermen,,Lie: the great marksman
2087,2338,ATU 1890F Shot Causes Series of Lucky/Unlucky Accidents,X1122.2. Lie: person shoots many animals with one shot.,1890F,X1122.2,Lie: person shoots many animals with one shot.,X. Humor.,X900–X1899. Humor of lies and exaggeration,X1100–X1199. Lie: Great hunters and fishermen.,,X1120. Lie: the great marksman.,X1122.2. Lie: person shoots many animals with one shot.,Humor,Humor of lies and exaggeration,Lie: Great hunters and fishermen,,Lie: the great marksman
2088,2339,ATU 1890F Shot Causes Series of Lucky/Unlucky Accidents,X1122.3. Lie: ingenious person bends gun barrel to make spectacular shot.,1890F,X1122.3,Lie: ingenious person bends gun barrel to make spectacular shot.,X. Humor.,X900–X1899. Humor of lies and exaggeration,X1100–X1199. Lie: Great hunters and fishermen.,,X1120. Lie: the great marksman.,X1122.3. Lie: ingenious person bends gun barrel to make spectacular shot.,Humor,Humor of lies and exaggeration,Lie: Great hunters and fishermen,,Lie: the great marksman
2089,2340,ATU 1890F Shot Causes Series of Lucky/Unlucky Accidents,X1124.3. Accidental discharge of gun kills much game.,1890F,X1124.3,Accidental discharge of gun kills much game.,X. Humor.,X900–X1899. Humor of lies and exaggeration,X1100–X1199. Lie: Great hunters and fishermen.,,X1120. Lie: the great marksman.,"X1124.3. Accidental discharge of gun kills much game. Gun kills a bird which falls on loose limb of tree, which falls on bear, etc., etc.",Humor,Humor of lies and exaggeration,Lie: Great hunters and fishermen,,Lie: the great marksman
2090,2342,ATU 1891 Catching a Rabbit,X1114.1. Two hares run into each other and are caught.,1891,X1114.1,Two hares run into each other and are caught.,X. Humor.,X900–X1899. Humor of lies and exaggeration,X1100–X1199. Lie: Great hunters and fishermen.,,X1110. The wonderful hunt.,X1114.1. Two hares run into each other and are caught.,Humor,Humor of lies and exaggeration,Lie: Great hunters and fishermen,,The wonderful hunt
2091,2343,ATU 1894 The man shoots a ramrod full of ducks,X1111. Hunter shoots ram-rod full of ducks,1894,X1111,Hunter shoots ram-rod full of ducks,X. Humor.,X900–X1899. Humor of lies and exaggeration,X1100–X1199. Lie: Great hunters and fishermen.,,X1110. The wonderful hunt.,X1111. Hunter shoots ram-rod full of ducks.,Humor,Humor of lies and exaggeration,Lie: Great hunters and fishermen,,The wonderful hunt
2092,2344,ATU 1895 A man wading in water catching many fish in his boots,X1112. Hunter catches fish in boots while wading.,1895,X1112,Hunter catches fish in boots while wading.,X. Humor.,X900–X1899. Humor of lies and exaggeration,X1100–X1199. Lie: Great hunters and fishermen.,,X1110. The wonderful hunt.,X1112. Hunter catches fish in boots while wading.,Humor,Humor of lies and exaggeration,Lie: Great hunters and fishermen,,The wonderful hunt
2093,2345,ATU 1896 Man Nails the Tail of the Wolf to the Tree,X1132.1. The nailed wolf's tail,1896,X1132.1,The nailed wolf's tail,X. Humor.,X900–X1899. Humor of lies and exaggeration,X1100–X1199. Lie: Great hunters and fishermen.,,X1130. Lie: hunter's unusual experiences.,X1132.1. The nailed wolf's tail. Wolf's tail nailed to tree. Wolf runs away and leaves his skin hanging.,Humor,Humor of lies and exaggeration,Lie: Great hunters and fishermen,,Lie: hunter's unusual experiences
2094,2346,ATU 1900 How a Man Came Out of a Tree Stump (Marsh),X1133.4. Man escapes from bee's nest on bear's tail.,1900,X1133.4,Man escapes from bee's nest on bear's tail.,X. Humor.,X900–X1899. Humor of lies and exaggeration,X1100–X1199. Lie: Great hunters and fishermen.,,X1130. Lie: hunter's unusual experiences.,X1133.4. Man escapes from bee's nest on bear's tail.,Humor,Humor of lies and exaggeration,Lie: Great hunters and fishermen,,Lie: hunter's unusual experiences
2095,2347,ATU 1910 Bear (Wolf) Harnessed,X1216.1. The wolf harnessed.,1910,X1216.1,The wolf harnessed.,X. Humor.,X900–X1899. Humor of lies and exaggeration,X1200–X1399. Lies about animals.,,X1210. Lies about mammals.,"X1216.1. The wolf harnessed. Eats the horses, is harnessed and runs in the harness.",Humor,Humor of lies and exaggeration,Lies about animals,,Lies about mammals
2096,2348,ATU 1911A Horse's New Backbone,X1721.1. New backbone for the horse made from a stick,1911A,X1721.1,New backbone for the horse made from a stick,X. Humor.,X900–X1899. Humor of lies and exaggeration,X1700–X1799. Lies: logical absurdities.,,X1720. Absurd disregard of anatomy.,X1721.1. New backbone for the horse made from a stick.,Humor,Humor of lies and exaggeration,Lies: logical absurdities,,Absurd disregard of anatomy
2097,2349,ATU 1916 The Breathing Tree,X1116. The breathing tree.,1916,X1116,The breathing tree.,X. Humor.,X900–X1899. Humor of lies and exaggeration,X1100–X1199. Lie: Great hunters and fishermen.,,X1110. The wonderful hunt.,"X1116. The breathing tree. Hunter cuts down tree packed full of animals. The tree is so full of animals that a crack in tree opens as animals inhale, closes when they exhale.",Humor,Humor of lies and exaggeration,Lie: Great hunters and fishermen,,The wonderful hunt
2098,2350,ATU 1920 Contest in lying,X905. Lying contests.,1920,X905,Lying contests.,X. Humor.,X900–X1899. Humor of lies and exaggeration,,,X900. Humor of lies and exaggeration.,X905. Lying contests.,Humor,Humor of lies and exaggeration,,,Humor of lies and exaggeration
2099,2351,"ATU 1920A ""The Sea Burns""",X908. Lie: sea has burned up,1920A,X908,Lie: sea has burned up,X. Humor.,X900–X1899. Humor of lies and exaggeration,,,X900. Humor of lies and exaggeration.,"X908. Lie: sea has burned up. (Often with answer: ""Many fried fish."")",Humor,Humor of lies and exaggeration,,,Humor of lies and exaggeration
2100,2352,"ATU 1920B ""I Have No Time to Lie""","X905.4. The liar: ""I have no time to lie today""; lies nevertheless.",1920B,X905.4,"The liar: ""I have no time to lie today""; lies nevertheless.",X. Humor.,X900–X1899. Humor of lies and exaggeration,,,X900. Humor of lies and exaggeration.,"X905.4. The liar: ""I have no time to lie today""; lies nevertheless.",Humor,Humor of lies and exaggeration,,,Humor of lies and exaggeration
2101,2353,ATU 1920D Liar Reduces the Size of His Lie,X904.1. The liar reduces the size of his lie when his brother steps on his toes to remind him of his lying habits.,1920D,X904.1,The liar reduces the size of his lie when his brother steps on his toes to remind him of his lying habits.,X. Humor.,X900–X1899. Humor of lies and exaggeration,,,X900. Humor of lies and exaggeration.,X904.1. The liar reduces the size of his lie when his brother steps on his toes to remind him of his lying habits.,Humor,Humor of lies and exaggeration,,,Humor of lies and exaggeration
2102,2354,ATU 1920D Liar Reduces the Size of His Lie,X904.2. Liar reduces the size of his yarn when challenged.,1920D,X904.2,Liar reduces the size of his yarn when challenged.,X. Humor.,X900–X1899. Humor of lies and exaggeration,,,X900. Humor of lies and exaggeration.,X904.2. Liar reduces the size of his yarn when challenged.,Humor,Humor of lies and exaggeration,,,Humor of lies and exaggeration
2103,2356,ATU 1920F* Skillful Hounds,X1215.8. Lie: intelligent dog.,1920F*,X1215.8,Lie: intelligent dog.,X. Humor.,X900–X1899. Humor of lies and exaggeration,X1200–X1399. Lies about animals.,,X1210. Lies about mammals.,X1215.8. Lie: intelligent dog.,Humor,Humor of lies and exaggeration,Lies about animals,,Lies about mammals
2104,2359,ATU 1927 The Cold May Night,X1620. Lies about cold weather.,1927,X1620,Lies about cold weather.,X. Humor.,X900–X1899. Humor of lies and exaggeration,X1600–X1699. Lies about weather and climate.,,X1620. Lies about cold weather.,X1620. Lies about cold weather.,Humor,Humor of lies and exaggeration,Lies about weather and climate,,Lies about cold weather
2105,2360,ATU 1930 Schlaraffenland,X1503. Schlaraffenland.,1930,X1503,Schlaraffenland.,X. Humor.,X900–X1899. Humor of lies and exaggeration,X1500–X1599. Lies about geography and topography.,,X1500. Lies about geography and topography.,X1503. Schlaraffenland. (Land of Cockaygne.) Land in which impossible things happen. (Cf. X1712.),Humor,Humor of lies and exaggeration,Lies about geography and topography,,Lies about geography and topography
2106,2361,ATU 1940 The Extraordinary Names,X1506. The extraordinary names.,1940,X1506,The extraordinary names.,X. Humor.,X900–X1899. Humor of lies and exaggeration,X1500–X1599. Lies about geography and topography.,,X1500. Lies about geography and topography.,X1506. The extraordinary names. A place where animals and things are designated by senseless names. (Cf. Z32.2.1.),Humor,Humor of lies and exaggeration,Lies about geography and topography,,Lies about geography and topography
2107,2362,ATU 1950 The Three Lazy Ones,W111.1. Contest in laziness,1950,W111.1,Contest in laziness,W. Traits of character.,W100–W199. Unfavorable traits of character.,,,W110. Unfavorable traits of character – personal.,W111.1. Contest in laziness. Each cites instances of his laziness.,Traits of character,Unfavorable traits of character,,,Unfavorable traits of character – personal
2108,2363,ATU 1950 The Three Lazy Ones,W111.1.3. Man will not move in bed when water drops in his eyes.,1950,W111.1.3,Man will not move in bed when water drops in his eyes.,W. Traits of character.,W100–W199. Unfavorable traits of character.,,,W110. Unfavorable traits of character – personal.,W111.1.3. Man will not move in bed when water drops in his eyes.,Traits of character,Unfavorable traits of character,,,Unfavorable traits of character – personal
2109,2364,ATU 1950 The Three Lazy Ones,W111.1.1. Man lets legs burn in fire rather than move them.,1950,W111.1.1,Man lets legs burn in fire rather than move them.,W. Traits of character.,W100–W199. Unfavorable traits of character.,,,W110. Unfavorable traits of character – personal.,W111.1.1. Man lets legs burn in fire rather than move them.,Traits of character,Unfavorable traits of character,,,Unfavorable traits of character – personal
2110,2365,ATU 1950 The Three Lazy Ones,W111.1.2. Man will not lift knife to cut rope about to hang him,1950,W111.1.2,Man will not lift knife to cut rope about to hang him,W. Traits of character.,W100–W199. Unfavorable traits of character.,,,W110. Unfavorable traits of character – personal.,W111.1.2. Man will not lift knife to cut rope about to hang him.,Traits of character,Unfavorable traits of character,,,Unfavorable traits of character – personal
2111,2366,"ATU 1951 ""Is Wood Split?""",W111.5.10. Lazy man asks if wood is split before he accepts it as a gift.,1951,W111.5.10,Lazy man asks if wood is split before he accepts it as a gift.,W. Traits of character.,W100–W199. Unfavorable traits of character.,,,W110. Unfavorable traits of character – personal.,W111.5.10. Lazy man asks if wood is split before he accepts it as a gift.,Traits of character,Unfavorable traits of character,,,Unfavorable traits of character – personal
2112,2367,ATU 1960A Great Ox,B871.1.1.1. Giant ox.,1960A,B871.1.1.1,Giant ox.,B. Animals.,B800–B899. Miscellaneous animal motifs.,,,B870. Giant animals.,B871.1.1.1. Giant ox.,Animals,Miscellaneous animal motifs,,,Giant animals
2113,2368,ATU 1960A Great Ox,B875.1. Giant serpent.,1960A,B875.1,Giant serpent.,B. Animals.,B800–B899. Miscellaneous animal motifs.,,,B870. Giant animals.,B875.1. Giant serpent.,Animals,Miscellaneous animal motifs,,,Giant animals
2114,2369,ATU 1960A Great Ox,B871.1.3. Giant sheep,1960A,B871.1.3,Giant sheep,B. Animals.,B800–B899. Miscellaneous animal motifs.,,,B870. Giant animals.,B871.1.3. Giant sheep.,Animals,Miscellaneous animal motifs,,,Giant animals
2115,2370,ATU 1960A Great Ox,B871.1.6. Giant cat,1960A,B871.1.6,Giant cat,B. Animals.,B800–B899. Miscellaneous animal motifs.,,,B870. Giant animals.,B871.1.6. Giant cat.,Animals,Miscellaneous animal motifs,,,Giant animals
2116,2371,ATU 1960B Great Fish,B874. Giant fish.,1960B,B874,Giant fish.,B. Animals.,B800–B899. Miscellaneous animal motifs.,,,B870. Giant animals.,B874. Giant fish.,Animals,Miscellaneous animal motifs,,,Giant animals
2117,2372,ATU 1960D Great Vegetable,X1401. Lie: the great vegetable.,1960D,X1401,Lie: the great vegetable.,X. Humor.,X900–X1899. Humor of lies and exaggeration,"X1400–X1499. Lies about plants, fruits, vegetables, and trees.",,"X1400. Lies about plants, fruits, vegetables, and trees.",X1401. Lie: the great vegetable.,Humor,Humor of lies and exaggeration,"Lies about plants, fruits, vegetables, and trees",,"Lies about plants, fruits, vegetables, and trees"
2118,2373,ATU 1960F Great Kettle,X1031.1.1. Lie: The great kettle.,1960F,X1031.1.1,Lie: The great kettle.,X. Humor.,X900–X1899. Humor of lies and exaggeration,X910–X1099. Lie: the remarkable man.,X1020–X1079. Remarkable man's extraordinary possessions.,X1030. Lie: remarkable buildings.,X1031.1.1. Lie: The great kettle.,Humor,Humor of lies and exaggeration,Lie: the remarkable man,Remarkable man's extraordinary possessions,Lie: remarkable buildings
2119,2374,ATU 1960G Great Tree,F54. Tree to upper world.,1960G,F54,Tree to upper world.,F. Marvels.,F0–F199. Other world journeys.,F10–F79. The upper world.,,F50. Access to upper world.,F54. Tree to upper world.,Marvels,Other world journeys,The upper world,,Access to upper world
2120,2375,ATU 1960H Great Ship,X1061.1. Remarkable size of great ship.,1960H,X1061.1,Remarkable size of great ship.,X. Humor.,X900–X1899. Humor of lies and exaggeration,X910–X1099. Lie: the remarkable man.,X1020–X1079. Remarkable man's extraordinary possessions.,X1060. Lie: other possessions of remarkable man.,X1061.1. Remarkable size of great ship.,Humor,Humor of lies and exaggeration,Lie: the remarkable man,Remarkable man's extraordinary possessions,Lie: other possessions of remarkable man
2121,2376,ATU 1960J Great Bird,B31.1. Roc.,1960J,B31.1,Roc.,B. Animals.,B0–B99. Mythical animals.,,,B30. Mythical birds.,B31.1. Roc. A giant bird which carries off men in its claws.,Animals,Mythical animals,,,Mythical birds
2122,2377,ATU 1960M Great Insects,X1280. Lies about insects.,1960M,X1280,Lies about insects.,X. Humor.,X900–X1899. Humor of lies and exaggeration,X1200–X1399. Lies about animals.,,X1280. Lies about insects.,X1280. Lies about insects.,Humor,Humor of lies and exaggeration,Lies about animals,,Lies about insects
2123,2380,ATU 1962A Great Wrestlers,F531.3.4.1. Giant eats a thousand cattle.,1962A,F531.3.4.1,Giant eats a thousand cattle.,F. Marvels.,F200–F699. Marvelous creatures.,F500–F599. Remarkable persons.,,F530. Exceptionally large or small men.,F531.3.4.1. Giant eats a thousand cattle.,Marvels,Marvelous creatures,Remarkable persons,,Exceptionally large or small men
2124,2381,ATU 1962A Great Wrestlers,F531.6.8.3.3. Giants wrestle with each other,1962A,F531.6.8.3.3,Giants wrestle with each other,F. Marvels.,F200–F699. Marvelous creatures.,F500–F599. Remarkable persons.,,F530. Exceptionally large or small men.,F531.6.8.3.3. Giants wrestle with each other.,Marvels,Marvelous creatures,Remarkable persons,,Exceptionally large or small men
2125,2382,ATU 1965 Disabled Comrades,"X1791. Lie: deaf, dumb, blind, and lame men catch hare",1965,X1791,"Lie: deaf, dumb, blind, and lame men catch hare",X. Humor.,X900–X1899. Humor of lies and exaggeration,X1700–X1799. Lies: logical absurdities.,,X1790. Other logical absurdities.,"X1791. Lie: deaf, dumb, blind, and lame men catch hare.",Humor,Humor of lies and exaggeration,Lies: logical absurdities,,Other logical absurdities
2126,2383,"ATU 2010 Ehod mi yodea (One, who knows?)",Z22. Ehod mi yodea (One; who knows?);,2010,Z22,Ehod mi yodea (One; who knows?);,Z. Miscellaneous groups of motifs.,Z0–Z99. Formulas.,Z20–Z59. Cumulative tales.,,Z20. Cumulative tales.,"Z22. Ehod mi yodea (One; who knows?); Le dodici parole della verità, Las doce palabras retorneadas. The numbers from one to twelve are brought into relation with various objects, often of religious significance.",Miscellaneous groups of motifs,Formulas,Cumulative tales,,Cumulative tales
2127,2384,ATU 2012 The Days of the Week,Z24. The forgetful man counts the days of the week.,2012,Z24,The forgetful man counts the days of the week.,Z. Miscellaneous groups of motifs.,Z0–Z99. Formulas.,Z20–Z59. Cumulative tales.,,Z20. Cumulative tales.,"Z24. The forgetful man counts the days of the week. On Monday they go to mill, etc. He thus discovers that it is Sunday.",Miscellaneous groups of motifs,Formulas,Cumulative tales,,Cumulative tales
2128,2385,ATU 2012 The Days of the Week,"Z24.1. Widower tells of his courtship, his marriage, and the death of his wife, all in a week.",2012,Z24.1,"Widower tells of his courtship, his marriage, and the death of his wife, all in a week.",Z. Miscellaneous groups of motifs.,Z0–Z99. Formulas.,Z20–Z59. Cumulative tales.,,Z20. Cumulative tales.,"Z24.1. Widower tells of his courtship, his marriage, and the death of his wife, all in a week.",Miscellaneous groups of motifs,Formulas,Cumulative tales,,Cumulative tales
2129,2386,ATU 2012 The Days of the Week,Z24.1.1. Life story in ten hours:,2012,Z24.1.1,Life story in ten hours:,Z. Miscellaneous groups of motifs.,Z0–Z99. Formulas.,Z20–Z59. Cumulative tales.,,Z20. Cumulative tales.,"Z24.1.1. Life story in ten hours: ""At one I was born .... at ten my child's soul was crowned in heaven.""",Miscellaneous groups of motifs,Formulas,Cumulative tales,,Cumulative tales
2130,2387,"ATU 2013 ""There was once a woman, the woman had a son.""",Z17. Rounds.,2013,Z17,Rounds.,Z. Miscellaneous groups of motifs.,Z0–Z99. Formulas.,,,Z10. Formulistic framework for tales.,Z17. Rounds. Stories which begin over and over again and repeat.,Miscellaneous groups of motifs,Formulas,,,Formulistic framework for tales
2131,2388,"ATU 2013 ""There was once a woman, the woman had a son.""",Z49.4. There was once a woman; the woman had a son; the son had red breeches; etc.,2013,Z49.4,There was once a woman; the woman had a son; the son had red breeches; etc.,Z. Miscellaneous groups of motifs.,Z0–Z99. Formulas.,Z20–Z59. Cumulative tales.,,Z40. Chains with interdependent members.,"Z49.4. There was once a woman; the woman had a son; the son had red breeches; etc. – At last: ""Shall I tell it again?""",Miscellaneous groups of motifs,Formulas,Cumulative tales,,Chains with interdependent members
2132,2389,ATU 2014 Chains Involving Contradictions or Extremes,Z51. Chains involving contradictions or extremes,2014,Z51,Chains involving contradictions or extremes,Z. Miscellaneous groups of motifs.,Z0–Z99. Formulas.,Z20–Z59. Cumulative tales.,,Z50. Cumulative tales – miscellaneous.,Z51. Chains involving contradictions or extremes.,Miscellaneous groups of motifs,Formulas,Cumulative tales,,Cumulative tales – miscellaneous
2133,2390,ATU 2014 Chains Involving Contradictions or Extremes,Z51.1. The house is burned down.,2014,Z51.1,The house is burned down.,Z. Miscellaneous groups of motifs.,Z0–Z99. Formulas.,Z20–Z59. Cumulative tales.,,Z50. Cumulative tales – miscellaneous.,"Z51.1. The house is burned down. – That is too bad. – That is not bad at all, my wife burned it down. – That is good. – That is not good, etc.",Miscellaneous groups of motifs,Formulas,Cumulative tales,,Cumulative tales – miscellaneous
2134,2392,ATU 2015 The goat that would not go home,Z39.1. The goat who would not go home.,2015,Z39.1,The goat who would not go home.,Z. Miscellaneous groups of motifs.,Z0–Z99. Formulas.,Z20–Z59. Cumulative tales.,,Z30. Chains involving a single scene or event without interdependence among the individual actors.,Z39.1. The goat who would not go home. One animal after another tries in vain to persuade the goat to go home. Finally a wolf (bee) bites him and drives him home.,Miscellaneous groups of motifs,Formulas,Cumulative tales,,Chains involving a single scene or event without interdependence among the individual actors
2135,2393,ATU 2016 Wee Wee Woman,"Z39.2. There was a wee wee woman who had a wee wee cow, etc",2016,Z39.2,"There was a wee wee woman who had a wee wee cow, etc",Z. Miscellaneous groups of motifs.,Z0–Z99. Formulas.,Z20–Z59. Cumulative tales.,,Z30. Chains involving a single scene or event without interdependence among the individual actors.,"Z39.2. There was a wee wee woman who had a wee wee cow, etc.",Miscellaneous groups of motifs,Formulas,Cumulative tales,,Chains involving a single scene or event without interdependence among the individual actors
2136,2394,ATU 2019 Pif-Paf-Poltrie,Z31.1. Pif Paf Poltrie.,2019,Z31.1,Pif Paf Poltrie.,Z. Miscellaneous groups of motifs.,Z0–Z99. Formulas.,Z20–Z59. Cumulative tales.,,Z30. Chains involving a single scene or event without interdependence among the individual actors.,Z31.1. Pif Paf Poltrie. The suitor sent from one relation to the other for consent to the wedding.,Miscellaneous groups of motifs,Formulas,Cumulative tales,,Chains involving a single scene or event without interdependence among the individual actors
2137,2395,ATU 2021 The Rooster and the Hen,Z32.1.1. The death of the cock,2021,Z32.1.1,The death of the cock,Z. Miscellaneous groups of motifs.,Z0–Z99. Formulas.,Z20–Z59. Cumulative tales.,,Z30. Chains involving a single scene or event without interdependence among the individual actors.,"Z32.1.1. The death of the cock. (Der Tod des Hühnchens.) The cock chokes and the hen seeks aid of objects and persons (stream, tree, pig, miller, baker, etc.).",Miscellaneous groups of motifs,Formulas,Cumulative tales,,Chains involving a single scene or event without interdependence among the individual actors
2138,2396,ATU 2021 The Rooster and the Hen,Z32.1. The funeral procession of the hen.,2021,Z32.1,The funeral procession of the hen.,Z. Miscellaneous groups of motifs.,Z0–Z99. Formulas.,Z20–Z59. Cumulative tales.,,Z30. Chains involving a single scene or event without interdependence among the individual actors.,Z32.1. The funeral procession of the hen. Animals one by one join the procession. The funeral carriage breaks down or the procession drowns.,Miscellaneous groups of motifs,Formulas,Cumulative tales,,Chains involving a single scene or event without interdependence among the individual actors
2139,2397,ATU 2021B Rooster Strikes out the Hen's Eye with a Nut,Z43.2. The cock strikes out the hen's eye with a nut.,2021B,Z43.2,The cock strikes out the hen's eye with a nut.,Z. Miscellaneous groups of motifs.,Z0–Z99. Formulas.,Z20–Z59. Cumulative tales.,,Z40. Chains with interdependent members.,"Z43.2. The cock strikes out the hen's eye with a nut. The cock blames the hazel bush for tearing its knickers, the hazel bush the goat for gnawing at it, the goat the shepherd-boy for not tending it, the boy his mistress for not baking him a bun, the mistress the pig for eating up the dough, the pig the wolf for killing its young.",Miscellaneous groups of motifs,Formulas,Cumulative tales,,Chains with interdependent members
2140,2398,ATU 2022 Death of the Little Hen,Z32.2. The death of the little hen.,2022,Z32.2,The death of the little hen.,Z. Miscellaneous groups of motifs.,Z0–Z99. Formulas.,Z20–Z59. Cumulative tales.,,Z30. Chains involving a single scene or event without interdependence among the individual actors.,"Z32.2. The death of the little hen. She is characteristically mourned by objects and animals; e.g., flea, door, broom, cart, ashes, tree, girl.",Miscellaneous groups of motifs,Formulas,Cumulative tales,,Chains involving a single scene or event without interdependence among the individual actors
2141,2399,ATU 2022 Death of the Little Hen,Z32.2.1. The death of the little hen described with unusual words.,2022,Z32.2.1,The death of the little hen described with unusual words.,Z. Miscellaneous groups of motifs.,Z0–Z99. Formulas.,Z20–Z59. Cumulative tales.,,Z30. Chains involving a single scene or event without interdependence among the individual actors.,Z32.2.1. The death of the little hen described with unusual words. Each act of mourning described by a neologism: the table untables itself. (Cf. X1506.),Miscellaneous groups of motifs,Formulas,Cumulative tales,,Chains involving a single scene or event without interdependence among the individual actors
2142,2400,ATU 2023 Little Ant Marries,"Z32.3. Little ant finds a penny, buys new clothes with it, and sits in her doorway",2023,Z32.3,"Little ant finds a penny, buys new clothes with it, and sits in her doorway",Z. Miscellaneous groups of motifs.,Z0–Z99. Formulas.,Z20–Z59. Cumulative tales.,,Z30. Chains involving a single scene or event without interdependence among the individual actors.,"Z32.3. Little ant finds a penny, buys new clothes with it, and sits in her doorway. Various animals pass by and propose marriage. She asks what they do at night. Each one replies with its characteristic sound, and none pleases her but the quiet little mouse, whom she marries. She leaves him to tend the stew, and he falls in and drowns. She weeps and, on learning the reason, bird cuts off its beak, dove cuts off its tail, etc.",Miscellaneous groups of motifs,Formulas,Cumulative tales,,Chains involving a single scene or event without interdependence among the individual actors
2143,2401,ATU 2025 The Fleeing Pancake,Z33.1. The fleeing pancake.,2025,Z33.1,The fleeing pancake.,Z. Miscellaneous groups of motifs.,Z0–Z99. Formulas.,Z20–Z59. Cumulative tales.,,Z30. Chains involving a single scene or event without interdependence among the individual actors.,"Z33.1. The fleeing pancake. A woman makes a pancake, which flees. Various animals try in vain to stop it. Finally the fox eats it up.",Miscellaneous groups of motifs,Formulas,Cumulative tales,,Chains involving a single scene or event without interdependence among the individual actors
2144,2402,ATU 2028 Devouring Animal That Was Cut Open,Z33.2. The fat cat.,2028,Z33.2,The fat cat.,Z. Miscellaneous groups of motifs.,Z0–Z99. Formulas.,Z20–Z59. Cumulative tales.,,Z30. Chains involving a single scene or event without interdependence among the individual actors.,"Z33.2. The fat cat. While the mistress is away, the cat eats the porridge, the bowl, and the ladle. When the mistress returns she says, ""How fat you are!"" The cat: ""I ate the porridge, the bowl, and the ladle, and I will eat you."" The cat meets other animals and eats them after the same conversation. Finally eats too many.",Miscellaneous groups of motifs,Formulas,Cumulative tales,,Chains involving a single scene or event without interdependence among the individual actors
2145,2403,ATU 2028 Devouring Animal That Was Cut Open,Z33.3. Woman meets a pig.,2028,Z33.3,Woman meets a pig.,Z. Miscellaneous groups of motifs.,Z0–Z99. Formulas.,Z20–Z59. Cumulative tales.,,Z30. Chains involving a single scene or event without interdependence among the individual actors.,"Z33.3. Woman meets a pig. ""Good morning."" ""Why are you up so early?"" ""I am not up so early. I have drunk seven vats of milk and eaten seven plates of porridge and I shall eat you."" She ate the pig.",Miscellaneous groups of motifs,Formulas,Cumulative tales,,Chains involving a single scene or event without interdependence among the individual actors
2146,2404,ATU 2028 Devouring Animal That Was Cut Open,Z33.4. The fat troll (wolf).,2028,Z33.4,The fat troll (wolf).,Z. Miscellaneous groups of motifs.,Z0–Z99. Formulas.,Z20–Z59. Cumulative tales.,,Z30. Chains involving a single scene or event without interdependence among the individual actors.,"Z33.4. The fat troll (wolf). A troll eats the watcher's five horses and finally the watcher himself. The master goes to investigate. The troll: ""I ate the five horses, I ate the watcher, and I will eat you."" Does so. Likewise the wife, servant, daughter, son, and dog. The cat scratches the troll open and rescues all.",Miscellaneous groups of motifs,Formulas,Cumulative tales,,Chains involving a single scene or event without interdependence among the individual actors
2147,2405,2030 The Old Woman and Her Pig,Z41. The old woman and her pig.,2030,Z41,The old woman and her pig.,Z. Miscellaneous groups of motifs.,Z0–Z99. Formulas.,Z20–Z59. Cumulative tales.,,Z40. Chains with interdependent members.,Z41. The old woman and her pig. Her pig will not jump over the stile so that she can go home. She appeals in vain for help until the cow gives her milk. The final formula is: cow give milk for cat; cat kill rat; rat gnaw rope; rope hang butcher; butcher kill ox; ox drink water; water quench fire; fire burn stick; stick beat dog; dog bite pig; pig jump over stile. (Various introductions.),Miscellaneous groups of motifs,Formulas,Cumulative tales,,Chains with interdependent members
2148,2407,2031 Stronger and Strongest,Z42. Stronger and Strongest.,2031,Z42,Stronger and Strongest.,Z. Miscellaneous groups of motifs.,Z0–Z99. Formulas.,Z20–Z59. Cumulative tales.,,Z40. Chains with interdependent members.,"Z42. Stronger and Strongest. The frost-bitten foot. Mouse perforates wall, wall resists wind, wind dissolves cloud, cloud covers sun, sun thaws frost, frost breaks foot.",Miscellaneous groups of motifs,Formulas,Cumulative tales,,Chains with interdependent members
2149,2408,2031C Mightiest Being as Husband for the Daughter,"L392. Mouse stronger than wall, wind, mountain.",2031C,L392,"Mouse stronger than wall, wind, mountain.",L. Reversal of fortune.,L300–L399. Triumph of the weak.,,,L390. Triumph of the weak – miscellaneous.,"L392. Mouse stronger than wall, wind, mountain.",Reversal of fortune,Triumph of the weak,,,Triumph of the weak – miscellaneous
2150,2409,2032 Healing of the Injured Animal,Z43. The cock's whiskers.,2032,Z43,The cock's whiskers.,Z. Miscellaneous groups of motifs.,Z0–Z99. Formulas.,Z20–Z59. Cumulative tales.,,Z40. Chains with interdependent members.,"Z43. The cock's whiskers. A mouse throws a nut down and hits the cock on the head. He also steals the cock's whiskers. The cock goes to get an old woman to cure him. The final formula is: Fountain give up water for forest, forest give up wood for baker, baker give up bread for dog, dog give up hairs to cure the cock. (Variant: mouse loses tail.)",Miscellaneous groups of motifs,Formulas,Cumulative tales,,Chains with interdependent members
2151,2410,20C Animals Flee in Fear of the End of the World,Z43.3. Nut hits cock in head: he thinks world is coming to an end.,20C,Z43.3,Nut hits cock in head: he thinks world is coming to an end.,Z. Miscellaneous groups of motifs.,Z0–Z99. Formulas.,Z20–Z59. Cumulative tales.,,Z40. Chains with interdependent members.,"Z43.3. Nut hits cock in head: he thinks world is coming to an end. He sends the hen to tell the duck, the duck to tell the goose, etc. Final formula: – Fox, who told you? – Hare. – Hare, who told you? – Goose. – etc. For sequel see Type 20C. Sometimes the animals have queer names (cf. Z53).",Miscellaneous groups of motifs,Formulas,Cumulative tales,,Chains with interdependent members
2152,2411,2034 The Mouse Regains its Tail,Z41.4. The mouse regains its tail.,2034,Z41.4,The mouse regains its tail.,Z. Miscellaneous groups of motifs.,Z0–Z99. Formulas.,Z20–Z59. Cumulative tales.,,Z40. Chains with interdependent members.,"Z41.4. The mouse regains its tail. The cat bites off the mouse's tail and will return it in exchange for milk. The mouse goes to the cow for milk, the farmer for hay, the butcher for meat, the baker for bread. Other persons mentioned are the locksmith and the miner.",Miscellaneous groups of motifs,Formulas,Cumulative tales,,Chains with interdependent members
2153,2412,2035 The House That Jack Built,Z44. The house that Jack built.,2035,Z44,The house that Jack built.,Z. Miscellaneous groups of motifs.,Z0–Z99. Formulas.,Z20–Z59. Cumulative tales.,,Z40. Chains with interdependent members.,"Z44. The house that Jack built. Final formula: This is the farmer that sowed the corn that fed the cock that crowed in the morn, that waked the priest all shaven and shorn, that married the man all tattered and torn, that kissed the maiden all forlorn, that milked the cow with a crumpled horn, that tossed the dog, that worried the cat, that caught the rat, that ate the malt that lay in the house that Jack built.",Miscellaneous groups of motifs,Formulas,Cumulative tales,,Chains with interdependent members
2154,2413,2039 The Horseshoe Nail,Z45. The Horseshoe Nail.,2039,Z45,The Horseshoe Nail.,Z. Miscellaneous groups of motifs.,Z0–Z99. Formulas.,Z20–Z59. Cumulative tales.,,Z40. Chains with interdependent members.,"Z45. The Horseshoe Nail. For want of a nail the shoe was lost, for want of a shoe the horse was lost, for the want of a horse the rider was lost .... and all for the want of a horseshoe nail.",Miscellaneous groups of motifs,Formulas,Cumulative tales,,Chains with interdependent members
2155,2414,2040 The Climax of Horrors,Z46. The climax of horrors.,2040,Z46,The climax of horrors.,Z. Miscellaneous groups of motifs.,Z0–Z99. Formulas.,Z20–Z59. Cumulative tales.,,Z40. Chains with interdependent members.,Z46. The climax of horrors. The magpie is dead? – Overate on horseflesh. – Horses dead? – Overworked at fire. – House burned down? – etc.,Miscellaneous groups of motifs,Formulas,Cumulative tales,,Chains with interdependent members
2156,2415,2044 Pulling up the turnip,Z49.9. Pulling up the turnip.,2044,Z49.9,Pulling up the turnip.,Z. Miscellaneous groups of motifs.,Z0–Z99. Formulas.,Z20–Z59. Cumulative tales.,,Z40. Chains with interdependent members.,"Z49.9. Pulling up the turnip. Final formula: The mouse holds onto the cat, the cat holds onto Mary, Mary holds onto Annie, Annie holds onto grandmother, grandmother holds onto grandfather, grandfather holds onto the turnip – they all pull and pull it out.",Miscellaneous groups of motifs,Formulas,Cumulative tales,,Chains with interdependent members
2157,2417,2202 Teller is Killed in His Own Tale,Z13.2. Catch tale: teller is killed in his own story.,2202,Z13.2,Catch tale: teller is killed in his own story.,Z. Miscellaneous groups of motifs.,Z0–Z99. Formulas.,,,Z10. Formulistic framework for tales.,Z13.2. Catch tale: teller is killed in his own story.,Miscellaneous groups of motifs,Formulas,,,Formulistic framework for tales
2158,2422,2300 Endless Tales,Z11. Endless tales.,2300,Z11,Endless tales.,Z. Miscellaneous groups of motifs.,Z0–Z99. Formulas.,,,Z10. Formulistic framework for tales.,"Z11. Endless tales. Hundreds of sheep to be carried over stream one at a time, etc. The wording of the tale so arranged as to continue indefinitely.",Miscellaneous groups of motifs,Formulas,,,Formulistic framework for tales
2159,2423,"2013 ""There was once a woman, the woman had a son.""",Z17. Rounds.,2013,Z17,Rounds.,Z. Miscellaneous groups of motifs.,Z0–Z99. Formulas.,,,Z10. Formulistic framework for tales.,Z17. Rounds. Stories which begin over and over again and repeat.,Miscellaneous groups of motifs,Formulas,,,Formulistic framework for tales
2160,2424,2335 Tales Filled With Contradictions,Z19.2. Tales filled with contradictions,2335,Z19.2,Tales filled with contradictions,Z. Miscellaneous groups of motifs.,Z0–Z99. Formulas.,,,Z10. Formulistic framework for tales.,Z19.2. Tales filled with contradictions.,Miscellaneous groups of motifs,Formulas,,,Formulistic framework for tales
